ID,year,x1,x2,x3,x4,x5,x6,y
2021_0001,2021,-1.687795498371866,-0.7333943346780494,-1.5408976902627973,-2.2408408032472256,-0.84342789384335,-0.02366099499363783,0
2021_0002,2021,0.524183305266776,-0.7333943346780494,1.3448317094770466,1.951347088752486,1.5472697479274313,-0.2091898301117628,1
2021_0003,2021,-1.7977636283468732,-0.7333943346780494,-0.4067806192958898,0.749420216983684,-0.9889479100408128,0.7917481922016691,0
2021_0004,2021,1.0574734304767421,-0.7333943346780494,1.7684837373405986,-0.5740083260226431,-0.5824375484803342,2.282597035486309,1
2021_0005,2021,-1.3409648947913286,-0.7333943346780494,-1.089741138729329,-3.1214582705964453,-0.25949217394476276,-1.644590623903561,0
2021_0006,2021,-2.080697736601773,-0.7333943346780494,-0.4713832784454166,-0.6722216223472424,-1.5685552486660568,2.5741850303184006,0
2021_0007,2021,-0.773085253033059,-0.7333943346780494,1.7456286069234204,1.7224244092998218,-0.4580487505480328,0.06692484088097397,1
2021_0008,2021,-1.8109290008790382,-0.7333943346780494,-0.7994308614331502,0.9912619698002022,-1.7711311674354684,0.6478086821725799,0
2021_0009,2021,-0.8901743337131102,-0.7333943346780494,-1.1426581132642961,-1.47082726436125,-0.5308342396109251,-1.1148321576237166,0
2021_0010,2021,-1.1137416937465077,-0.7333943346780494,-2.44529494823113,1.1519791046629653,-0.8916928629401076,1.2968715702263205,0
2021_0011,2021,2.449554469825827,-0.7333943346780494,1.5991741567799889,-1.6279323958167011,-1.2260488781892052,0.34147253635172414,1
2021_0012,2021,0.7054865439637885,-0.7333943346780494,-0.9578263008588491,-0.9680506138292876,-1.1644731459000361,0.238532588811713,0
2021_0013,2021,-0.49066622854153175,-0.7333943346780494,-1.4136158523507074,-1.0172106692157472,0.3107696637260263,-1.6373851149029537,0
2021_0014,2021,0.13252064240822592,-0.7333943346780494,0.27776636359166007,0.552337024924303,-1.22873088738671,0.3737968138474274,0
2021_0015,2021,-0.48322570773688,-0.7333943346780494,-2.4278336329133157,0.69830246593978,-0.9572027257562129,1.145828323816574,0
2021_0016,2021,0.45989925592738357,-0.7333943346780494,0.6440363153648863,0.3542236554333953,0.1908418654607951,0.06372136451681129,0
2021_0017,2021,3.1008536342912674,-0.7333943346780494,0.9777267213655344,-0.7505500487458946,1.5557147952943091,1.4741993456441507,1
2021_0018,2021,-0.2988348292210732,-0.7333943346780494,-0.6824818214971016,0.2626190317989219,0.17066353326912553,1.4328951718913625,0
2021_0019,2021,-0.5436198535754146,-0.7333943346780494,-1.3950441145302708,-0.09095803140650816,-3.433925929551018,-0.3410953827408479,0
2021_0020,2021,1.0447678280626325,-0.7333943346780494,-0.6670729125233301,-1.071234385279591,2.4468468865200053,1.8951138587973928,1
2021_0021,2021,1.2086627190360901,-0.7333943346780494,0.8603901015342204,-1.467013828801687,1.4045804136565327,0.34529496432508233,1
2021_0022,2021,-1.587837331350262,-0.7333943346780494,-0.6652550931072074,0.43798929002077613,1.5384025933229424,0.34974525078783064,0
2021_0023,2021,-0.6287483891049442,-0.7333943346780494,-0.3237745535974059,-0.7800993009792445,-1.5432097292355698,0.39898122260273106,0
2021_0024,2021,-1.9703480373593485,-0.7333943346780494,-1.1980331984389014,-1.8851820924548752,-2.475278075366465,0.3693157509411259,0
2021_0025,2021,1.0588937902200901,-0.7333943346780494,-1.1925398412044181,0.39182807129123143,0.8068575338889176,-2.3301333566585085,1
2021_0026,2021,-3.6051698851783,-0.7333943346780494,-2.5416613445826255,-0.23595891888679732,-1.061603713269303,0.11449360181027923,0
2021_0027,2021,0.4730898947725095,-0.7333943346780494,1.052019623763294,-0.682851126667547,-0.17901921556591982,-1.0639464716624543,0
2021_0028,2021,-1.4704745825863184,-0.7333943346780494,-2.0925359837721156,-2.1519861531260864,0.221181927357038,1.9263357022156766,0
2021_0029,2021,-0.7944195626634232,-0.7333943346780494,0.42704945823920837,1.28555690356411,-0.8829294376355223,1.8860829917212003,0
2021_0030,2021,0.20778669471140243,-0.7333943346780494,-1.9340867374175956,0.4042179689878921,-1.0286726435220896,1.1519383324555879,0
2021_0031,2021,-0.9497065625588201,-0.7333943346780494,-1.1824559097278675,-0.9353774516734672,-0.30341617145967914,0.06153256266111154,0
2021_0032,2021,2.6943437020934313,-0.7333943346780494,1.625208259599904,0.30490534409771236,0.5564877675921271,-0.7080149366036985,1
2021_0033,2021,0.008262187848633085,-0.7333943346780494,0.1798055534191263,0.959487394713176,0.4770170041480519,-0.3575810012756048,1
2021_0034,2021,3.647376589597702,-0.7333943346780494,2.592215135759054,-0.5296213957403316,1.7852781917415217,2.242641906426033,1
2021_0035,2021,2.337110198488766,-0.7333943346780494,1.075728358068411,0.9226764365369686,1.996788964058394,-0.39219738651996044,1
2021_0036,2021,-1.040797507513359,-0.7333943346780494,-0.5391491537003301,-1.9307324368607657,0.22976793166993906,-2.055595354386064,0
2021_0037,2021,2.6750793326254456,-0.7333943346780494,0.7323929919808743,0.529465783154834,0.6401817729107507,1.3301655084853936,1
2021_0038,2021,0.08136511401062796,-0.7333943346780494,1.6587202870170907,-0.5685714998568588,-1.232799538365524,1.8005031136178935,1
2021_0039,2021,0.9613851212305062,-0.7333943346780494,2.5787927398498622,-0.5180839823267146,0.6592042179267942,1.9592156871665223,1
2021_0040,2021,2.6942503964023796,-0.7333943346780494,0.8687140623767856,2.24572261361821,0.0799189879568037,1.3383480042493285,1
2021_0041,2021,-3.1170601808949647,-0.7333943346780494,0.7297127907492362,-0.5407741057154458,-0.9232387680600587,1.5015196772347812,0
2021_0042,2021,-0.6895422250411951,-0.7333943346780494,-1.6115958083791178,-0.39259351459883235,-1.4375363480817285,0.3529340740535418,0
2021_0043,2021,-0.7178238401548461,-0.7333943346780494,-0.23590396064829,-2.611379861081323,-0.819702862692322,-1.7762956234916631,0
2021_0044,2021,0.7192258168221626,-0.7333943346780494,-0.5108856637569501,-1.197001758521048,-1.7873118477699863,0.3278810415000136,0
2021_0045,2021,-2.8329554197222366,-0.7333943346780494,-2.0685820726823696,-0.13878788129565278,-2.01668156488246,0.9215727724194169,0
2021_0046,2021,0.35963105703163323,-0.7333943346780494,-0.7861902953626683,-0.405863734052495,0.36155690844234756,0.16472994343374964,0
2021_0047,2021,-1.8094707431489028,-0.7333943346780494,-0.9926340621496272,-2.7540298213537056,-1.7211747326992708,0.11916388126038491,0
2021_0048,2021,0.8029905400881452,-0.7333943346780494,0.14680782372315493,0.8071379166570811,0.8003150439935359,-0.6641180390183223,1
2021_0049,2021,0.027995613040206813,-0.7333943346780494,1.3580024341941264,0.9665588035496893,1.7067891042726937,-0.7017387432720259,1
2021_0050,2021,0.16214796253307484,-0.7333943346780494,1.1462895461085176,1.8837619981986995,1.668588919918094,2.13814851476607,1
2021_0051,2021,-0.8464776525460775,-0.7333943346780494,-1.0725869473072167,-1.255231118938343,-0.04489420533041631,2.174346369880142,0
2021_0052,2021,0.1376680852186445,-0.7333943346780494,0.9314225309413151,-1.6420687201356707,1.0877231887764587,0.29735286875389644,1
2021_0053,2021,1.9902843336529155,-0.7333943346780494,0.9099897410763806,-0.3967707518051554,1.4878031431100074,0.5815236050929269,1
2021_0054,2021,0.5870339530302465,-0.7333943346780494,0.6323003787536725,-0.49706503886855724,2.1044337259758468,-0.6808580570370188,1
2021_0055,2021,0.03696619415135238,-0.7333943346780494,1.1398340950149817,1.3367088777799743,1.2037714642956048,0.942574849939454,1
2021_0056,2021,-1.7778091463598944,-0.7333943346780494,-1.6439142123637804,-3.316736588395318,-2.5453422294734747,2.0596491716141996,0
2021_0057,2021,-0.9132928082436942,-0.7333943346780494,1.6568094914699993,-1.048356460072622,-1.302106545842592,-1.2292307799446933,0
2021_0058,2021,0.9726467380689806,-0.7333943346780494,-0.4093332454653158,2.0257954735772548,1.4615515681359834,0.7638832997023938,1
2021_0059,2021,1.2842101183327983,-0.7333943346780494,0.415263922765541,0.6072124628336348,0.20425886297606602,0.8390222426450402,1
2021_0060,2021,-0.553792538163916,-0.7333943346780494,-1.5057421045769406,0.2963168161764239,0.7391008324857117,0.8276065148892575,0
2021_0061,2021,-0.16757854838305142,-0.7333943346780494,1.0404934143245375,-2.241798333551088,-0.86002083675811,1.9428176678484692,0
2021_0062,2021,-1.560095308589431,-0.7333943346780494,-2.3201346499774993,-2.2019895132063225,-0.7190136672085355,2.3360182121711524,0
2021_0063,2021,-2.2942220155761586,-0.7333943346780494,-0.5740777020138902,0.8372424578452343,0.26850698895664876,0.06651632212733763,0
2021_0064,2021,1.3260944789225162,-0.7333943346780494,1.24839406504654,0.7012153657572532,0.626292597556172,0.9731736721563577,1
2021_0065,2021,1.7206495861040718,-0.7333943346780494,1.333602304674548,0.7032743622091441,0.9674631839417768,0.38423370572605936,1
2021_0066,2021,-2.7107253059719505,-0.7333943346780494,0.23634316261094024,-1.7181528281069967,0.05416730979915664,-0.3321152929396958,0
2021_0067,2021,-2.140608297007585,-0.7333943346780494,0.2158293597470884,-0.4992182710497685,-2.198657085042002,0.5708141568810146,0
2021_0068,2021,-1.9691868959629408,-0.7333943346780494,-1.4509568265201174,-1.7459375683400964,-1.0710332542681722,0.9714995285002479,0
2021_0069,2021,-1.4578221887203766,-0.7333943346780494,-0.8059825505060091,0.5868704489056501,-0.012304369389835913,0.5169286854169857,0
2021_0070,2021,0.4889660963732142,-0.7333943346780494,-0.864102032152144,3.3278307098681714,0.8623201409254644,-0.5811812094861175,1
2021_0071,2021,1.9570407250968995,-0.7333943346780494,1.099093008521929,1.0839410536653293,2.193967121473606,-0.16356063985567754,1
2021_0072,2021,-0.3551332014584174,-0.7333943346780494,0.20601057216808094,-0.034946385461543716,-0.6971271902775724,-0.15590742017465742,1
2021_0073,2021,-2.8297186971944246,-0.7333943346780494,-1.1863824259605165,-3.1336583304946584,-2.4055016795488267,-0.5424439549307043,0
2021_0074,2021,0.9161111884885376,-0.7333943346780494,-0.6853718648166949,-1.084464114542341,1.531202190791582,0.6135395816056688,1
2021_0075,2021,1.0743471958601434,-0.7333943346780494,1.4048722867190753,2.154861831027136,1.6225168541861361,0.7181120962930776,1
2021_0076,2021,-2.704643872858104,-0.7333943346780494,-2.696568695575608,-1.629191843271073,-0.9835875064902417,1.2795176008871962,0
2021_0077,2021,0.6432511573524352,-0.7333943346780494,1.1482846067915864,0.2291651183134878,1.1803746800434383,-0.5576223481606313,1
2021_0078,2021,0.8489561825809107,-0.7333943346780494,-0.22650559302254947,1.2553259745791783,1.5079466287498364,-0.2774786862287933,1
2021_0079,2021,0.8567020529778544,-0.7333943346780494,0.15035896486411537,2.0822897993617926,0.02682995444084088,1.854569451931238,1
2021_0080,2021,-1.0981185167107086,-0.7333943346780494,0.15473210254516268,-0.799586921163838,-1.4715059562968342,0.1355041359270798,0
2021_0081,2021,-1.911578884423562,-0.7333943346780494,-0.412082054086378,-1.0046668696660346,-0.6197601297612952,0.33013102925163396,0
2021_0082,2021,0.22783630000827348,-0.7333943346780494,0.14920313767054294,-0.5283789714893162,0.05888451189903408,0.12489627860435065,0
2021_0083,2021,-0.7617953602664278,-0.7333943346780494,0.5597271325012902,-1.2276378166392172,-1.9076590800400857,1.4330308187216436,0
2021_0084,2021,-2.057113520641322,-0.7333943346780494,-1.7728387071397649,-1.173819203292955,-0.9880502503382684,1.4718086807150292,0
2021_0085,2021,1.344511493367573,-0.7333943346780494,2.498971662440872,1.0118801175338736,0.5679751998807833,1.413208100588848,1
2021_0086,2021,-1.125984681394395,-0.7333943346780494,-2.4655056561789017,-0.4147084821655136,-0.40293885020937403,0.32656761135754786,0
2021_0087,2021,-0.035278525502218994,-0.7333943346780494,-0.2538996654550968,1.5316053065585837,-0.8082634515083926,-0.5724359774890018,0
2021_0088,2021,0.6496175710836489,-0.7333943346780494,0.5066622854000284,1.0388488166354295,0.2814105953872836,2.2252130777592543,1
2021_0089,2021,2.0173386977205734,-0.7333943346780494,0.06969985736068363,1.7511455480938278,1.9861374917195356,1.1563089769555173,1
2021_0090,2021,-1.2081455242175223,-0.7333943346780494,-0.38553013269555747,-1.671285176723131,-1.312294607539779,-0.15665898139238965,0
2021_0091,2021,2.741566516448766,-0.7333943346780494,1.944951525169213,1.125157290030271,0.5225084551296191,1.7238188469444111,1
2021_0092,2021,0.040891452639407966,-0.7333943346780494,-0.08473161335345525,-1.322981346601059,-2.3119227541236427,-0.23560891525909494,0
2021_0093,2021,-1.0530206954073997,-0.7333943346780494,-0.785140111105208,-0.2045467367034421,-1.4779445830036004,1.7107034031886563,0
2021_0094,2021,0.9877173789839395,-0.7333943346780494,1.131957301329239,1.288514598114841,1.2902722725220976,1.7782845893844914,1
2021_0095,2021,-0.7433940903205443,-0.7333943346780494,-0.4731334143000975,-0.5501311559985261,-0.4954281414628831,-0.6214827716810558,0
2021_0096,2021,-1.430450027127166,-0.7333943346780494,-0.6962359244828089,1.8073257214747929,-0.23045885943752623,0.8817583030209608,0
2021_0097,2021,0.430307105978335,-0.7333943346780494,-0.4586441604140197,0.8279797691084526,-0.27656682835161317,1.0821907039613288,0
2021_0098,2021,1.328470078177012,-0.7333943346780494,1.2039994611107143,1.7772453328290965,2.7833283344803967,2.9149091995863317,1
2021_0099,2021,-1.6556426325128373,-0.7333943346780494,-0.1572161754936362,0.16428619237001363,-1.5104658860745646,-0.4423011176338571,0
2021_0100,2021,0.7903849139260744,-0.7333943346780494,-0.6272078065504278,2.3633608177300442,-0.7384525562630491,1.7325432769938292,1
2021_0101,2021,-2.4630355851987074,-0.7333943346780494,-1.1312734750863862,-2.036969297469216,-1.7980253462679479,0.31734601803355417,0
2021_0102,2021,1.8065591280933229,-0.7333943346780494,-0.3838464938455861,1.9702831179905762,0.13153075595998817,-0.9413641835805693,1
2021_0103,2021,-2.0700112026395026,-0.7333943346780494,-0.7232979823951153,-1.5912443119995228,-1.7256105897860654,0.1800128301657128,0
2021_0104,2021,-0.15185174781225297,-0.7333943346780494,0.6419301758536977,-1.1643391190667296,-0.7110221947373886,0.3024647610997071,0
2021_0105,2021,-0.04293505400157316,-0.7333943346780494,0.5259152180530315,1.161392444061668,1.9900221602791703,-0.7588901931152889,1
2021_0106,2021,1.3772414489732503,-0.7333943346780494,1.1272520302972153,1.8332201655107236,2.262676119321419,0.6121736188515294,1
2021_0107,2021,-0.09977624150254649,-0.7333943346780494,-0.24351328507836112,-1.753576631681962,-0.32090692324572584,1.2578092554985818,0
2021_0108,2021,-3.4022470646236362,-0.7333943346780494,-3.0677229317665247,-1.112544877677731,1.2342086046813148,0.5382006540620125,0
2021_0109,2021,0.7682655437921859,-0.7333943346780494,-1.5221104821441878,-0.5024679274986895,-1.1385544037380981,-0.24184408937987661,0
2021_0110,2021,-1.6752851971981095,-0.7333943346780494,-0.6354843407271498,-0.7863660046957139,-2.3508930899023053,0.151527931593034,0
2021_0111,2021,1.3910953821621392,-0.7333943346780494,-1.896994725657275,1.4540320612351874,1.800519164493761,0.29545664320654885,1
2021_0112,2021,-0.6785507744836562,-0.7333943346780494,-1.9768084930749712,2.83592761598452,-2.5466646721616097,0.5173216274810486,0
2021_0113,2021,1.9761290561155536,-0.7333943346780494,2.1008579733812893,1.0193207085258797,0.08274712843518597,1.4098307622400312,1
2021_0114,2021,-0.9761160617403178,-0.7333943346780494,0.002996900450724871,-1.335196438162316,-0.3058933791983435,0.5719397533860893,0
2021_0115,2021,-0.2526154162936324,-0.7333943346780494,-0.6256817726298998,-1.8965083306389956,-0.8972624060463418,-1.1026966286297104,0
2021_0116,2021,-0.7309292870781874,-0.7333943346780494,-0.11780236005682254,-0.9252539135856056,-0.9814051247279306,-0.2623210719886914,0
2021_0117,2021,0.5108811400323037,-0.7333943346780494,-0.7848957655785362,-1.54024988602879,-1.921750531179006,0.4660210508966367,0
2021_0118,2021,-0.7276724571454027,-0.7333943346780494,-0.44460509255768543,-0.13245020802457685,-0.8102622699616702,1.424124484954114,0
2021_0119,2021,3.214635519883087,-0.7333943346780494,0.6843462911593862,1.0520216357842265,1.7534793643009023,1.5978464415365516,1
2021_0120,2021,-0.34892115976234406,-0.7333943346780494,-0.8841873170779072,-1.0631682045249566,-0.7810304792907821,2.0746853415874553,0
2021_0121,2021,-0.5557501257682627,-0.7333943346780494,0.3676296135841777,2.584955013783783,0.011285414340992162,0.4306143975793048,1
2021_0122,2021,1.3611026783878413,-0.7333943346780494,0.26348334418231345,-1.3354473192398943,-1.985161537567464,1.0633091755024935,0
2021_0123,2021,-1.8243441084772187,-0.7333943346780494,0.5215594095022018,-0.7194310678981742,-1.5691148538077997,-1.1544615344029694,0
2021_0124,2021,0.2455440152017352,-0.7333943346780494,0.37991280069707334,0.03916266588981754,-0.4272829352063595,0.7298815731614829,0
2021_0125,2021,-1.2232065568805617,-0.7333943346780494,-1.4081087616778623,0.2920548937698285,-0.47357785075827546,-0.7752641014608617,0
2021_0126,2021,2.3110902576025794,-0.7333943346780494,0.04622596063491258,1.8775765215431992,0.039518254434114775,0.23746080424525015,1
2021_0127,2021,0.561521089134206,-0.7333943346780494,2.276973660750163,1.028496478993239,-1.3002214508829553,3.329838388872142,1
2021_0128,2021,1.875744543089588,-0.7333943346780494,1.5439072025914127,1.650912700787997,1.1990121254885566,0.6035542361904297,1
2021_0129,2021,0.9968094546055946,-0.7333943346780494,1.3285843415236425,-0.06510817202793917,-0.05282202902648845,-0.5638132191803289,1
2021_0130,2021,0.3290031115898886,-0.7333943346780494,-1.6336320849451456,0.31808196035038205,-0.14539064493548068,0.7077890059579054,0
2021_0131,2021,-0.8113318325829906,-0.7333943346780494,-0.5743361873632351,0.30472915015639956,-1.5183041600213625,-0.2170751865893547,0
2021_0132,2021,2.1859426413015663,-0.7333943346780494,-0.08527805966193491,2.1128866747535358,-0.13850543098631832,-0.6607441131575513,1
2021_0133,2021,-3.4140768714730703,-0.7333943346780494,-0.36593764392096806,-2.2684359922285426,-0.6544866881033949,2.4031395333905006,0
2021_0134,2021,-1.3355726797886254,-0.7333943346780494,0.37888669960621035,-1.5071831156010673,1.4398142685250506,1.366812026266753,0
2021_0135,2021,1.6605516350582958,-0.7333943346780494,2.6310455439079523,1.423140969367302,1.5115784915607446,0.6455366249957449,1
2021_0136,2021,1.4736149064397073,-0.7333943346780494,1.708524054109816,-2.051364479881397,0.9294083342455592,-0.09182329024754127,1
2021_0137,2021,2.2111572137178506,-0.7333943346780494,-0.38202154962112167,1.0920061737883502,1.14090895956192,-0.010789482972199227,1
2021_0138,2021,-1.6159042451374546,-0.7333943346780494,-0.8026698690539784,0.4598044249313672,-2.4635600684113177,1.8424818668441505,0
2021_0139,2021,1.2987871050346307,-0.7333943346780494,3.139681744057713,0.023624752449560082,-0.26622335221492854,0.6065775376645679,1
2021_0140,2021,-0.06877323558500814,-0.7333943346780494,-1.8686115904422842,-1.030190000111912,-3.1853824217947824,-2.7828051429488134,0
2021_0141,2021,-3.528689003445357,-0.7333943346780494,-1.059181572910217,-1.674137347239904,0.8433801998477914,2.720938515658837,0
2021_0142,2021,-0.6606494983616588,-0.7333943346780494,0.41352435180097724,-1.1215471197314033,0.651016727697961,0.48306235697228506,0
2021_0143,2021,0.9161151740064467,-0.7333943346780494,1.6171339220735854,0.10743149803824237,1.1731775999041645,0.6433690057348169,1
2021_0144,2021,0.3376818754463786,-0.7333943346780494,3.4801563244851046,-0.08284127446552148,0.9283593479299945,1.3866948134347965,1
2021_0145,2021,1.58654422427598,-0.7333943346780494,0.2671306167714116,-0.13767817778449687,-0.6740105023727012,0.7654028273115868,1
2021_0146,2021,-0.0225487031913445,-0.7333943346780494,-1.989755785740822,-0.8710047848883935,-1.0083349622381566,1.0469086177168099,0
2021_0147,2021,-0.210856168515819,-0.7333943346780494,0.22412543583517386,-0.8831043156561214,0.9027722844836978,-0.12372346736492479,0
2021_0148,2021,-1.3851130309066286,-0.7333943346780494,-2.1958786282715357,1.2741318998610565,-0.6751548017140714,-0.9297953239663865,0
2021_0149,2021,2.125740963760949,-0.7333943346780494,0.8032320111824637,0.20581485688298978,0.26358585709869853,0.5802327814731966,1
2021_0150,2021,-0.3819321015541558,-0.7333943346780494,-1.0656465448595764,-0.2558497838081415,-2.4701671270034327,1.73161465227459,0
2021_0151,2021,-1.3373712704931668,-0.7333943346780494,0.035989473385922066,-1.1768829664763014,0.5112904413442648,-0.34780255838311763,0
2021_0152,2021,0.556919448011792,-0.7333943346780494,1.614267968025247,0.010404224158542807,0.7334203890237265,-0.42802399481977643,1
2021_0153,2021,-1.88523403112233,-0.7333943346780494,-0.5429350858231374,-2.3043705377326225,-2.468897160694688,1.5210192603799375,0
2021_0154,2021,2.087853348868137,-0.7333943346780494,0.5975691220983332,-0.9713662478110933,-0.07805239796796494,-0.15724520514109142,1
2021_0155,2021,-1.2921468137126908,-0.7333943346780494,0.2150040190819431,-1.8069982796529995,-2.013661116490224,-0.110559913834402,0
2021_0156,2021,0.20381778026941166,-0.7333943346780494,5.0258240427272645,0.7836968347600708,0.6748436505736267,-0.07314427294624193,1
2021_0157,2021,-2.934862835509125,-0.7333943346780494,-0.3087179010770843,0.47617365528458533,-0.6030279788678223,0.23501901900952088,0
2021_0158,2021,-0.41816854790362057,-0.7333943346780494,-0.9003277924531635,-2.386664526895518,-1.2780562110645985,-1.2736380959020388,0
2021_0159,2021,-1.7967784222642238,-0.7333943346780494,-2.2978629709921607,-1.149076801348817,-0.0618057333374624,-0.23934011254162652,0
2021_0160,2021,-0.9196122443440182,-0.7333943346780494,-1.6374814493171534,-1.9668907093503485,-0.7251378715511805,0.530368019139722,0
2021_0161,2021,2.489706907069124,-0.7333943346780494,0.786289766052696,0.33572290586645015,1.8091967660085235,0.5232379361748293,1
2021_0162,2021,-2.558924476853485,-0.7333943346780494,-1.5346002402671326,0.4757694937071505,-1.139334374176683,1.4579930525795872,0
2021_0163,2021,-1.295137380512845,-0.7333943346780494,-1.0160778345268482,-1.0468824016079754,2.0930593124105883,2.1393922221948047,0
2021_0164,2021,1.0793058537811304,-0.7333943346780494,2.7780160768072877,0.5524830278003033,0.2637357126997403,1.812483446664403,1
2021_0165,2021,-0.8702571243720394,-0.7333943346780494,0.24716691736923413,0.8552283963923141,-1.6581634921680783,1.2146523840739345,0
2021_0166,2021,2.4891599984204347,-0.7333943346780494,0.8411672835317457,1.0579009305079092,-0.17498552259096975,0.15126540923279258,1
2021_0167,2021,-0.07945181466240792,-0.7333943346780494,-0.20827994466586053,-0.16009185581680208,0.59960630977341,-0.32306906995688006,1
2021_0168,2021,-0.6802020512942331,-0.7333943346780494,0.33736764290241306,-0.44108471416427475,-2.433559286322495,0.317878432508402,0
2021_0169,2021,2.281523774993701,-0.7333943346780494,0.9509457265386355,-0.22754901140229078,1.0798347016364203,0.8855787697728981,1
2021_0170,2021,-1.4363770639567828,-0.7333943346780494,-2.726500425602355,-0.1795179872640002,-2.6100385810865667,1.1219377982456678,0
2021_0171,2021,-1.3874469928931235,-0.7333943346780494,-0.28756988150696383,-0.08465984592724063,-0.6464126221456304,0.9230857335158502,0
2021_0172,2021,-0.8315506310150778,-0.7333943346780494,0.025686684233465318,-1.9671597004984527,-2.0836891568915354,0.17882452862394743,0
2021_0173,2021,1.5948170778897883,-0.7333943346780494,-1.425908404934669,0.7751494173857737,0.4377712629889119,1.0868622398422616,1
2021_0174,2021,1.8323526073671226,-0.7333943346780494,0.17544535786709659,0.4824267420040803,1.3743133791757414,1.5608725050835026,1
2021_0175,2021,1.8112805264012168,-0.7333943346780494,0.8895459886922861,1.1446773971721118,2.988835799682536,1.1801603840675414,1
2021_0176,2021,0.2680276943843488,-0.7333943346780494,1.7345109113086175,1.4313470510191335,-0.22410049474209912,0.267986944836601,1
2021_0177,2021,-0.25973350229505654,-0.7333943346780494,-1.5157465846241713,-0.12255039587539496,-0.9428015769550723,-0.5338486925060066,0
2021_0178,2021,2.4167831621902383,-0.7333943346780494,0.16785809802606355,0.29680664662024764,0.11242925896323487,-0.5575674293881074,1
2021_0179,2021,1.4360828936902983,-0.7333943346780494,1.7271692496802824,1.5333300208640002,-0.026376806432755785,-0.38121762359218153,1
2021_0180,2021,-0.24415530654966688,-0.7333943346780494,0.531677626685841,-0.27306277631025155,0.12077533652893278,0.5570751986749298,1
2021_0181,2021,1.1352542939999095,-0.7333943346780494,1.542054650548697,-0.7205219933694994,1.5828631518550922,0.8198037535556333,1
2021_0182,2021,1.4444058769405683,-0.7333943346780494,-0.1115156549745906,-2.5952866845608002,0.3363469289811393,-1.1145323179440298,1
2021_0183,2021,-2.3946002377868174,-0.7333943346780494,-2.3523330192363985,-0.670140951737155,1.3368470633573124,-0.2039951083635509,0
2021_0184,2021,0.8898619364229865,-0.7333943346780494,1.755269157570397,-0.22154643949343522,1.1951802930999973,0.5432854653053939,1
2021_0185,2021,-0.1593693875585418,-0.7333943346780494,1.252519910317214,0.9977544760753507,-0.15951012811537138,-0.5996799100976025,1
2021_0186,2021,1.8572922249864439,-0.7333943346780494,1.922455733236207,-1.3712273940443676,0.4516300769621766,0.7339041530596047,1
2021_0187,2021,-1.0840446850979486,-0.7333943346780494,-1.532593000921442,-1.2471785508995001,-1.56175464053799,-0.007428290916565772,0
2021_0188,2021,-0.39578316481424447,-0.7333943346780494,0.2048946975202549,1.0702699058644853,1.560065220299378,-0.4234202716692567,1
2021_0189,2021,-0.8985351384180194,-0.7333943346780494,0.36071888754091064,-1.6298361463489806,-2.3568406737369902,0.3532054324488975,0
2021_0190,2021,-1.3065089473902913,-0.7333943346780494,-2.5229587639944704,-0.190743251387138,-2.07390381141402,0.6922803295791006,0
2021_0191,2021,1.766414282754405,-0.7333943346780494,2.2514607091806247,0.04297740493195934,0.23803118718831565,-0.5485289142699277,1
2021_0192,2021,-1.6415324337554278,-0.7333943346780494,0.32050470748238324,-0.6328083097799976,-0.15120054651859086,0.05738762018595245,0
2021_0193,2021,0.44852059925697585,-0.7333943346780494,1.8600895142660754,1.1951580064168557,1.9714072610816338,0.7676783773071079,1
2021_0194,2021,-2.020844626457807,-0.7333943346780494,-1.687807517010448,0.352797023115313,0.5115150812342011,-0.4620901833167675,0
2021_0195,2021,0.7118297834515953,-0.7333943346780494,0.18347616327464067,0.6924924113206071,1.3033114439501539,-1.3577568404239018,1
2021_0196,2021,1.268825096581047,-0.7333943346780494,0.7899442270018004,-0.2140102948787449,0.721254940459881,-1.2365738456897544,1
2021_0197,2021,-1.102041534575208,-0.7333943346780494,-2.2950396768313994,-1.05803886237965,-0.04510547830170697,-0.11805086405696968,0
2021_0198,2021,1.0592801221918973,-0.7333943346780494,0.038306001246403265,1.236955363086958,-0.28727558656012503,-1.0184182763051384,1
2021_0199,2021,-1.6733195489965191,-0.7333943346780494,-0.35526570849095396,-1.6212535834826065,-2.552424360915415,-0.04772189517624592,0
2021_0200,2021,0.8985967319945183,-0.7333943346780494,1.6493491142241572,0.4219334033597943,1.2148056988021645,1.964942851172679,1
2021_0201,2021,3.757724785506933,-0.7333943346780494,-0.04957482653495626,0.21411590163852512,-0.1553944962914075,-1.0785983876886815,1
2021_0202,2021,-2.0207251514982087,-0.7333943346780494,-0.3238780646999254,-0.7033617833189646,-0.8620413955572068,0.017395148522299175,0
2021_0203,2021,0.6920279914538074,-0.7333943346780494,1.454303305739806,-0.40928252924937725,0.9136456650791739,2.432304554271384,1
2021_0204,2021,4.543854108368148,-0.7333943346780494,2.5098862545771032,-1.2519443522121119,1.0357135812193818,0.7081300829757099,1
2021_0205,2021,1.6710133024605525,-0.7333943346780494,1.5691364418675215,1.1207426159596432,1.6909019615987995,-0.06772328747559953,1
2021_0206,2021,-0.12998066590369572,-0.7333943346780494,2.058581053734378,1.5641314234886485,1.5904714288771449,0.14311736548076165,1
2021_0207,2021,-0.40731279602273673,-0.7333943346780494,-0.5229224090697888,-2.3921749574981566,-0.6147499361906943,0.7293625083932779,0
2021_0208,2021,0.3399611107988524,-0.7333943346780494,1.979929109697188,0.9689261609262163,0.38008548355406474,1.9957719306274402,1
2021_0209,2021,-0.3409384921949029,-0.7333943346780494,-2.287117156567775,0.4831829148451766,-0.6976260157574952,-0.23085360747724265,0
2021_0210,2021,-1.4609622793706813,-0.7333943346780494,-1.1217444571109134,-0.004088953237676773,-1.3663998958411754,-0.4576102828882827,0
2021_0211,2021,0.8102041505105926,-0.7333943346780494,0.9610172317724702,0.1833298213239335,0.6133925240941377,-1.0788087327802274,1
2021_0212,2021,0.35916496882758286,-0.7333943346780494,-1.2437499469352824,-1.5434963697507578,1.6872647524013928,0.403096032509804,0
2021_0213,2021,1.8164013526592448,-0.7333943346780494,1.4438866303167255,0.6809780793499892,0.9730802158393635,-1.1056873698179128,1
2021_0214,2021,-0.2770105625507926,-0.7333943346780494,-0.36562034550424904,-0.35221494115311924,-0.372267233814329,-0.16378262482179462,0
2021_0215,2021,1.6849196795199464,-0.7333943346780494,1.3922570770711484,0.6958075111558988,0.12979338342115598,-0.6086834411103523,1
2021_0216,2021,0.8055554762069015,-0.7333943346780494,0.8230561187786621,0.4198653698824343,1.7690697456083746,1.3741235102341058,1
2021_0217,2021,-0.6386455797417919,-0.7333943346780494,-1.735730079845125,-1.6826517241227572,-0.07774119846974689,-0.20839638736680582,0
2021_0218,2021,-0.040784607315539345,-0.7333943346780494,0.09718607415623404,-0.17731170869114826,-0.07101507307766934,0.6969303280056159,0
2021_0219,2021,-1.1152619564824466,-0.7333943346780494,-0.650267183386165,-0.12914550558647614,-0.59585331558421,-1.3040920016885629,0
2021_0220,2021,3.0516426043465064,-0.7333943346780494,-0.018613858399408434,0.8008221254616719,1.7824805909784323,0.4315069544528456,1
2021_0221,2021,2.100487203201909,-0.7333943346780494,0.8063124583503762,0.7109936450712573,2.0081009368029967,-0.9031603058607487,1
2021_0222,2021,-1.038017450228388,-0.7333943346780494,-2.7432996777073613,1.0792494877461052,-0.5310560266181696,-0.12564849992985921,0
2021_0223,2021,1.5014865310178178,-0.7333943346780494,1.0353706143474428,-0.02437878457339615,0.6911182589496934,2.511202574256224,1
2021_0224,2021,-1.1127628710323751,-0.7333943346780494,-1.198379942598596,0.6814350974566558,0.04984244060902269,1.2321743772408835,0
2021_0225,2021,-2.5012387855949916,-0.7333943346780494,-1.5744669503553377,-1.3340244692218377,-1.6589190412317565,0.17158741716869308,0
2021_0226,2021,-1.340072195808605,-0.7333943346780494,0.5846001898035293,0.5089505729564282,-1.4820622665845604,3.498941909783196,0
2021_0227,2021,-1.0288135146588329,-0.7333943346780494,-2.156154119542112,0.6333675500805437,-0.8506353257406564,-0.6151746903733177,0
2021_0228,2021,0.8339148787334713,-0.7333943346780494,1.7063929516823353,0.3069487965981174,-0.8542892150162382,1.4652163820753614,1
2021_0229,2021,1.587677018704695,-0.7333943346780494,3.1867081609318735,2.2609630540608334,1.5862155098852533,-1.2326744568471144,1
2021_0230,2021,1.2713074903551111,-0.7333943346780494,2.077267903716688,1.0690358867460892,-0.11476819309253204,0.0560772423520525,1
2021_0231,2021,2.0236918910987685,-0.7333943346780494,0.9684612179022329,-0.2772724411405676,0.352083529573331,-1.0477897501805604,1
2021_0232,2021,-0.5868876189342689,-0.7333943346780494,-2.1340686394233277,-0.974156594389209,-1.0026156158957826,0.5572759150908748,0
2021_0233,2021,-1.0828467124151588,-0.7333943346780494,-2.3620621765844554,0.5327623061066514,-0.7626775195079774,0.3559702535787567,0
2021_0234,2021,-0.1172128913019983,-0.7333943346780494,0.588448305042478,1.5230647018766497,0.47352938739811024,-0.007664799183581816,1
2021_0235,2021,3.0407227386811706,-0.7333943346780494,0.31299926608609174,-0.4580404013792908,0.7359975051311687,1.3920570251263067,1
2021_0236,2021,1.1081090014288568,-0.7333943346780494,0.28045309104186766,0.46074268780950284,0.7433537492291067,-0.26709897300279034,1
2021_0237,2021,-1.3308864536951317,-0.7333943346780494,-1.3263134554712441,-0.39647701722348816,-1.22467940974577,0.6268517478073241,0
2021_0238,2021,0.9074791513006123,-0.7333943346780494,0.8977529071143131,0.09239541092439107,0.06546526524317299,1.1205549402713386,1
2021_0239,2021,0.7615883439344635,-0.7333943346780494,1.4852119476452963,2.9577997233747193,1.8274002281378219,-1.183221208896183,1
2021_0240,2021,2.794058048000524,-0.7333943346780494,-0.23779621946242924,0.8336637434053256,-1.1991854171533678,-0.4484143416743837,1
2021_0241,2021,2.6360443203860795,-0.7333943346780494,0.31775620386695,0.5381878090969506,0.6045705989409914,0.3538609673158339,1
2021_0242,2021,-0.8056065964223291,-0.7333943346780494,-1.1596720828224814,0.59085104425809,-1.2454544982900049,0.9301534194283185,0
2021_0243,2021,-1.3575001544307255,-0.7333943346780494,-1.195485193423269,-0.9652135348388349,-0.4021480876098378,1.7212377659215332,0
2021_0244,2021,-0.6308820149862469,-0.7333943346780494,0.8364237074134229,0.407427610617323,-2.1815781566930585,0.08412020127207961,0
2021_0245,2021,-1.1762030182306273,-0.7333943346780494,-0.7677534072761425,-2.2677323955829847,-1.274796074181424,-0.016471042649884138,0
2021_0246,2021,1.0597770816769012,-0.7333943346780494,-0.6135898119594245,0.14634595375443382,0.7027582527097319,-0.5725960302136639,1
2021_0247,2021,1.5881059215063302,-0.7333943346780494,1.4181813615867647,1.6490704183772467,1.8165699298519364,0.6299840921770332,1
2021_0248,2021,-1.6911577469454449,-0.7333943346780494,-0.4543362772560212,0.9701977205896711,-0.48442428154434736,0.0028824263019083807,0
2021_0249,2021,-0.9977357359965675,-0.7333943346780494,-1.1251280282447382,-1.373295713005993,-1.9243138003254188,0.025967737174281524,0
2021_0250,2021,1.4542209256216356,-0.7333943346780494,-0.2133966744092013,-0.2898216362186484,0.3368971172153733,0.20611149411149166,1
2021_0251,2021,1.8529360212579244,-0.7333943346780494,2.758054695313463,1.167446430370459,1.6417487850276566,0.8516280620903391,1
2021_0252,2021,-1.8691369574756087,-0.7333943346780494,-2.0698839135812572,-1.2230338949177129,-1.9407361226269142,-0.26373055317926103,0
2021_0253,2021,1.9601363528765408,-0.7333943346780494,1.6607722064159334,0.331422082244606,0.7252879450462477,-0.4721580889089049,1
2021_0254,2021,-2.156311492950505,-0.7333943346780494,-0.7999494709360647,0.2764050247371578,-0.8086644298999619,0.7317241861341032,0
2021_0255,2021,-1.8225666516212387,-0.7333943346780494,-0.39918945097022995,-1.144102181614012,-1.1664939069247264,-2.725724901882585,0
2021_0256,2021,-1.778925059145744,-0.7333943346780494,0.7068579241673301,-2.5654257515356855,1.7609641936589695,-0.30367817366168554,0
2021_0257,2021,0.1779482276263218,-0.7333943346780494,1.5616388721410353,-0.7010844356058813,0.4079051135248285,-0.851309499407364,1
2021_0258,2021,2.265662283385663,-0.7333943346780494,0.441335772956467,0.6099555857202809,1.2272769013994078,1.5032582230167888,1
2021_0259,2021,0.2809475238102027,-0.7333943346780494,2.105992275127961,-1.2634231484728846,0.07201393579168,-0.14093276254289672,1
2021_0260,2021,-1.9489163374066718,-0.7333943346780494,-1.6310994500441196,-0.8971604172973207,-0.29863940760056595,-0.2607161152672309,0
2021_0261,2021,2.505407710486642,-0.7333943346780494,1.163558011395268,-0.792096516243992,1.6272482170093385,0.2513775147467261,1
2021_0262,2021,0.6794172981463495,-0.7333943346780494,-0.29308360801579014,2.2399390068655984,0.2414341650912069,-0.2953724284649136,1
2021_0263,2021,-1.4381426851380967,-0.7333943346780494,-2.0332812273367527,1.5651425947656725,-0.8519667244576064,-0.10264815815353473,0
2021_0264,2021,-2.262029000916536,-0.7333943346780494,-0.9486133295638136,-1.6581971023420685,-1.6505157813963298,0.39711041042316314,0
2021_0265,2021,-0.4170487923773154,-0.7333943346780494,-0.6319132914191279,-0.34324131996208196,-1.8871836214473972,-0.12204043450626811,0
2021_0266,2021,2.096736244191065,-0.7333943346780494,-0.7023906226910304,-0.3604037319968523,1.7849556608751962,-0.12921745227203701,1
2021_0267,2021,-0.5110540958765533,-0.7333943346780494,-0.5027126319993358,-0.9093156020545112,-1.3263008985894655,-0.7101576737113087,0
2021_0268,2021,-0.7124701718060563,-0.7333943346780494,-1.8194289765982976,1.2034693279558057,-3.0929317120826667,-0.8537837405205311,0
2021_0269,2021,1.3235891110194766,-0.7333943346780494,2.2796880156711667,0.13331145227351465,2.477088348668942,0.36063689759028056,1
2021_0270,2021,0.7256233330620155,-0.7333943346780494,0.6480355711754917,0.31396253776288635,0.03800944309052408,0.6066005097858225,1
2021_0271,2021,0.43503069333397903,-0.7333943346780494,-0.12362226954998579,-0.34252926722769694,0.5659456084393708,-1.1281566437839496,1
2021_0272,2021,2.5399055267616704,-0.7333943346780494,1.0758045579592523,1.7461893776648632,2.3588611802195993,1.0599414153808475,1
2021_0273,2021,-0.48519572827341007,-0.7333943346780494,-1.9162350010787255,-3.863266702524027,-0.934654989478258,1.0640476398247474,0
2021_0274,2021,0.5566957727995757,-0.7333943346780494,2.2689451414331256,0.157202678468379,0.6448302279082297,1.2746891382786232,1
2021_0275,2021,-1.2101682317768656,-0.7333943346780494,-0.9994697924669003,-0.6458860941354587,-1.9667643923230067,0.5998890847405977,0
2021_0276,2021,-1.5501150929850134,-0.7333943346780494,-1.151676623093287,-1.2610773298509144,-2.3530920146461884,0.937082100288996,0
2021_0277,2021,0.12178929429424978,-0.7333943346780494,1.591801018931008,1.4635455077311672,0.6419330486336782,2.4850258445783218,1
2021_0278,2021,-1.0723486233786976,-0.7333943346780494,-2.004947439200293,0.6020272839704742,-0.45533071462885,-0.0015216008772933054,0
2021_0279,2021,-1.6654926642391958,-0.7333943346780494,-2.289153655328514,-2.012039512879515,-0.5097508621997661,-0.7456915008895566,0
2021_0280,2021,0.29746333370431444,-0.7333943346780494,1.408351579441637,2.6934866537708047,0.342801973554245,-1.2340598832214615,1
2021_0281,2021,-2.7291325541417617,-0.7333943346780494,-2.099670708008809,-2.0232588243535155,-0.7807550906204048,2.055673930232316,0
2021_0282,2021,-2.813803500205671,-0.7333943346780494,-2.100010153749457,0.6886306816758417,-2.545349495561569,2.068787258698657,0
2021_0283,2021,0.8785738723053604,-0.7333943346780494,1.8367560312208875,0.7498276985356943,1.2371586696607046,-0.6245997419342306,1
2021_0284,2021,1.1649050295750845,-0.7333943346780494,1.52506410998394,0.09629890288618537,0.9533355525315437,-0.42732081267855665,1
2021_0285,2021,0.3746991898376839,-0.7333943346780494,-0.25382954245291134,0.19063307032416382,2.6749778494737146,-0.023991037531172044,1
2021_0286,2021,-0.5992605723427723,-0.7333943346780494,-1.6191360429413364,-0.6335127906603139,-0.7928943358924051,1.5242568721459835,0
2021_0287,2021,1.1844534582170376,-0.7333943346780494,0.09626844405367996,0.8084178618637818,-0.09553588453877512,-0.9873021984803101,1
2021_0288,2021,1.8268853105986502,-0.7333943346780494,2.77631929804058,-0.32015435137152537,0.7518130226156219,-1.666619524888875,1
2021_0289,2021,-1.4329107901877078,-0.7333943346780494,-0.09398957242939154,-0.8339399576783904,-1.1114098100150451,2.467514476562161,0
2021_0290,2021,-2.037117635207106,-0.7333943346780494,-1.420844846005274,-1.3706728229275946,-0.38702752466812207,0.6123732869200754,0
2021_0291,2021,-1.135882428861386,-0.7333943346780494,-0.4238053106565074,-1.8150495270738727,-0.7744525413610732,0.7544133059185607,0
2021_0292,2021,-0.012674512018322481,-0.7333943346780494,-0.3561861859308293,-0.21731170245789722,-0.39694936600001157,0.09489399480000682,1
2021_0293,2021,-0.7105614793633521,-0.7333943346780494,-1.6726461511894928,-1.7499746326954395,-2.3539561237843185,0.7657849237180236,0
2021_0294,2021,0.3128507934868663,-0.7333943346780494,1.1048632659418862,0.17984508724948128,1.0497627925013653,-1.214205883340986,1
2021_0295,2021,2.168232526533449,-0.7333943346780494,1.452230749145913,1.0324749054684155,2.1139588140157772,-0.5409205668602297,1
2021_0296,2021,-1.5884557462419147,-0.7333943346780494,-1.097459125513444,-0.47928964582203765,-0.7246195101508668,0.4051578845226053,0
2021_0297,2021,2.3125335163099168,-0.7333943346780494,1.2480135107142258,2.574344776660651,1.5726324862241967,-1.9708908929002418,1
2021_0298,2021,-2.3726231885883156,-0.7333943346780494,-0.9216635400468738,-2.810453013719917,0.1621686964934202,-0.002517613814229158,0
2021_0299,2021,-1.9277697007288204,-0.7333943346780494,-1.1635774020223173,-0.13065903378581145,-0.5465477464950651,-0.06416437033440725,0
2021_0300,2021,1.6309349468485705,-0.7333943346780494,0.7038544078091062,0.6064202385243521,0.026233086531662165,-0.002690231950361388,1
2021_0301,2021,-0.07950290657324488,-0.7333943346780494,-1.4262648726777842,0.21567034237196692,-0.614457319206714,-0.25108180782098116,0
2021_0302,2021,2.916608908314922,-0.7333943346780494,1.231937508628588,1.3164652043104086,1.9467192432204568,-0.6958919258744971,1
2021_0303,2021,1.2913661636808729,-0.7333943346780494,1.4108155891994563,0.43500824986482295,1.3033960221199186,-1.5220318502709198,1
2021_0304,2021,0.5877456307867559,-0.7333943346780494,-0.801640832681166,-0.4273487151432444,-0.08916692431277705,0.44474704716741204,0
2021_0305,2021,-1.5396645498254307,-0.7333943346780494,-2.1785970500010596,-1.3440692129184846,-1.2394189296072347,-0.00012398679624325837,0
2021_0306,2021,-0.15123237763702746,-0.7333943346780494,-1.9989278511431876,0.013679979354454197,-0.9922360717582082,-1.0752815465686778,0
2021_0307,2021,0.30781900304069476,-0.7333943346780494,1.3988818059480672,-1.2788760521227012,0.6872090546446512,0.36253341283377066,1
2021_0308,2021,1.6702005068632542,-0.7333943346780494,2.4716733006708775,1.3768264386493172,0.751228897590044,0.005049804927293899,1
2021_0309,2021,-3.5916930408564456,-0.7333943346780494,-0.8475845384412448,-0.6231734442361101,0.30956040021174086,-0.16102395166211503,0
2021_0310,2021,0.1284089883468762,-0.7333943346780494,0.5883315875230057,0.11293796216891117,-1.429815041921259,-1.8568948868074504,1
2021_0311,2021,1.716676798080765,-0.7333943346780494,1.2243404554427755,0.36746680055327374,0.8290113893527458,0.9827675123078929,1
2021_0312,2021,-0.062438852200523476,-0.7333943346780494,-0.13682142251342855,0.44080376541161914,0.7244784430898886,-0.9330510401091301,1
2021_0313,2021,-0.8230503892108154,-0.7333943346780494,0.30894315653646354,0.6973037604805014,-2.1029260843719415,0.3632702548412416,0
2021_0314,2021,-0.34354187918763657,-0.7333943346780494,-0.8134058554919716,2.633493663248512,-0.16182114424190827,-0.508268443432693,0
2021_0315,2021,-1.751320192718278,-0.7333943346780494,-1.6694572132105483,0.6198708241503822,-1.4882751823476783,-0.08872651754798522,0
2021_0316,2021,-2.2189529556741983,-0.7333943346780494,-1.1667954660928752,-1.165325785889756,-1.1391810168855019,1.4522924917499112,0
2021_0317,2021,-1.7241866158547388,-0.7333943346780494,-1.5270362320636157,0.02978182428527909,0.9563428123663412,0.8316182008033739,0
2021_0318,2021,-2.2158123191841854,-0.7333943346780494,0.31166997681683384,0.07332916605748396,0.15947496706210312,1.4300399462894702,0
2021_0319,2021,-1.3512135580159177,-0.7333943346780494,-1.202240089447059,-1.5251607224472203,-0.25423740781213966,0.6303854946215732,0
2021_0320,2021,-1.1479093751119183,-0.7333943346780494,-0.8446342538844072,-1.8607992972206815,-0.43826191208781606,0.6961435843407805,0
2021_0321,2021,-1.5560101230968089,-0.7333943346780494,-0.42627354334870826,-0.6632809289167886,-0.9564460213230755,-1.4811390002261777,0
2021_0322,2021,2.9243592401868215,-0.7333943346780494,0.25923339623545794,1.4077076027014348,2.6994084021015965,-0.01752499386655415,1
2021_0323,2021,0.5305961803130247,-0.7333943346780494,1.193709466135157,-1.0118082676014284,1.5620592498682273,0.07509106815139172,1
2021_0324,2021,0.1414331792553123,-0.7333943346780494,-0.7255644306057902,-1.320897867654406,-1.51207241826699,1.5236648203519754,0
2021_0325,2021,0.20876076368788632,-0.7333943346780494,-0.5540788210206211,1.1726517089904065,-0.5300971643067713,-0.20622932790692833,1
2021_0326,2021,-1.177222430058451,-0.7333943346780494,-0.74730351122239,-0.5582763867294198,-0.2615038981101941,0.5648595090561224,0
2021_0327,2021,2.4331054085480694,-0.7333943346780494,0.9542379350568608,2.0162736205989953,0.7469243266154776,0.5257573430847523,1
2021_0328,2021,2.381357152253318,-0.7333943346780494,1.1299662921159968,-0.8113674540763435,-0.5574912585988593,1.4576751602807274,1
2021_0329,2021,-1.6702578977002351,-0.7333943346780494,-0.9643702865094335,1.7521649334494556,-0.39284314257399716,0.1662559176938665,0
2021_0330,2021,1.805069720071345,-0.7333943346780494,1.259169872950082,-0.9379924435695796,0.5444241977040554,1.1277869486931467,1
2021_0331,2021,1.6711790836642262,-0.7333943346780494,2.337343225676158,-1.4291637188282604,1.3041316792510964,-1.4048651341375245,1
2021_0332,2021,0.7100608214072601,-0.7333943346780494,-0.17950741208510945,0.5410872205026931,1.2196532038518615,-1.3140194329439416,1
2021_0333,2021,-0.6340500628519258,-0.7333943346780494,-1.3421523355004201,-1.7344589282460094,-1.3778508204666473,-1.9833443446245267,0
2021_0334,2021,0.6124921720523726,-0.7333943346780494,-0.3333813710371636,-0.638755664044879,-0.19879747379700546,1.0859849751333333,0
2021_0335,2021,1.7217006650626305,-0.7333943346780494,1.4809258677279111,0.5262731210453333,0.3269901714968458,0.9736669377887359,1
2021_0336,2021,-0.6836436209293292,-0.7333943346780494,-0.5405944466579158,-0.7957742121074312,-1.211237779521923,1.1968275738992822,0
2021_0337,2021,1.9221549782007075,-0.7333943346780494,3.7535772156733374,-0.24241103219677917,0.29434216370969096,-0.377361835706193,1
2021_0338,2021,-0.21097660735514046,-0.7333943346780494,1.614135524116706,1.032656152579691,1.8744257064159573,-0.2635476575346662,1
2021_0339,2021,-0.7897753267937111,-0.7333943346780494,0.13093779625502489,-0.9173371147671696,-1.0665437686516426,0.17895235733768927,0
2021_0340,2021,-2.2667595748385274,-0.7333943346780494,-1.3070720588525084,0.5036648707547636,0.5038210215360394,1.7436993029476562,0
2021_0341,2021,-1.8398869406977998,-0.7333943346780494,-1.992912373897282,-0.7803722525283068,0.894310626677517,1.993828127622051,0
2021_0342,2021,0.9119417811885029,-0.7333943346780494,-1.314317429233634,-1.5646474228665894,-1.5017831800117265,1.0938084898413627,0
2021_0343,2021,0.9967383903411899,-0.7333943346780494,1.7119601713434043,-1.0877105518433856,-1.9749455489620868,0.631019724803501,1
2021_0344,2021,0.5098258957057727,-0.7333943346780494,1.4068278548291753,0.42789056855162855,1.7922840661077093,1.6353826977001258,1
2021_0345,2021,-0.09741742109860785,-0.7333943346780494,-0.5967486294011202,-1.8692045713626224,-1.124873302492134,0.0441575428504416,0
2021_0346,2021,0.3023229971576231,-0.7333943346780494,0.7856556132028722,-0.749961854004778,-0.02287709247539185,-0.09094153048229492,1
2021_0347,2021,0.8025808558103229,-0.7333943346780494,0.6261973811870247,1.1274573091469868,0.24071779915468025,0.1709778793861889,1
2021_0348,2021,2.499052167986167,-0.7333943346780494,0.8201427557067222,-1.1776700611633917,0.4059268697022722,-0.6787143694195779,1
2021_0349,2021,-1.2072324346920407,-0.7333943346780494,-0.27552454983478714,0.8121933783329124,0.43233343615905295,0.12499063562838725,0
2021_0350,2021,-0.3115970451265293,-0.7333943346780494,1.840727428170418,0.7597163843955401,0.9519156773516388,-0.8174080437839402,1
2021_0351,2021,1.793989614322619,-0.7333943346780494,-0.006241649671227645,0.5561573689750388,2.019418698602729,1.3250078188995784,1
2021_0352,2021,-1.6464658820465088,-0.7333943346780494,-0.23765744056855076,-1.634765940550586,-0.3304908866854292,0.8436873910330178,0
2021_0353,2021,2.789851486530245,-0.7333943346780494,0.3492787692437703,1.364372296342938,0.5062308122470398,1.7295623975478254,1
2021_0354,2021,0.6438130523658664,-0.7333943346780494,1.4689216518410533,0.5970950664026047,0.42916065695120564,-1.3292828029141894,1
2021_0355,2021,-0.1987740262740738,-0.7333943346780494,-1.191965742462488,-1.286096642740802,-0.2664716867878789,2.201696946922073,0
2021_0356,2021,3.025698032365714,-0.7333943346780494,2.5657885492389845,0.799824696651589,1.5794043478660733,-1.2724754137934402,1
2021_0357,2021,0.3990567761884294,-0.7333943346780494,0.5819253710188543,-1.0827854554393803,1.746953051415826,-0.8983080750832058,1
2021_0358,2021,1.0567869792418072,-0.7333943346780494,1.1786118408947832,-1.0353271315491388,0.5515384141930442,-0.3208215468630901,1
2021_0359,2021,-0.8613747258555495,-0.7333943346780494,-0.39340684244057234,-1.7201860853010782,-0.6335544364157513,1.6077206919698648,0
2021_0360,2021,0.39265424744582555,-0.7333943346780494,0.1260411498771179,0.949527267609714,1.3548383887925601,0.5255734972285734,1
2021_0361,2021,1.5202949467078306,-0.7333943346780494,0.9271429445730548,0.5967416781938684,0.43523322535998116,0.05617074947842818,1
2021_0362,2021,1.0250797124940076,-0.7333943346780494,0.7334151153768627,1.6489792655557527,-0.2781930321126286,-0.4926274346451605,1
2021_0363,2021,-1.4950675715933652,-0.7333943346780494,-1.5138134834059733,-1.5199898521685768,-1.5659575133670172,-1.0759351506606998,0
2021_0364,2021,-1.2010616072918885,-0.7333943346780494,-1.4397230014832396,-0.025332159518658193,-1.0289836704205861,1.4326273236930105,0
2021_0365,2021,1.3212647155785642,-0.7333943346780494,2.1120145981367946,0.4861294476047188,1.4290967822592862,1.0986392610486397,1
2021_0366,2021,-1.0861192309239598,-0.7333943346780494,-1.5985507347603334,-1.5430451947409285,0.39602862079349677,1.6524503770923502,0
2021_0367,2021,-1.8488263454567844,-0.7333943346780494,-0.4335921173283942,-0.21469232928708104,-2.0882448482978897,0.6968181269811242,0
2021_0368,2021,-1.8051717243497534,-0.7333943346780494,-0.6854049979688557,-0.6660118582452326,-1.3674777632334836,-2.342102458555535,0
2021_0369,2021,1.1314124111751696,-0.7333943346780494,-0.3969801157751758,-0.029119194145398763,0.46003062778991083,-0.9445829326814521,1
2021_0370,2021,-1.2947576412357953,-0.7333943346780494,-0.48083056157355875,-0.5580009128559084,-0.04501881930868837,0.7648713058467087,0
2021_0371,2021,0.8111506600533833,-0.7333943346780494,-0.41351320975769434,0.470469614062608,0.29829499138092486,-0.06971702523602008,1
2021_0372,2021,1.5739396420860183,-0.7333943346780494,1.62809182816516,0.4463119314824975,0.39175428179990174,-0.25884196692812683,1
2021_0373,2021,-0.5647617486751968,-0.7333943346780494,0.4928083568691519,0.18740685008920055,-0.5413929482927128,-0.8032267648895286,1
2021_0374,2021,0.5195337410910483,-0.7333943346780494,1.0083672532564523,-0.7049485388936377,1.2592369501745961,1.2475895674145403,1
2021_0375,2021,-1.5299278262028546,-0.7333943346780494,-2.294279949626339,-0.5252345841051277,-0.9533291208667269,0.7561926374143078,0
2021_0376,2021,0.39388481296939504,-0.7333943346780494,1.122382323604816,-0.20271437372141454,0.1786572167693834,0.8011912229081226,1
2021_0377,2021,0.37919801480889115,-0.7333943346780494,-0.07304958202938039,-1.620328867644068,-1.0465375632579919,-0.33360224878505723,0
2021_0378,2021,1.2688618467249517,-0.7333943346780494,0.19303457197737917,0.35930015589739295,1.8706457268346999,0.4762877588998095,1
2021_0379,2021,-1.0732303217740966,-0.7333943346780494,-1.607167086144011,0.1340265441721783,-1.7546425629038511,-1.037764926196481,0
2021_0380,2021,0.7667692920345393,-0.7333943346780494,1.4546210235674895,0.7856135076909811,0.00042335045158369775,0.17017201915380645,1
2021_0381,2021,1.234221079627039,-0.7333943346780494,1.4796183236469393,0.06885779164241101,1.98963982509234,-2.227929578593109,1
2021_0382,2021,-2.4652534643027337,-0.7333943346780494,-3.4341792984085067,-1.1713460578678574,-0.7280139133820853,-1.268116139134555,0
2021_0383,2021,1.0801829639049265,-0.7333943346780494,3.0154063637827733,1.2358132621887679,1.4362663918763217,-0.02231184425201138,1
2021_0384,2021,-2.187008428595756,-0.7333943346780494,-0.4714465164516687,-2.9967357694472403,-0.41833568549459776,2.6751181462749316,0
2021_0385,2021,-1.5274035847561624,-0.7333943346780494,-0.3030813375470385,0.19736498919948053,-0.8335678246792511,-1.5007430734248643,0
2021_0386,2021,-3.809916566302497,-0.7333943346780494,-1.143540446662017,-2.474015774930339,-1.1308841631911288,-0.9435805925398628,0
2021_0387,2021,-2.3780032084435256,-0.7333943346780494,-2.855353508552245,-2.0154079083229806,-0.010019878640372315,0.51677479669281,0
2021_0388,2021,2.7139264045143334,-0.7333943346780494,1.67472206125024,0.08573416873677442,1.9042197394205973,2.0694229060146028,1
2021_0389,2021,2.0803977491075423,-0.7333943346780494,0.4348119717691138,2.770124142930845,1.829978929665292,0.5021724969880734,1
2021_0390,2021,0.06903933591523126,-0.7333943346780494,-0.45606830581666014,1.0774193600142667,-1.9261980519652997,1.0021418523041563,0
2021_0391,2021,2.637721269670924,-0.7333943346780494,0.7811989297372712,1.3064877557971357,2.039665466952113,-0.037603750676477254,1
2021_0392,2021,1.9229874241644773,-0.7333943346780494,1.2380393791163775,0.9565423782954499,0.4599615085122372,-0.2106215889393767,1
2021_0393,2021,0.797131314620865,-0.7333943346780494,0.22500361859075535,-1.2622769680124746,0.08272193933240735,0.38218435206775647,1
2021_0394,2021,-2.2872509462656225,-0.7333943346780494,-0.13561105732106837,-0.4432418371193011,-0.9608613119300498,-0.35828939062610426,0
2021_0395,2021,2.3967446054496966,-0.7333943346780494,-0.18837903945767187,0.05077848144002872,1.5895720134862956,1.024269338717745,1
2021_0396,2021,-1.1854320256126094,-0.7333943346780494,1.2455694253391898,-1.4166693336227216,-0.28655902517334064,-1.306271898945584,0
2021_0397,2021,3.7440228163819067,-0.7333943346780494,3.237948634987012,0.7548030899746593,0.5573829087384456,1.1899870325668338,1
2021_0398,2021,0.8849020239892458,-0.7333943346780494,2.6326995854665105,0.1288899905533012,1.595782573534076,0.3393130123027521,1
2021_0399,2021,3.22289585478048,-0.7333943346780494,2.27547898577451,1.4692995459688505,0.9328675517214632,0.08527913139913651,1
2021_0400,2021,-1.4067917906957552,-0.7333943346780494,-1.084548358233641,-2.5359547676126675,-1.3443228922624058,-1.3429845601864216,0
2021_0401,2021,0.0860485972587004,-0.7333943346780494,0.1665467057472083,-0.524988577654018,-1.4726335188105686,-0.6797886719978696,0
2021_0402,2021,2.946691737232455,-0.7333943346780494,0.9038235017238723,-0.2790972235140434,1.189723102200539,1.4986514731331786,1
2021_0403,2021,-2.2729499281807124,-0.7333943346780494,-2.5535175422453067,-1.0096358289156935,-0.8783918490248216,0.09140100196663459,0
2021_0404,2021,-1.7349980782908685,-0.7333943346780494,0.503201414030688,-0.29537358052075846,-2.1067298957429546,0.5783984658728212,0
2021_0405,2021,0.21702077430146915,-0.7333943346780494,2.1288244629225055,-0.517307862610067,1.604803418416028,-0.5795320133153465,1
2021_0406,2021,0.020055511741776444,-0.7333943346780494,0.9686608923445647,0.7642321393124648,0.3437387228068006,0.27094536377454914,1
2021_0407,2021,-0.58293314947505,-0.7333943346780494,-2.22518425733115,-0.8123382052092645,0.7125136655893548,-1.0721520481199793,0
2021_0408,2021,-1.4466283702490215,-0.7333943346780494,-1.5862006765789738,-1.2605868651768888,-2.1328404858969754,0.39988225428788715,0
2021_0409,2021,1.3023663231901361,-0.7333943346780494,-0.8211455848875098,0.12942751398908026,0.6283268334294893,0.6706408972702047,1
2021_0410,2021,-0.69376086502672,-0.7333943346780494,-0.05491914738202286,-0.754551891186926,-1.4649788002172663,0.6206147271850178,0
2021_0411,2021,-3.107386833714915,-0.7333943346780494,-2.60330896686418,-1.3678365125632121,-1.726651394358472,-0.6035848304901619,0
2021_0412,2021,0.03676600395705476,-0.7333943346780494,-0.7131691298533236,-0.5929055246743886,-1.262451180920458,-0.04205098410050162,0
2021_0413,2021,-1.5990941633399176,-0.7333943346780494,-1.8436933477796882,-0.8781766216660757,0.8820392285851325,0.8371941459816314,0
2021_0414,2021,1.7824013062378574,-0.7333943346780494,-0.42670344499947666,-0.011282537066960807,0.9362016615755284,0.08856240472190155,1
2021_0415,2021,-0.629287160771453,-0.7333943346780494,-0.7616449067214283,0.9898422339029836,-1.5521226368575576,0.01269461765988994,0
2021_0416,2021,0.1207965607638406,-0.7333943346780494,-1.3337993853120313,-0.18476007743837902,-2.537196989820535,2.2034676086255565,0
2021_0417,2021,1.1451426122169666,-0.7333943346780494,1.8381891054253678,0.21728776737704553,-0.835294419030302,-0.6509891188661245,1
2021_0418,2021,-3.3736374590429308,-0.7333943346780494,-2.267605268728707,-0.4541395691752912,-1.3096399869127986,1.3804184680889826,0
2021_0419,2021,-1.1928723865464392,-0.7333943346780494,-1.7573146454738222,-1.626820136773508,-1.4020035849317272,-0.8546806635049304,0
2021_0420,2021,1.4507068581616012,-0.7333943346780494,-1.3876422084908913,0.1632283932214167,0.5871518290772388,0.9547810857714145,1
2021_0421,2021,0.21573914085988277,-0.7333943346780494,-1.1843466823279227,0.2799225495617524,-1.358574610414059,1.0081525581239732,1
2021_0422,2021,-1.1025093455670614,-0.7333943346780494,0.7981924099785127,-1.8467939099098825,-0.8870975152942069,-0.21036515505704573,0
2021_0423,2021,-1.611018434726292,-0.7333943346780494,1.0835982440996692,-0.21264595200558206,0.17634328638975236,-0.9174768528621062,0
2021_0424,2021,-2.5927539492825105,-0.7333943346780494,-0.9072737947760471,-1.105612702612826,0.7416991849959856,-1.6704332038034175,0
2021_0425,2021,-0.5785151049907161,-0.7333943346780494,-1.8238287659065118,-0.9554666674474037,-2.5997238405212824,-0.3151135089253357,0
2021_0426,2021,0.6862748491022039,-0.7333943346780494,0.701551074509893,0.03128014087664477,0.03867687872280223,0.8262186479523237,1
2021_0427,2021,0.8436207852629309,-0.7333943346780494,1.8735742024863637,3.5590905906430996,-0.011522167925808386,-0.7776281570995784,1
2021_0428,2021,0.7874211527129155,-0.7333943346780494,0.4856109801779539,-0.06261515017401287,0.9384353561493676,0.396948580923728,1
2021_0429,2021,2.4854785974641467,-0.7333943346780494,1.2376338670416893,-1.4686769538858275,-0.3587838444826308,-1.1764297979108453,1
2021_0430,2021,-1.2909161617733922,-0.7333943346780494,-1.0127560504812496,-2.1999319709588354,0.7981500862903469,0.06611180789603599,0
2021_0431,2021,1.3290998205458215,-0.7333943346780494,0.43118732991714204,1.3593026226954348,0.8413463481014528,-0.8470439041987308,1
2021_0432,2021,0.809363845613603,-0.7333943346780494,0.47380725400812884,1.93645269168313,0.6830110251657489,0.2220194981055729,1
2021_0433,2021,-0.7871331777450947,-0.7333943346780494,-0.7066791283144918,-1.2817971913728536,0.7130780470936386,-0.20107946960753204,0
2021_0434,2021,2.5993180484506717,-0.7333943346780494,0.02311186361255857,1.878949669635464,0.7847547571208193,-0.8903661362375999,1
2021_0435,2021,-0.6021391825134936,-0.7333943346780494,-0.5482706543764839,0.14158999984254417,-0.4197117638262457,-0.3588734778889406,0
2021_0436,2021,1.9368669613348561,-0.7333943346780494,0.528421040350818,0.410519869013911,0.08674164037255327,-0.6341568622419931,1
2021_0437,2021,1.8562302058843456,-0.7333943346780494,1.1273673046482302,0.3395537162294645,-0.5019769618016644,-1.0139247002374128,1
2021_0438,2021,-2.6302426433111634,-0.7333943346780494,0.38396256616855884,-0.4191297735843467,-1.3798435499290194,1.3827458252894176,0
2021_0439,2021,0.3738811683008616,-0.7333943346780494,0.8318079547730476,1.4774558221536411,2.877627046997583,-0.06017486445092479,1
2021_0440,2021,-1.4549873935991262,-0.7333943346780494,-0.08019565980800769,-0.2027054344049778,-0.1986300991273919,-1.9022254490736652,0
2021_0441,2021,0.5241359575067744,-0.7333943346780494,-0.7920328558838285,-0.0768083017986958,1.0608080952554975,-0.32328080759468564,1
2021_0442,2021,-2.3145370247559978,-0.7333943346780494,-1.4703630136405947,-0.7742070470263107,-1.7275547206759398,1.2147117138182644,0
2021_0443,2021,-3.122175740870574,-0.7333943346780494,-0.9723113789239272,1.3812634547219242,0.06568826093465353,-0.4613586332573764,0
2021_0444,2021,-2.596529213134141,-0.7333943346780494,0.9233306792064591,-0.348786202703808,-2.089808610598102,1.797743878133629,0
2021_0445,2021,0.9934744426573996,-0.7333943346780494,-0.9599520832598905,1.4693254268826152,-0.6887036271982622,-0.556662054961589,1
2021_0446,2021,-1.3194263668188846,-0.7333943346780494,-1.096209861892777,-0.06011501275076769,-1.3309427667375637,0.8034080558164551,0
2021_0447,2021,0.4569462238694245,-0.7333943346780494,2.456688850916263,0.8733577439977027,2.6567663663633754,1.3366385845910118,1
2021_0448,2021,-1.171074787316774,-0.7333943346780494,-1.785020405266872,-0.491301099984931,1.0029995207729812,0.750193972311433,0
2021_0449,2021,-1.6838336409083763,-0.7333943346780494,-1.2128388104256702,0.2973906253249794,-1.2286750818380165,-1.0744939746410305,0
2021_0450,2021,-0.15942641262615176,-0.7333943346780494,-0.6682610149444606,0.1186422353106833,-1.440489067288085,-0.6424685769215646,0
2021_0451,2021,-1.4116257640248373,-0.7333943346780494,-0.8154914462772198,-0.33610652198845137,-2.358343938531791,1.4700709903865816,0
2021_0452,2021,1.9463308814017153,-0.7333943346780494,2.565770475454414,-0.09376252554788811,0.8741291892440802,-0.5046114563319775,1
2021_0453,2021,-1.0467862377053074,-0.7333943346780494,-0.5515261899267682,-0.2144411944515281,-0.6460878856112866,1.2756765139022048,0
2021_0454,2021,-0.15207103924405496,-0.7333943346780494,2.327772895514219,0.5329920635319165,1.5500784414870667,-0.13028472181494388,1
2021_0455,2021,1.1593418242628246,-0.7333943346780494,0.6399916426900887,0.29174408865492407,1.665172137658906,0.4414373192191511,1
2021_0456,2021,0.014375900671316444,-0.7333943346780494,0.2594745887497034,3.278775974966068,0.6124491782185988,-1.0861072770209514,1
2021_0457,2021,1.1418791617830788,-0.7333943346780494,0.7742768069803645,-0.9390513077078276,1.3282264810216053,-0.30826757471249827,1
2021_0458,2021,0.5048691827693108,-0.7333943346780494,-0.15910309336760164,1.5585128590574828,0.13439307554579075,-0.5753063804397218,1
2021_0459,2021,1.6319630334848083,-0.7333943346780494,1.4835116962100952,-0.26267094425383064,1.3101904066926515,0.5255996505581735,1
2021_0460,2021,-0.09235433746620125,-0.7333943346780494,0.6141218872447542,0.7311954893433961,0.31812952572466924,0.3931975797158825,1
2021_0461,2021,1.2647018252794373,-0.7333943346780494,0.3282111000225246,3.168587519090185,1.236485590168591,0.7626498962456343,1
2021_0462,2021,1.822415582563194,-0.7333943346780494,1.4986584096210018,-0.36236899482406293,1.159576259021097,-0.19052250309267282,1
2021_0463,2021,-0.3424044306910047,-0.7333943346780494,-2.143715777974289,-1.3238726548272637,-0.734636555589689,-0.6302300712945783,0
2021_0464,2021,0.48583224211577714,-0.7333943346780494,1.7705022138557944,0.5824862628483997,1.5548127322513867,0.4827290855443077,1
2021_0465,2021,-1.2322490277928249,-0.7333943346780494,-1.4783373884913609,-1.4472169576313618,-2.2918791177926514,-0.7295889030070344,0
2021_0466,2021,1.4341469729115734,-0.7333943346780494,2.159096444094184,1.484056350940301,-0.21167040730989298,1.3784225264225882,1
2021_0467,2021,2.797126279542768,-0.7333943346780494,0.6072624217704328,0.06547056393670492,0.5434433101246174,0.18547761341088742,1
2021_0468,2021,-0.23133006075013696,-0.7333943346780494,1.6319096665579242,1.254009640149337,-0.5711002182896568,-0.026135109704956028,1
2021_0469,2021,0.33889745492895107,-0.7333943346780494,1.179562373772906,-0.7291891318000693,0.4134787111730299,0.7621756227502112,1
2021_0470,2021,4.05446249273608,-0.7333943346780494,1.7439018737144867,-1.2068315021542255,0.44410121967632726,0.22363550056828363,1
2021_0471,2021,0.9769027160440252,-0.7333943346780494,1.1099468921476272,0.3710150210469505,2.044199597333359,-1.3580517168351964,1
2021_0472,2021,-3.1409938099032746,-0.7333943346780494,-2.663397412343244,-2.168507838037595,-0.6645929828231107,-0.7614298993894335,0
2021_0473,2021,-1.8325501433481661,-0.7333943346780494,0.008793539242132109,0.9182689127654503,0.1779580972606842,1.357708703864615,0
2021_0474,2021,-4.0188732214643625,-0.7333943346780494,-1.0876829224579072,-2.129803490494998,-0.5134090171307678,0.38388434784458264,0
2021_0475,2021,-1.0090792875438468,-0.7333943346780494,-0.210483922645187,-1.6376866876706977,-1.3088839076704621,-1.3815678023634412,0
2021_0476,2021,2.0597847602782187,-0.7333943346780494,1.6902464768688565,1.0136198854746101,0.9270309673591866,0.6521120667151661,1
2021_0477,2021,0.33833762383124677,-0.7333943346780494,0.22670351898865826,0.013636049937993833,1.4929550172355643,-0.2592588198697488,1
2021_0478,2021,0.7792760777484932,-0.7333943346780494,0.0852045948247031,-0.918387969867604,1.933731260120452,-0.5744999525087819,1
2021_0479,2021,-0.3263458446310875,-0.7333943346780494,-0.344644898550996,1.4399641600719595,-0.9256945597877118,-0.844872725633846,0
2021_0480,2021,-0.5002154648460704,-0.7333943346780494,0.6967509705894862,-0.401633803159574,-0.7651351116602969,1.2999294713186873,1
2021_0481,2021,-2.5715712121995455,-0.7333943346780494,-0.06357072053350299,-0.7962578074965492,-2.431912144550807,-1.66549837200535,0
2021_0482,2021,1.0218848182843603,-0.7333943346780494,0.8217990571369768,0.3908074798939697,0.4899080203889575,-0.5375320744394902,1
2021_0483,2021,0.4976651625331816,-0.7333943346780494,2.023409777448288,1.3103091519665777,-1.4210064260905744,0.4201267659112424,1
2021_0484,2021,-1.5438668974735879,-0.7333943346780494,-0.5766955157908983,-0.13764753932894108,0.905349242449989,1.8783630689034967,0
2021_0485,2021,-2.5137503194065216,-0.7333943346780494,-0.7120250062858515,-1.4268010377310056,-0.23291343017025326,0.8538581963503189,0
2021_0486,2021,-1.0356865140784923,-0.7333943346780494,-1.3740111987402743,-0.9258272174433068,-1.4038836590223827,-0.5460246155328026,0
2021_0487,2021,-1.3992330851799888,-0.7333943346780494,-0.7675723859384834,-0.8269224335418157,-1.854165214308356,1.8293534541068148,0
2021_0488,2021,-0.7008095057669672,-0.7333943346780494,0.19285271495270928,0.14895949819856202,0.17671314117730447,-1.0551233997049725,0
2021_0489,2021,-1.0496004995197075,-0.7333943346780494,-1.0542154586633197,-1.7683219148586011,-1.8579552978684555,0.5653361653551545,0
2021_0490,2021,-1.0433099275039766,-0.7333943346780494,-0.46882555631614464,1.418110556755782,-1.767315425421,0.7877846457522149,0
2021_0491,2021,-2.6963073545301137,-0.7333943346780494,-0.9536399237502939,-1.3591833874594441,-1.5276486430253573,-0.5811155832004411,0
2021_0492,2021,-0.7574084483551278,-0.7333943346780494,-0.8753959572545782,-0.6087493967565932,-0.691616956154391,0.9975930518882539,0
2021_0493,2021,0.919133598195558,-0.7333943346780494,2.7234107569382986,-0.5599894396932418,1.3897575671900286,-0.21389012894095955,1
2021_0494,2021,-1.4165983076496178,-0.7333943346780494,0.20173003103955112,-1.8981590116406166,0.33303862174487986,0.9951424275179643,0
2021_0495,2021,2.2982643763908097,-0.7333943346780494,1.0794038151957184,-0.274428409077624,1.7927227339993668,-1.5395954925862088,1
2021_0496,2021,-1.969435556516895,-0.7333943346780494,-0.7855459120639658,-1.5705232176642552,-0.7992649762269954,0.6349760902288746,0
2021_0497,2021,0.1011843284590006,-0.7333943346780494,-1.701870503550969,-1.0142570241548305,0.16949587506851713,-0.11210667269360514,0
2021_0498,2021,0.19447529937309316,-0.7333943346780494,-1.1729715462649533,-1.5789650287637407,-1.4374496332775424,1.4497037829678219,0
2021_0499,2021,2.002784437364372,-0.7333943346780494,1.309397787548615,1.2955524212942098,-0.9298227137388682,0.2560192702290495,1
2021_0500,2021,-2.230620810767422,-0.7333943346780494,-0.14938641043087209,-1.3829838953183748,-1.4375745181249828,1.5492295337201192,0
2021_0501,2021,-0.9362932456269317,-0.7333943346780494,1.749220896910919,-0.29381549345191527,0.03405251143752694,0.807612765033052,1
2021_0502,2021,-0.17116508574005906,-0.7333943346780494,-2.10925905590451,-0.9929688641172687,-1.4003877182092181,0.1724915409518427,0
2021_0503,2021,1.3613850613310796,-0.7333943346780494,1.9769827306786314,1.5928388786962944,-0.11140599277979472,1.087669309614295,1
2021_0504,2021,-1.9951974708214624,-0.7333943346780494,-1.0887736793775529,-0.38512382638960074,-1.2380540987007265,1.0940584645271216,0
2021_0505,2021,-0.07643765624439736,-0.7333943346780494,-1.9869913556775378,-0.6996895298874699,-0.2109836466111009,0.7719100044912137,0
2021_0506,2021,0.3884411191221906,-0.7333943346780494,2.3363847374319215,-0.833044769968679,2.429494247529443,-1.9923013746251834,1
2021_0507,2021,-1.6741552582309427,-0.7333943346780494,0.4632789967379529,-1.7427084598637093,-2.439079150546072,-0.6825604907643978,0
2021_0508,2021,-0.7251096356830059,-0.7333943346780494,-0.7362530176593397,-1.8784099400396235,-2.023347895555707,1.6841058465059235,0
2021_0509,2021,0.1363971683851226,-0.7333943346780494,1.708793601905235,1.9068512236723465,0.04812605420824083,-0.9559458554352658,1
2021_0510,2021,-1.3594809096070675,-0.7333943346780494,-0.232550791255568,-0.06943687686835243,-0.07254521643523691,1.1824611500658069,0
2021_0511,2021,-0.16086281608663855,-0.7333943346780494,0.3957721528122511,-1.461620508924194,-0.9947000708243973,1.0064526567796688,0
2021_0512,2021,-1.03888925637887,-0.7333943346780494,-0.27193147456827493,-1.1643716438256555,-1.4879037619484416,-0.4257523615820294,0
2021_0513,2021,-0.002573663176319352,-0.7333943346780494,-2.3276882774385688,-1.425290176237334,-0.1191036426798497,-1.6952316271167245,0
2021_0514,2021,2.383602358005998,-0.7333943346780494,3.0098077489711277,-0.2858612163807086,1.7085707530248706,-0.2689125979479266,1
2021_0515,2021,1.2577383344216193,-0.7333943346780494,2.065656889480043,1.0603010312161805,0.7821780385475513,2.378015043633011,1
2021_0516,2021,-1.0867413763573883,-0.7333943346780494,0.49047579472723535,0.3124637792156868,0.024591734710483378,-0.5632772922093545,1
2021_0517,2021,-2.3557722952153064,-0.7333943346780494,-2.0296250723574096,1.4811677442974633,-0.5432344111263769,-0.49425734459927045,0
2021_0518,2021,2.0133341123844897,-0.7333943346780494,1.5048134304040839,1.8503598245169983,0.5783952019700614,-0.6975824103098267,1
2021_0519,2021,-0.30025142028528706,-0.7333943346780494,0.7217399616324207,1.9094803404667222,0.5710374184038125,1.5147844765495195,1
2021_0520,2021,-1.57669258858695,-0.7333943346780494,-0.6700046460010408,0.0713569749481262,-1.2867802076717445,0.05708428837489363,0
2021_0521,2021,1.5884806136890324,-0.7333943346780494,1.7434068412782633,0.17734092949281088,1.6787340849559846,-0.32590622894913895,1
2021_0522,2021,2.7195706957615102,-0.7333943346780494,0.4335581120032046,1.1977908845295842,1.0373862150104542,1.713474017195351,1
2021_0523,2021,0.6749803035455859,-0.7333943346780494,-0.11610799268433736,0.25116730547134203,1.783915837795149,0.8794940879355369,1
2021_0524,2021,-1.8934877090831295,-0.7333943346780494,-0.6141815321280218,1.0302760507283626,0.46950983820421943,-0.6192902417102595,0
2021_0525,2021,-1.3024457664955005,-0.7333943346780494,-1.5333878552769735,-0.19572061695007942,-0.3639682695766914,-0.9235839110617803,0
2021_0526,2021,1.6009129698101023,-0.7333943346780494,1.1460957857323981,0.8623603586030151,0.3188467408591056,1.4581699648799733,1
2021_0527,2021,1.095753172603906,-0.7333943346780494,-0.3433264369622646,0.7270726624295091,1.7883099206087958,0.31678816374171587,1
2021_0528,2021,-0.20073165111418945,-0.7333943346780494,-1.2521827244746375,1.1402664273608583,-0.35761853283556333,-1.2490640198561127,0
2021_0529,2021,-2.049143833028472,-0.7333943346780494,-0.2850481089600033,-2.0337503338367857,1.6731993879672573,-1.483115686893549,0
2021_0530,2021,1.3701609333790434,-0.7333943346780494,1.6059325076467967,2.4382878276687263,1.0945977440699521,-0.8160387151997586,1
2021_0531,2021,-0.804787289752981,-0.7333943346780494,-1.7883579708732686,-0.7861538074541377,-0.13719636293662035,-0.9394845881030298,0
2021_0532,2021,-1.6502328099058565,-0.7333943346780494,-2.1682643693180514,-2.006148975815651,-0.5240973032687699,-1.7460769709014363,0
2021_0533,2021,2.0897099365599665,-0.7333943346780494,1.015763689751792,-0.15220973164305607,0.7058563377252879,-0.7995069866484961,1
2021_0534,2021,-1.1010414587576505,-0.7333943346780494,-0.4389672029805911,-2.250807262723583,-1.045851972108188,-0.6190805616438537,0
2021_0535,2021,-0.4611542868477261,-0.7333943346780494,-0.594824859807449,0.05365674558564004,-0.5204683475743617,-0.16268128838457047,0
2021_0536,2021,-1.055895891951168,-0.7333943346780494,-1.5121598443613098,-1.6382929503465196,-0.30488303577683756,1.9929100451277126,0
2021_0537,2021,1.626404571487228,-0.7333943346780494,1.2978244424866034,0.7686676662047002,1.8966685046622038,0.03315672790172619,1
2021_0538,2021,-1.8823917568493553,-0.7333943346780494,0.5023554712759948,0.5342170301658477,-0.5065919696114239,0.1324251622557855,0
2021_0539,2021,0.6192282948087766,-0.7333943346780494,1.2051446873090277,-0.07201692856613684,0.3602552833460325,0.8092553637989424,1
2021_0540,2021,2.4743964799287768,-0.7333943346780494,-0.6331479358186201,0.3318963069756077,0.48948870323096577,0.06268192893343993,1
2021_0541,2021,1.8855104445203323,-0.7333943346780494,1.2032003381006422,-0.7033666099160157,-0.45679009575802176,0.7001529638867083,1
2021_0542,2021,0.22703483377759826,-0.7333943346780494,3.043956971212609,0.21164289104880235,2.3781531513936947,0.5806148769517333,1
2021_0543,2021,1.4308634246548315,-0.7333943346780494,-0.28739081311559556,3.1740236252733722,0.28588506715519374,0.4225885655992434,1
2021_0544,2021,-3.6237760535354258,-0.7333943346780494,-0.9702753381709779,0.1779331641104418,0.11906843713101133,3.066466084418958,0
2021_0545,2021,0.6760598363005834,-0.7333943346780494,0.7736645669678656,0.3352695811063951,1.062723314570407,1.211125844044352,1
2021_0546,2021,2.211027676619906,-0.7333943346780494,1.095882959275064,-0.0116880361817151,1.0885452392974366,-0.7817219847067305,1
2021_0547,2021,1.1248544112888406,-0.7333943346780494,1.1942521531537718,0.5573666043435666,0.6884245184912801,0.6702221861891638,1
2021_0548,2021,-1.1320873303339687,-0.7333943346780494,0.1399719860629245,-0.4699492478063605,-1.5484089441953397,-0.49173680665972025,0
2021_0549,2021,-4.266381246520211,-0.7333943346780494,-0.9152167135991894,-1.0190697071457577,-1.7201086304673765,0.7462507640598537,0
2021_0550,2021,0.8577463818638482,-0.7333943346780494,2.277259557212047,1.1300591957711292,2.44204211936469,-1.0751874171082698,1
2021_0551,2021,-0.9117277761727876,-0.7333943346780494,-1.1176556587864825,-1.553447490060409,-0.6917369751046163,-0.8077794480839788,0
2021_0552,2021,1.7152898753983397,-0.7333943346780494,0.649863226025367,-0.35838767498426816,1.8690043588782683,0.643907562490127,1
2021_0553,2021,-0.28764428866563574,-0.7333943346780494,-1.6691829830386058,-0.22980454294979535,0.5156615907629885,1.2976691135980254,0
2021_0554,2021,1.0397422482265717,-0.7333943346780494,-0.8170870291201529,-0.5686417535643978,0.4096954164057465,0.802644348753013,1
2021_0555,2021,1.0843441873758508,-0.7333943346780494,1.27578141192584,1.3290172528625397,1.202330477631452,1.154117334535218,1
2021_0556,2021,-2.5821174294098626,-0.7333943346780494,1.0540002884718427,-0.6142806123969334,-0.7572397632832197,0.673818558763846,0
2021_0557,2021,-1.454521539173198,-0.7333943346780494,-0.5417645227141388,-2.4279092187172133,-1.8993531128660446,0.4724960990323319,0
2021_0558,2021,-0.011575062397798597,-0.7333943346780494,1.6867473541616795,0.7094991255609467,0.6237940228909568,-0.20369327425843692,1
2021_0559,2021,-3.0978701198054166,-0.7333943346780494,-1.413031325014455,-2.2851466245889944,-0.24186873927273392,1.113001808716797,0
2021_0560,2021,-2.3351793701105783,-0.7333943346780494,-1.2443333912736707,0.09336200965566133,-1.274077792260315,1.3248792328266414,0
2021_0561,2021,2.7586849078039712,-0.7333943346780494,1.9846414883332621,0.35128567074940387,0.49139896439673186,0.2368843086702248,1
2021_0562,2021,-1.5205612015132766,-0.7333943346780494,1.0086936402898203,1.2510842165068197,-0.964698512616363,0.1830739582213419,0
2021_0563,2021,1.4698773630233657,-0.7333943346780494,2.4879479357968197,1.6713128443726069,2.805952864744598,1.891405811722237,1
2021_0564,2021,-1.763496251198056,-0.7333943346780494,-0.19475537027197798,-1.6606925062318245,-2.542346490249218,0.27957822018377715,0
2021_0565,2021,-3.0405510194518977,-0.7333943346780494,-0.9648494206094911,-2.6207398638414174,-0.3234388659241039,0.37568587036596907,0
2021_0566,2021,2.186113124929707,-0.7333943346780494,1.2097189142673235,-0.15510125679137388,0.5593278766104434,0.784225907752895,1
2021_0567,2021,-3.4221981398555887,-0.7333943346780494,-1.7535073194282544,-1.8212586028303712,-1.4086221630773121,0.20219374404584634,0
2021_0568,2021,-1.8047926767916584,-0.7333943346780494,-2.448167521302657,1.2257380868770942,-1.063981921798452,-0.5203403227430952,0
2021_0569,2021,1.195385119149939,-0.7333943346780494,-0.12679835775994097,0.5896853407198486,1.434007431641752,0.6779655755235219,1
2021_0570,2021,1.4804896434298551,-0.7333943346780494,1.0498000345219376,1.5334188041831667,1.4882974143195329,0.2612449899776785,1
2021_0571,2021,0.5235303954711301,-0.7333943346780494,0.7080077385733228,0.3149690874494141,0.9767162663130154,2.1422497564744964,1
2021_0572,2021,-0.5879614830549744,-0.7333943346780494,-0.4694417047196846,0.4203325117193544,1.838104250633796,1.0884485502923762,1
2021_0573,2021,-2.0510932923354384,-0.7333943346780494,-1.037323379049736,-0.6326270225089082,0.40539134534554755,-0.2954822864430015,0
2021_0574,2021,-1.9987579876196624,-0.7333943346780494,-1.318430324465945,0.5065393185924464,-0.02444285514691635,1.0290602191903755,0
2021_0575,2021,0.4769065048449197,-0.7333943346780494,-0.17284885528408034,0.9116247556745987,0.28111717141014203,0.6078658347309799,1
2021_0576,2021,2.2200585902076035,-0.7333943346780494,0.6298209893799295,-0.45733384347666506,1.2697194717522329,1.6094263019455128,1
2021_0577,2021,0.0363972218608577,-0.7333943346780494,0.6790469992836559,2.2225141380864173,1.274240626181641,-0.22445421282903938,1
2021_0578,2021,-0.9490207255618411,-0.7333943346780494,-1.6166371399244666,-0.8928154989863131,-1.5748498619642242,0.48867614835952433,0
2021_0579,2021,-1.0917029627820842,-0.7333943346780494,-0.07332983522406034,-1.0555201238766485,-2.2909669493515454,0.2009063509075077,0
2021_0580,2021,-0.28954492252833,-0.7333943346780494,-2.9029015620933123,-3.429505302249035,-2.721636840305828,0.3584794230582994,0
2021_0581,2021,1.1168681282630688,-0.7333943346780494,-0.9857989907109712,1.234399591161337,0.8663627156065441,-0.5851989490039493,1
2021_0582,2021,2.0411309671975584,-0.7333943346780494,1.0032857844490919,0.7010126396618833,1.0831377291235724,0.8759116679131767,1
2021_0583,2021,-1.422220138094098,-0.7333943346780494,-0.9038728106076941,-0.5000743433980979,-1.9226924987697938,0.7179642758494968,0
2021_0584,2021,-0.8156074734151997,-0.7333943346780494,-0.5957848639810266,-1.002824671110818,0.19373071592379443,1.5852236169217953,0
2021_0585,2021,-2.7529410872472404,-0.7333943346780494,-1.538973508279094,-1.1752178401327829,-0.6553927581684085,0.28997414801321936,0
2021_0586,2021,-3.8882780762911087,-0.7333943346780494,-1.9179238050923317,-0.9695804268304298,0.48197998416958515,-0.11183950824813504,0
2021_0587,2021,1.6275468535658533,-0.7333943346780494,0.9926838673050525,1.0631608711272795,1.1520090764844115,1.089294377944037,1
2021_0588,2021,1.6811831260392296,-0.7333943346780494,0.5584218646520038,1.2391177730333505,-0.2130168932851938,-0.4942043815996842,1
2021_0589,2021,-0.7744976668481175,-0.7333943346780494,0.5510714046556944,-0.8310315883745985,-0.3646328473743586,1.384984535083959,0
2021_0590,2021,0.7250674852453208,-0.7333943346780494,0.6757727500748082,1.548937494316759,1.4366051601284964,1.382841997413703,1
2021_0591,2021,2.7397222522103726,-0.7333943346780494,0.9468148482829221,0.5210258189825223,0.2797575934073445,1.5572789011344086,1
2021_0592,2021,-1.709877815737022,-0.7333943346780494,1.4754181395979424,-1.1042264181236554,-2.1699883474443813,0.6766229846794934,0
2021_0593,2021,-0.8291209803276305,-0.7333943346780494,-1.194760226730687,-0.40158442509263564,-0.704718738908724,-0.18649638259776613,0
2021_0594,2021,-0.6553637749959215,-0.7333943346780494,-0.4438431348009093,-1.9593864184938603,-1.7508024035503758,0.4091877263053626,0
2021_0595,2021,0.46874015974911054,-0.7333943346780494,-0.35369056661364695,-0.36728169092075147,0.2648432799080752,0.6800688950792062,0
2021_0596,2021,0.9329703802101664,-0.7333943346780494,1.7314016437182147,-0.9421821055263716,0.4131821535947371,-0.260141645187876,1
2021_0597,2021,0.5968070937708472,-0.7333943346780494,1.2894872654112524,-0.4277269599837642,2.438371051168634,1.6331162889252158,1
2021_0598,2021,-2.748145384415323,-0.7333943346780494,-0.8061592055894904,-2.6186914067166245,-2.817950734142894,0.8800841675685429,0
2021_0599,2021,0.30236700666247307,-0.7333943346780494,-0.8996657101628839,-0.7751169526715006,-0.6719441760621094,-0.5922229553220049,0
2021_0600,2021,1.6714109070485401,-0.7333943346780494,0.4240060977662268,2.2096337023090937,2.157923008096254,2.182873676465777,1
2021_0601,2021,-0.7969388941056978,-0.7333943346780494,-0.6744811971607316,-0.7170766610814351,-1.6457891000929321,0.39738927517017686,0
2021_0602,2021,4.366704241323919,-0.7333943346780494,3.028645837424592,1.243585379433127,0.6487591111543163,-0.7941030428499862,1
2021_0603,2021,1.5750447411862993,-0.7333943346780494,2.2106819089635574,2.952313897312389,0.4171160713541583,-0.5302541227472741,1
2021_0604,2021,-0.05232140510003225,-0.7333943346780494,1.3039180222246367,1.0040558481200959,0.15042073995533134,1.7877835971653446,1
2021_0605,2021,1.054096425007024,-0.7333943346780494,1.8558297981059901,-0.1652120445880223,1.0323915090585674,2.1249849162168215,1
2021_0606,2021,0.2752175911513468,-0.7333943346780494,0.1308240912693478,-0.027568602735837278,-0.43065052094914863,1.3094850534809184,1
2021_0607,2021,0.8541316054172277,-0.7333943346780494,0.7394878458002813,0.6006582082230062,0.6945796577362857,1.6193086485871355,1
2021_0608,2021,-1.6525896027546072,-0.7333943346780494,-0.05215015581594473,-1.2328946452609244,-0.30980547419965526,1.5166154587986111,0
2021_0609,2021,-1.8370243910670494,-0.7333943346780494,0.4871671934581916,-1.158086999813432,-1.004339025817311,0.8569161527640661,0
2021_0610,2021,-2.6432825053553968,-0.7333943346780494,-1.770866172095378,0.3852539092594899,-1.750193989986487,0.6290417878109258,0
2021_0611,2021,0.34250163367229614,-0.7333943346780494,-1.4835883094231572,0.42615628077221224,0.17867612867142665,0.8398631944766077,0
2021_0612,2021,-0.9511519555616061,-0.7333943346780494,1.1813757938785363,-2.246892482048664,-0.10625588646399245,1.0360154431432946,0
2021_0613,2021,-1.4754720347002384,-0.7333943346780494,-0.9037387502310276,-1.4181695179002196,-1.7891278127385544,-0.4415980065263982,0
2021_0614,2021,-0.492362170484257,-0.7333943346780494,0.8233619727003787,-1.0640043869133926,-2.0294021867714145,1.03195872931211,0
2021_0615,2021,-0.7789327251506091,-0.7333943346780494,-0.7931426827242075,-0.000911053834747988,-1.7043281951941331,1.7586168472970176,0
2021_0616,2021,-0.9743092672579525,-0.7333943346780494,-0.7538197176745648,0.5430755885056563,-0.2819904927871455,0.09362757167096902,0
2021_0617,2021,1.9349980727668268,-0.7333943346780494,0.6945091123401026,3.301967934273884,1.0617942540144185,-0.01324778532179699,1
2021_0618,2021,1.3839347437586567,-0.7333943346780494,1.9425551415102287,0.13432670371733857,1.5505785768234286,0.776546309238666,1
2021_0619,2021,1.9202214569915914,-0.7333943346780494,2.3577775503039997,0.18427128565797107,0.4901572928519159,-0.34965755040813623,1
2021_0620,2021,2.003112300877775,-0.7333943346780494,-0.03500223014086701,1.1885700156377141,-0.07849752562510175,-1.0168186166275062,1
2021_0621,2021,1.412718735032803,-0.7333943346780494,0.6475494477795632,-0.08221671895485927,1.672904163993774,1.447719040105178,1
2021_0622,2021,1.0296055065038843,-0.7333943346780494,1.9150785243742203,0.4590381385094829,0.27422391222139425,-0.15095126002343295,1
2021_0623,2021,0.2803978014539088,-0.7333943346780494,-1.1295486377843278,-1.0150381087835458,-0.6227793469387204,0.31844857872020926,0
2021_0624,2021,0.7720984602265664,-0.7333943346780494,0.5066145314667898,-2.021653921904179,-0.6724285971596055,-0.31012504100806554,1
2021_0625,2021,-0.8586863995726541,-0.7333943346780494,0.009542153869401826,-0.47676676984845434,-1.3413199031066594,1.576754814912999,0
2021_0626,2021,1.6639084107390665,-0.7333943346780494,2.103453204712511,0.4176390406972097,1.7589265048944378,1.1531761582840143,1
2021_0627,2021,0.6404421477363644,-0.7333943346780494,0.5503579093278614,1.8712310502568994,0.11953916166363532,0.059260458846299435,1
2021_0628,2021,-2.057822385311493,-0.7333943346780494,-0.7876334720120544,-0.5945095924636451,-0.026221369621075498,-0.8798973647627519,0
2021_0629,2021,0.896147979130149,-0.7333943346780494,-0.208474795904233,-0.6547474783141723,-1.4144687113787842,-0.04692980485820031,1
2021_0630,2021,-1.742216853175608,-0.7333943346780494,-1.8954809104786992,-0.8580988729795234,-1.3314220766610267,0.8701526999497136,0
2021_0631,2021,-2.7081305616388653,-0.7333943346780494,-0.8758347678666201,-2.6910828431366283,-0.962786913584226,0.4886357040797652,0
2021_0632,2021,-1.9014950825192756,-0.7333943346780494,-0.9685932124201565,-1.8109178351996427,0.8554132881752854,0.409098044451987,0
2021_0633,2021,-0.9837770153654377,-0.7333943346780494,-1.9668760917306345,0.03550596815299767,-1.9106097360137293,0.5116987594698118,0
2021_0634,2021,0.015943584148598644,-0.7333943346780494,-1.7159739247255754,-0.8473404399536633,-0.16255636932526485,1.0587962314981596,0
2021_0635,2021,1.8043913351736331,-0.7333943346780494,-0.0650443699555594,1.5225082394980656,1.804085192186354,0.2581407959349557,1
2021_0636,2021,-1.3495344983702382,-0.7333943346780494,1.4550598569132105,-1.3668922508780477,0.11458483511793928,0.7500134504595026,1
2021_0637,2021,-0.6086962852426724,-0.7333943346780494,-2.9676391966919002,-0.8424613973237529,-1.1548477513340554,-0.6869192077450983,0
2021_0638,2021,0.6918482141042822,-0.7333943346780494,-0.011577229560196134,0.12448750161221461,0.9345473351213084,2.8538507769753254,1
2021_0639,2021,-0.796919925312237,-0.7333943346780494,-2.862941547832321,0.35584858261320607,-2.2074107188329033,0.016140680683745356,0
2021_0640,2021,-1.264135259210628,-0.7333943346780494,-0.5809793961420193,0.07276276816662264,-1.232348051268289,0.5035930078839773,0
2021_0641,2021,1.0573123739131722,-0.7333943346780494,-0.8027335500547015,1.242252150088298,2.0123064388990954,0.866465524786211,1
2021_0642,2021,1.1477642720378587,-0.7333943346780494,1.0317291985355403,2.1414100380841012,1.2965220703211997,-0.11079051240054072,1
2021_0643,2021,-1.2724243082697801,-0.7333943346780494,0.6395240157474233,-0.9680871092865662,-0.9489137250090807,0.30782479424946285,0
2021_0644,2021,0.09440497209024379,-0.7333943346780494,0.6734339812709018,0.7350808353007191,-0.6925812562553408,0.2956752746567751,0
2021_0645,2021,1.2303398129149126,-0.7333943346780494,-0.8059075691788211,-0.44420615087973603,1.351860097253283,-0.614038092573377,1
2021_0646,2021,2.3355361331812006,-0.7333943346780494,1.2984096016309556,-0.48087774976569386,1.533789640514608,0.7385894255396384,1
2021_0647,2021,-0.31009413415434284,-0.7333943346780494,-1.9889712963804547,0.1527465714983388,-1.3285934400101471,-1.3492218382587309,0
2021_0648,2021,-0.582954452416347,-0.7333943346780494,-2.193136035710258,-2.1047407384088017,0.6579848961156861,2.052708442416614,0
2021_0649,2021,-3.0366188201296778,-0.7333943346780494,-1.113469954390074,-0.02723437158104214,0.450530791144428,1.092970884978393,0
2021_0650,2021,2.366632656161607,-0.7333943346780494,2.2282911569331256,0.7013131937213261,1.4433947488355523,0.9391223576533765,1
2021_0651,2021,0.792098705864412,-0.7333943346780494,1.5996588742203581,1.6718527286548728,-0.0008118725535965661,-1.4366421124332418,1
2021_0652,2021,1.9657272810747723,-0.7333943346780494,0.2848590715171193,0.5405560350451105,-0.1692127114320635,-0.4925286732930206,1
2021_0653,2021,-2.2225328332404137,-0.7333943346780494,-0.2949660025899975,-0.5439510537044728,-1.1102736067667636,1.689345120805054,0
2021_0654,2021,0.06492595669674417,-0.7333943346780494,-1.2437083318816793,1.1092649929249059,0.8577268427621904,4.451241397039601,1
2021_0655,2021,3.226388736831199,-0.7333943346780494,0.2470542015667596,-0.06264955005977846,-0.8800672722810997,1.4946924650570308,1
2021_0656,2021,-2.2069830668381143,-0.7333943346780494,-1.8238915447012507,-1.3062063074902213,-0.3300415231320067,1.336943410250951,0
2021_0657,2021,2.396106639051747,-0.7333943346780494,1.0783206917389312,1.0744294398434193,2.023089150656048,0.8249742281141881,1
2021_0658,2021,-1.1315796785634789,-0.7333943346780494,-1.2028279636599997,-0.6292878091306374,-0.25234956716066653,-0.5474971957101704,0
2021_0659,2021,-1.6701200583601716,-0.7333943346780494,-1.1414710936198849,-1.0073139173042804,-1.4422501626640234,1.2951740832003305,0
2021_0660,2021,1.2051711156697935,-0.7333943346780494,0.8252804698938614,0.5172159003023324,0.045316772469533924,-0.801207337096929,1
2021_0661,2021,-2.551094496531311,-0.7333943346780494,-0.977592759010913,0.9945595078383299,-0.5151402730346253,-0.9105851651398535,0
2021_0662,2021,1.2362456203907695,-0.7333943346780494,1.5401309669582237,0.15698159326010747,0.6543614704287293,-0.9735293254384898,1
2021_0663,2021,0.16725968610404052,-0.7333943346780494,1.1493310261023828,0.1279803867179844,1.2208891155431127,1.275722646501593,1
2021_0664,2021,-1.6454437943139857,-0.7333943346780494,-1.2843518166045584,-2.307444224662495,-0.228364696024647,0.2425859450724981,0
2021_0665,2021,-0.324700436030424,-0.7333943346780494,-0.5982517201952178,-0.6423529381571149,0.23729600244992902,0.4008580999043805,0
2021_0666,2021,1.5041906765576574,-0.7333943346780494,1.8261235436527639,1.256883511240392,-0.27551725748304584,0.28459606294931555,1
2021_0667,2021,-2.7321704988805218,-0.7333943346780494,-1.5560258907226294,0.23619811568086813,-0.5894619995431536,-0.8257165411982248,0
2021_0668,2021,2.10148812691387,-0.7333943346780494,0.9405972693273242,0.7082176016305326,0.4546987462367427,-0.37073090601740405,1
2021_0669,2021,-1.2570997619091426,-0.7333943346780494,0.16190656304658635,0.35583357308088337,-0.8937032917385934,-0.3204262062534526,0
2021_0670,2021,-1.7921852684093387,-0.7333943346780494,-2.102760677267357,0.13123040188024193,0.02118841003530682,-1.1052714472253606,0
2021_0671,2021,1.996676303908931,-0.7333943346780494,2.8047021962559437,1.7129502296922627,1.7244695793986813,-0.20421009530035122,1
2021_0672,2021,-1.4172068369770023,-0.7333943346780494,-2.3391549747395755,0.3843026554775617,0.5285214678644715,-0.7813064563962386,0
2021_0673,2021,0.08433866009428725,-0.7333943346780494,0.6546353887952634,2.1699781961072513,1.2043107378498543,0.8776756288669925,1
2021_0674,2021,3.0978097114496044,-0.7333943346780494,0.04981000312398798,0.4303068334337503,0.6954840487819954,0.9609710639668241,1
2021_0675,2021,-1.2672874428909877,-0.7333943346780494,1.1879269968693769,-1.9270580423615082,-1.0402345459778646,-0.9936391226398897,0
2021_0676,2021,1.1686147955177828,-0.7333943346780494,0.49664997115284815,1.2637187436854203,-0.8480172522749354,0.003368235751999349,1
2021_0677,2021,0.84489482826941,-0.7333943346780494,0.4991588434714672,1.3805531893227763,2.072748292653674,2.1560598813167036,1
2021_0678,2021,2.4299657394575895,-0.7333943346780494,0.6292512600600808,2.1699953933811393,0.4941965069036135,-0.6807628976782931,1
2021_0679,2021,-1.7748785081420402,-0.7333943346780494,-0.9043971921060497,0.681290356169706,-0.3193977929972351,0.7266378177950658,0
2021_0680,2021,-2.7949798588116046,-0.7333943346780494,-1.328441778904511,1.3454724558645652,-0.1549533005446889,0.40552193400288433,0
2021_0681,2021,0.5713223381040214,-0.7333943346780494,0.8671131953776006,1.219853980326533,-0.3830497335976324,1.3928875578409072,1
2021_0682,2021,2.5767746004547925,-0.7333943346780494,-2.5292099530237375,0.8288105919386282,-0.07717907283665286,0.5954668413574062,1
2021_0683,2021,2.0821321614571175,-0.7333943346780494,1.0571598360018273,-0.7849831213257467,2.2696689117027193,-0.13129547792375018,1
2021_0684,2021,0.9949843473401389,-0.7333943346780494,1.0178066214866448,0.9080965345140803,1.075913739899367,0.36676412147288506,1
2021_0685,2021,2.623255141640474,-0.7333943346780494,2.0385687974123936,0.04749664312868207,0.24844361891640981,0.38136994395373586,1
2021_0686,2021,-0.5020577711781175,-0.7333943346780494,0.309060948279402,-0.3884899865675291,-0.9200296605711666,0.2083048177171762,0
2021_0687,2021,0.9834106363653933,-0.7333943346780494,0.8122919386082025,0.654513186309656,1.8319250595911971,-1.0191114553240175,1
2021_0688,2021,-1.4159098551010798,-0.7333943346780494,-0.18377091832604464,-0.12826641114986503,0.08759875574758896,1.5430886075978922,0
2021_0689,2021,-0.9206822680545659,-0.7333943346780494,-2.1015687804448064,-0.6973307095385106,-2.1927776741276612,1.3664335878643248,0
2021_0690,2021,0.4181130503361842,-0.7333943346780494,1.7673423426961046,1.5350201907325847,2.352569651488298,-0.7441890268698574,1
2021_0691,2021,-1.245494934490649,-0.7333943346780494,-1.572475799134577,-3.323154312875058,0.11784062944874567,-0.0007256321837533775,0
2021_0692,2021,-0.9414866353867097,-0.7333943346780494,-2.1846974681300546,-0.41000642484215555,-0.9448514868745069,0.07491433064578404,0
2021_0693,2021,-0.4369662386085398,-0.7333943346780494,0.8144113217959494,1.802489779152562,-0.3321363209323844,-0.8565188004995823,1
2021_0694,2021,1.0606796774321021,-0.7333943346780494,2.400472447197779,2.4700485084562147,1.8013082080578793,-1.566796267762267,1
2021_0695,2021,0.9469438146343117,-0.7333943346780494,1.1810055367308467,1.3319613383850628,1.2526061252798888,-0.3705926519123361,1
2021_0696,2021,2.2780680199603225,-0.7333943346780494,2.49648814767838,2.2848830225825387,-0.584908459173877,-0.05640234025119184,1
2021_0697,2021,-3.094496993811034,-0.7333943346780494,-1.7487327138158042,-0.43106400424125757,-1.0204741715904582,-1.141233333364019,0
2021_0698,2021,0.8684939802962892,-0.7333943346780494,2.04785110454799,0.602862575927063,3.7698642956528645,0.4769777640854788,1
2021_0699,2021,-1.7317546473645868,-0.7333943346780494,-1.6521600372369454,-0.07058435677224839,-0.7843233304562995,1.46285630331634,0
2021_0700,2021,-0.28992903607839937,-0.7333943346780494,-0.7746713285107969,-0.603194282891065,-1.5048720646188742,1.1421161461652678,0
2021_0701,2021,-1.2935465693648927,-0.7333943346780494,-0.783317171340585,-1.3823574680173607,-1.7580717940413086,0.1733143468412815,0
2021_0702,2021,0.5460946456523694,-0.7333943346780494,-0.3385082660758274,-1.1152402441318994,0.8834940342579487,-1.5404116965211967,0
2021_0703,2021,1.9122133819063865,-0.7333943346780494,1.2507406199113276,-0.5121529060761573,1.6053715150988037,1.0157023406590477,1
2021_0704,2021,-1.660222994189519,-0.7333943346780494,-1.7391845378218174,-0.07162290513475533,0.5370671582213662,0.44639216906455814,0
2021_0705,2021,1.4896586965589589,-0.7333943346780494,1.880306952092564,0.6113918125004772,1.03577601988755,0.7243511092180204,1
2021_0706,2021,-1.6040688093694582,-0.7333943346780494,0.7316565943253943,-0.9602861167580975,0.3913182735661473,2.236102800302514,0
2021_0707,2021,-0.3906039095095799,-0.7333943346780494,-1.5838034222561184,-1.16668375683729,-1.6059043700705153,-0.5248116295306533,0
2021_0708,2021,-0.08219771329101211,-0.7333943346780494,-0.8352320764450323,1.1050563461996266,0.9544614318693054,-2.574815933122043,1
2021_0709,2021,0.4263040234286666,-0.7333943346780494,1.4993195683537888,1.3804481806100701,1.0727008392240995,-0.753454577809757,1
2021_0710,2021,1.7056899185549212,-0.7333943346780494,0.668819605947851,-0.5305139965051827,2.1133245852814597,0.7860450682678211,1
2021_0711,2021,-0.024243551276379005,-0.7333943346780494,-1.1311028559552965,-1.8876846697756178,-0.49709911186656747,0.3269259017480405,0
2021_0712,2021,-3.451968596139199,-0.7333943346780494,-0.443822244268988,0.35450995562101506,-1.3942361546494042,-0.9156361295986817,0
2021_0713,2021,2.6244712159904156,-0.7333943346780494,0.5436075701744014,-0.7751332384885957,0.8608701469743554,-1.1197173831764304,1
2021_0714,2021,1.1098648715719939,-0.7333943346780494,0.7311480286563286,1.1474868338224844,-0.7925925423372288,-0.05460901581739547,1
2021_0715,2021,-3.1338749619371633,-0.7333943346780494,-1.1001195169365863,1.0169091987540133,-3.004920296606754,-0.9460946698818056,0
2021_0716,2021,-1.7517278418893385,-0.7333943346780494,2.469753937985016,2.2192348033931344,1.589774301602873,0.8206334182545254,1
2021_0717,2021,-0.2793860658082796,-0.7333943346780494,1.0300696041135815,1.3378725906320916,0.4439933080089732,-0.11142688862626898,1
2021_0718,2021,1.2302951441545982,-0.7333943346780494,-0.23567358081496015,1.3088095153221206,0.5516535659687457,-0.3271178843317118,1
2021_0719,2021,-1.3158980378088847,-0.7333943346780494,-2.195878481141115,1.6519074501964548,-0.010600654601715914,-0.4582764029230066,0
2021_0720,2021,1.8832004347093099,-0.7333943346780494,1.1392299216596011,-1.7343956628937707,2.127159865792369,0.5631227265805943,1
2021_0721,2021,-1.7994871775609635,-0.7333943346780494,-2.1294280006909787,-1.064335676080635,-0.29223644291379614,0.3426092237600358,0
2021_0722,2021,0.1419594535538291,-0.7333943346780494,-0.5623034869241608,1.4484918490766014,2.6316691887069212,0.5019572698625939,1
2021_0723,2021,-1.663086387660893,-0.7333943346780494,-0.3644640090659894,-0.9372870078419571,-0.32244532264558645,0.4801294438058115,0
2021_0724,2021,-1.2163897130884227,-0.7333943346780494,-0.3155015971313554,0.6397783086070347,-0.512897209599005,0.22780446340329352,0
2021_0725,2021,-1.0192272050447226,-0.7333943346780494,-1.3681365338938534,-0.6393540603101926,-0.5716306186206308,-0.7331305834580906,0
2021_0726,2021,0.46083530072759415,-0.7333943346780494,1.2936592911517089,0.7317438603375975,-0.4212207840269356,-0.4303801267312622,1
2021_0727,2021,2.1514467003353595,-0.7333943346780494,1.1881216441955007,0.3253253357540623,1.7081986753581162,-0.0946749051389369,1
2021_0728,2021,0.6286032282759665,-0.7333943346780494,1.6024193859690854,0.07748904119193922,-1.5231927190145218,2.365195238088322,1
2021_0729,2021,0.3802826376750962,-0.7333943346780494,1.6047499039397994,0.052890036852348055,0.24305978558801067,-1.0488363204168114,1
2021_0730,2021,0.7076084905317102,-0.7333943346780494,-1.605788587527226,0.8711662968367763,0.8217838330392319,-0.11897650331689053,1
2021_0731,2021,2.324840175702607,-0.7333943346780494,0.7595010415176057,-0.17456496582286696,0.049725792757305196,0.39826706011048874,1
2021_0732,2021,-1.3827964529406593,-0.7333943346780494,-0.4820958118218669,0.35320488349128754,-1.2291681269191803,-0.00333275327249255,0
2021_0733,2021,0.5554864969302281,-0.7333943346780494,0.5895434089609854,1.2532259246028232,2.5474067879158673,1.3739695414377378,1
2021_0734,2021,-0.32389224955145635,-0.7333943346780494,-0.9637973607401733,0.4994164409698404,0.24882269149259476,-0.008497930502866347,0
2021_0735,2021,0.8927485399487463,-0.7333943346780494,-0.2493000183219225,-1.7289243559929988,-1.4515362967664023,0.06545860084939059,0
2021_0736,2021,-1.0403173656910523,-0.7333943346780494,-0.9190747667478377,-2.299476546786444,-1.2460881854237578,1.1146285136163172,0
2021_0737,2021,-0.016157539134566523,-0.7333943346780494,0.5079194172348667,-0.6041857556317635,-2.0131537511242517,2.110711662918376,0
2021_0738,2021,2.2860779505747892,-0.7333943346780494,2.126986252281121,3.498800613559521,1.4697440967058304,1.707498373948328,1
2021_0739,2021,0.644360248341667,-0.7333943346780494,0.881435847028566,1.8662087780945704,0.5627446721100481,0.16334611589085635,1
2021_0740,2021,-1.2233658195237676,-0.7333943346780494,-1.1980461707247787,-1.1544463085067131,-2.6681431473498205,0.2504857882675967,0
2021_0741,2021,-0.032544629703987304,-0.7333943346780494,-1.8503241052013646,1.024512134431341,0.8957444122195554,0.3467192447842039,1
2021_0742,2021,-1.4549422663616352,-0.7333943346780494,-1.326502196890526,0.12758690744368362,-0.38297006057826566,0.4469994084625855,0
2021_0743,2021,-1.876190369125724,-0.7333943346780494,-2.3532688927105267,-1.9683882407328612,0.11498392451630025,-0.5473481143478149,0
2021_0744,2021,-1.652885957175635,-0.7333943346780494,-0.7787704579993773,0.7696258690346048,-0.8696870548479362,1.236593798855439,0
2021_0745,2021,-1.9998950313803365,-0.7333943346780494,-0.8471292888799983,-0.7674241268209407,-1.1540376046470626,0.5066091277227865,0
2021_0746,2021,-1.5370968081955674,-0.7333943346780494,-0.30414424397322226,-0.6906808446078603,1.0869514464650518,0.2551438111846862,0
2021_0747,2021,-0.7177673137350856,-0.7333943346780494,0.39667047194819127,-0.5762153405661443,-0.7937431517054258,-0.9711453765590727,0
2021_0748,2021,-1.3694919104399956,-0.7333943346780494,-1.0262694296719683,0.5445401393078949,-0.11641625998196188,0.36228620849061244,0
2021_0749,2021,-3.114373197755386,-0.7333943346780494,1.280416311923196,-1.355182158201408,-1.3125626612074457,-1.5932123032208052,0
2021_0750,2021,0.5038794351015139,-0.7333943346780494,1.2324514452199038,-1.1069700047844524,1.4554141690540412,-0.281649344032232,1
2021_0751,2021,-2.7693993525582523,-0.7333943346780494,-2.310216393716633,-0.2770447070999555,-2.182847542783893,-0.26309770647919867,0
2021_0752,2021,-1.0059397740182323,-0.7333943346780494,-1.56207187511012,-2.643658086173129,-1.238964168432702,0.5869951930876189,0
2021_0753,2021,1.7533173640541875,-0.7333943346780494,0.627253299692178,0.2988964048644599,-0.34786052745475127,2.1798500249452957,1
2021_0754,2021,-0.993451778145835,-0.7333943346780494,-0.40787284884662134,0.5868742898588183,-1.3747246557759942,0.8719074656654371,0
2021_0755,2021,0.4625956067006126,-0.7333943346780494,0.05275009977069933,1.1790939035087382,1.9879465382195174,1.7484020726356133,1
2021_0756,2021,-1.0031460708687838,-0.7333943346780494,-1.297975882809396,0.44235606572527597,-1.381709594838513,0.9452121731035767,0
2021_0757,2021,0.7798857442311249,-0.7333943346780494,0.8389597192039133,1.2203513652028288,1.48234331920038,1.4250534896876155,1
2021_0758,2021,0.11177455024974758,-0.7333943346780494,0.5518791923444564,3.0103344887834083,2.2414019229541884,2.157127352943106,1
2021_0759,2021,1.9919299197089302,-0.7333943346780494,1.8114153816797183,0.011760372343184944,0.7738015520768471,-0.43183683230225495,1
2021_0760,2021,2.068027753723772,-0.7333943346780494,1.641321388465356,0.9981316770083233,1.744078749803466,-0.49710443413150335,1
2021_0761,2021,-0.30110451891649403,-0.7333943346780494,0.16656713510395882,-1.0381204712126504,-0.2954683397682585,0.9688109004773213,0
2021_0762,2021,-1.858348600032456,-0.7333943346780494,-1.3310251811111995,0.35680126991487093,-0.6893849159456439,0.29632154593775417,0
2021_0763,2021,-0.07063768730692122,-0.7333943346780494,0.20252756764790192,-0.6615748760504959,-0.08720019014891703,0.5203538328069607,0
2021_0764,2021,0.7564177486719323,-0.7333943346780494,-0.36399708597704583,2.318844879444045,2.547941185492261,0.05133310789263934,1
2021_0765,2021,-0.596498678461487,-0.7333943346780494,-2.3883843009898573,-1.1308159554019763,-1.405405466883125,-0.29625871702471734,0
2021_0766,2021,-1.7609126617666753,-0.7333943346780494,-2.2138016860912133,0.8071265257169843,-1.7112408551672713,1.9207646687750253,0
2021_0767,2021,1.0260178362542292,-0.7333943346780494,1.0092116926320895,1.193139530543971,-0.1670188183725762,-0.7998611138199143,1
2021_0768,2021,-3.6711778573891896,-0.7333943346780494,0.20237811657775562,-0.6324610690869805,0.14470657124972697,0.9863922592415442,0
2021_0769,2021,-1.5519132144169157,-0.7333943346780494,-1.6021420806396303,-0.05755766214007563,0.2728992419719353,0.8242282857304499,0
2021_0770,2021,1.3410899667850273,-0.7333943346780494,0.5233065950355629,0.8612643875291922,0.28981491333276166,-1.279013297570244,1
2021_0771,2021,-1.6600496173638388,-0.7333943346780494,-1.2160179553093375,-0.24404531974818994,-2.8292128719673797,-0.5307803299935938,0
2021_0772,2021,3.006188068085139,-0.7333943346780494,1.5728281233876547,0.3931289269056091,0.15898109707306857,-0.36269056094986757,1
2021_0773,2021,0.0875339146747236,-0.7333943346780494,0.5223746966454261,-0.10158850755499138,1.3204614689166465,0.8645841133165912,1
2021_0774,2021,0.6864187628960742,-0.7333943346780494,0.46658304208349866,0.2649288800374694,0.7366130179663086,-0.06703510593055101,1
2021_0775,2021,-2.154872609985853,-0.7333943346780494,-2.34539526335769,-2.2831449779482225,-0.6286696405824014,0.21441019338919465,0
2021_0776,2021,-1.8137769789954712,-0.7333943346780494,-1.571721111177121,0.2419483325326256,-1.297177197361818,-1.1576473569847276,0
2021_0777,2021,2.281413062940705,-0.7333943346780494,2.177461752935333,-0.6351639721754797,1.7633846684742764,2.6259117167153136,1
2021_0778,2021,2.728031794326964,-0.7333943346780494,1.0909260084784766,0.3823529447643003,1.1260322116669046,0.371195618739497,1
2021_0779,2021,0.5492073890810583,-0.7333943346780494,0.26014548975208485,1.2480450414810331,1.357140298745612,0.7990008972969438,1
2021_0780,2021,-1.9730075427232032,-0.7333943346780494,0.23614397272893428,0.23939671709991128,-0.6488876011246526,-0.24062548856522242,0
2021_0781,2021,-2.4071286485939147,-0.7333943346780494,-1.5852135020601872,-2.3746519368372385,-0.3018502445696985,-0.3526273270678512,0
2021_0782,2021,0.05628538651930337,-0.7333943346780494,0.41995557948246565,-0.6918480752250777,-0.36435689622808665,2.2126846549535313,0
2021_0783,2021,-0.12899559308369746,-0.7333943346780494,0.4036069779001006,-0.1402553005511779,-1.6816708967289928,-1.616721607006629,0
2021_0784,2021,-1.3559817999887869,-0.7333943346780494,-0.9439883736253314,-0.5479838907376732,-0.44559005939362833,0.5786470684307766,0
2021_0785,2021,-0.14609919630688006,-0.7333943346780494,-0.49854952737168756,1.9440749576735445,1.551932763349194,-0.9115038911078932,1
2021_0786,2021,-2.556662565456252,-0.7333943346780494,1.289500615345755,-1.4218068999146023,0.29738439288510166,-0.10500115439700491,0
2021_0787,2021,1.420629450384593,-0.7333943346780494,1.3872760562645463,-1.4490411301901966,1.1953017908695271,-0.3380944676740209,1
2021_0788,2021,1.7993379184464988,-0.7333943346780494,0.67611297527941,1.4103260167685212,-0.11698799279495932,-0.6859776834192479,1
2021_0789,2021,-3.3161448050211484,-0.7333943346780494,-0.043872085224944235,-1.1370861196184876,-1.5707514630953028,0.33544172970632746,0
2021_0790,2021,0.9286900894621173,-0.7333943346780494,1.7023027870213472,-1.158540597585998,0.38660932280971566,-2.268029147306066,1
2021_0791,2021,2.868295889557384,-0.7333943346780494,2.3109383498864404,0.44148760943352616,0.9799907127296986,-0.015488481918697283,1
2021_0792,2021,-1.4675092066302855,-0.7333943346780494,-1.6623477886798963,0.6305579759317014,-0.9161242962422136,0.2097100246500249,0
2021_0793,2021,0.23963809079062393,-0.7333943346780494,-0.6815265872256078,-1.863252617812698,-1.8675454623493681,-1.0592765464060125,0
2021_0794,2021,1.8990461289556837,-0.7333943346780494,-0.18587023024493687,2.9359959539472675,-0.2732340325992988,1.8132187214493838,1
2021_0795,2021,0.16572039916464232,-0.7333943346780494,1.666334395741234,-0.2378815945366619,-1.1935956861613495,-0.2944583747973149,1
2021_0796,2021,0.957328706648144,-0.7333943346780494,0.9770546303728126,0.6870108541257498,-2.1635011776746103,0.062515757535163,1
2021_0797,2021,1.121305761455297,-0.7333943346780494,1.2810092554868122,-0.6191324178476084,0.6748072681928211,-0.29221916391470265,1
2021_0798,2021,-2.202511568093507,-0.7333943346780494,-1.1463497238404703,-0.5583896513039858,1.4042188563857128,0.21843387956941396,0
2021_0799,2021,0.2801319771890588,-0.7333943346780494,0.7490111794116389,0.46625217824132303,2.5069405476018556,1.6081440935060494,1
2021_0800,2021,2.7567685921185605,-0.7333943346780494,0.13176882598528605,-0.8894939023310872,-0.12931984151682271,2.7730158039234745,1
2021_0801,2021,0.2726393803070484,-0.7333943346780494,1.7904302146842337,3.42582696895091,0.94240813252108,1.0456392037006585,1
2021_0802,2021,2.32843607640868,-0.7333943346780494,2.489704036741438,0.10466283098130535,-0.5913505345476575,1.3879937669717712,1
2021_0803,2021,0.8135155216349836,-0.7333943346780494,0.44333164108991474,0.10553744269397142,-0.446504054315215,2.016427481477082,1
2021_0804,2021,1.2243606701168275,-0.7333943346780494,1.5535405049710949,1.5690358793536543,-0.3375989677488608,0.5488710767664571,1
2021_0805,2021,-0.6881555817614274,-0.7333943346780494,-0.5678163753397577,1.214254883348469,-1.0142237502197415,1.87025087361187,0
2021_0806,2021,0.6514413270953213,-0.7333943346780494,1.0080978113488588,1.7264368680043027,0.6266633702986226,1.0924011323904033,1
2021_0807,2021,-0.6820956865054667,-0.7333943346780494,-2.526595733364717,-1.8011801230265863,-0.5599331277334841,0.44398735931157196,0
2021_0808,2021,-0.7964296995483822,-0.7333943346780494,-0.3015973511105925,0.8139090094946627,1.4300555702190687,0.650341034451468,1
2021_0809,2021,1.6897073884146367,-0.7333943346780494,0.21901804884842946,-1.2813724823849948,0.47996312277459957,-1.5214169633678243,1
2021_0810,2021,-1.218530124571636,-0.7333943346780494,-1.1390047235719316,1.5017050813223565,0.8343918721294967,0.5921192604461498,1
2021_0811,2021,-1.4768467266984575,-0.7333943346780494,0.40803072990561495,-2.235188138530462,-1.839121881355699,-1.2437475204462962,0
2021_0812,2021,2.1042429853184914,-0.7333943346780494,1.3677032291797135,-0.20320132360923704,-0.4772721730443222,-1.3252691516111075,1
2021_0813,2021,-0.6277046939416241,-0.7333943346780494,-1.0299610483991217,-0.6032015040313107,-2.2240237287458946,0.4928786890252248,0
2021_0814,2021,-2.548410478961941,-0.7333943346780494,-3.1902358192678286,-0.1549934388589878,-0.18321458892818393,-0.8140785952000542,0
2021_0815,2021,-2.419664396093517,-0.7333943346780494,-2.8238708550204006,-0.860934623395319,-1.1210124556838312,0.2928862486966223,0
2021_0816,2021,0.5613279596773652,-0.7333943346780494,0.9976586118130417,2.1190836767328816,-0.977564249683183,0.43843451934986477,1
2021_0817,2021,-1.0637841376418653,-0.7333943346780494,0.9704899654839769,0.12323958219227937,-0.8599345050494293,0.4830496008171349,0
2021_0818,2021,-0.7819331900437034,-0.7333943346780494,0.3013558041269182,1.2447247540642086,-0.3863802651967793,-0.6041214070421015,1
2021_0819,2021,-1.2632235758485582,-0.7333943346780494,-0.13620198558756202,-1.8294009019846635,0.7773598780243233,1.1986823824811987,0
2021_0820,2021,1.5614293738000644,-0.7333943346780494,0.5200975923250392,2.2993678975454026,0.250119364492515,0.21076476353392104,1
2021_0821,2021,0.9669628191290163,-0.7333943346780494,1.0552392592888666,-0.20306514427851163,1.4474306865281652,0.741075680171162,1
2021_0822,2021,1.7753209680530517,-0.7333943346780494,2.214683848892932,2.337542432987094,1.8345148760157381,-0.8964396139469966,1
2021_0823,2021,1.473724158326204,-0.7333943346780494,0.6540483698334558,2.6221950569255714,-0.10718202992918924,0.12167244320401305,1
2021_0824,2021,0.7083457406011047,-0.7333943346780494,0.3098950919478668,1.1126565323637752,0.8722447616769725,1.3972944832701202,1
2021_0825,2021,-0.6861893602594902,-0.7333943346780494,2.418070554124764,1.6320130976794207,1.325794506318739,1.2701776318087015,1
2021_0826,2021,1.383413081570823,-0.7333943346780494,1.0455578211135954,-2.4829197630568687,0.9097688637896014,-0.49729268292439394,1
2021_0827,2021,-2.203075365229978,-0.7333943346780494,0.091205090586163,-0.7950024154903774,-0.45695427865567284,-0.24555819057484546,0
2021_0828,2021,-1.8283426248615453,-0.7333943346780494,-1.685248893384687,0.5021656399195397,-2.0631479238811963,-0.6886867300638189,0
2021_0829,2021,1.729124217963086,-0.7333943346780494,2.406674208960976,1.5245102683140845,1.3263344087287983,-0.3564129182608818,1
2021_0830,2021,0.1673333834343511,-0.7333943346780494,-0.726372725465389,-1.8197233380998776,-1.2618559844640738,-1.099067540706529,0
2021_0831,2021,1.211939876557991,-0.7333943346780494,1.4347876262146586,0.3062779601321262,1.1319786621199337,0.16182412759152598,1
2021_0832,2021,1.8040648364458707,-0.7333943346780494,1.1316293114291747,-1.9363655052011466,1.6739894032738911,0.933138398182844,1
2021_0833,2021,-2.6944793411528907,-0.7333943346780494,-1.5054749819965014,-0.18700715982724653,-0.16463191785763998,-0.48505286380107865,0
2021_0834,2021,1.4955235809950345,-0.7333943346780494,0.9983171895050282,-1.2833284012268238,1.1312837392150001,0.20939371733882306,1
2021_0835,2021,1.1900940623228375,-0.7333943346780494,0.5574097620106337,1.7304778427875718,1.410021881375291,0.07950159236864326,1
2021_0836,2021,2.4792275806261816,-0.7333943346780494,1.9595460626447856,1.7827248607174089,1.4539905011943461,1.3551187315982192,1
2021_0837,2021,0.7095415239712434,-0.7333943346780494,0.7969428329313377,0.12563318559350134,2.2207261033147296,-0.3115918368044213,1
2021_0838,2021,1.0083623828376291,-0.7333943346780494,-0.49650722779389955,1.1212759304540885,0.7676518355103675,-0.2752161076508515,1
2021_0839,2021,2.3088144671327946,-0.7333943346780494,-0.6794237349892838,0.38290127593949147,0.9557591437702693,-0.5460211282923613,1
2021_0840,2021,1.1579662076053505,-0.7333943346780494,-0.7267181523204245,0.8419083950148661,1.6854634685273062,-0.8375095200784877,1
2021_0841,2021,-2.3588413812872684,-0.7333943346780494,-0.3820292424460586,-1.74725942324315,-1.2658682292753374,0.8291849914469698,0
2021_0842,2021,3.801633273290123,-0.7333943346780494,-0.15150431137344422,1.2224926232399094,-0.4685040990440864,0.16488920366952137,1
2021_0843,2021,0.17140723666326663,-0.7333943346780494,1.3000857758385669,-1.0411852302244164,1.2685686658536321,0.3548098598233018,1
2021_0844,2021,-1.3147000815495238,-0.7333943346780494,-0.8634254825085868,-2.4299301623293816,-0.9957225003851474,1.5746411561953968,0
2021_0845,2021,-0.9033118439743868,-0.7333943346780494,-1.0647085949097772,-0.7219283166669919,-1.9471510411476494,1.6320807259278716,0
2021_0846,2021,1.5176175090311146,-0.7333943346780494,1.4384052033823695,0.38875672038872044,1.2755148329108454,-1.3462343078348034,1
2021_0847,2021,-1.4397437040063987,-0.7333943346780494,-0.8416964629094739,-0.32769826944824954,0.5595763642777859,0.9478346730955673,0
2021_0848,2021,1.0652396294736919,-0.7333943346780494,-1.70972974278095,-0.049507490236328944,-0.7482554189746318,0.5256469257111892,1
2021_0849,2021,-1.4849318662879554,-0.7333943346780494,-1.3236252408484903,1.2856916657855892,0.1712087454556572,-0.1615909991459365,0
2021_0850,2021,-2.3659338585913723,-0.7333943346780494,-0.574896865936569,-0.43939501062055797,-3.210214139958398,0.6276836870279423,0
2021_0851,2021,3.400219214422729,-0.7333943346780494,2.6402828107549983,0.8328817785162255,0.4197277013275618,-1.4263832352207857,1
2021_0852,2021,-1.469990917713377,-0.7333943346780494,0.6864576165824976,-0.40276612259295436,0.9484901166304509,1.7626423427763993,0
2021_0853,2021,-0.6530690071769044,-0.7333943346780494,-2.3631505135852566,0.402909868948078,-1.1119078460872234,0.8149440970719075,0
2021_0854,2021,0.9153471423183945,-0.7333943346780494,0.6502747006872269,1.1760174144844644,0.8854414760299424,-0.565197744832659,1
2021_0855,2021,0.8952363276445165,-0.7333943346780494,-0.5661148137079979,1.0420178997082792,1.5247228907348775,-0.28541022181952386,1
2021_0856,2021,-1.7054436626696503,-0.7333943346780494,0.519885075110083,0.13598410486559087,-2.43064983835762,-1.4031464755474403,0
2021_0857,2021,-0.29984578798925066,-0.7333943346780494,2.012856208148551,-1.2246146370471913,0.8684900607977676,-0.013957249836254126,1
2021_0858,2021,1.0893788598792307,-0.7333943346780494,1.3505878868631747,-1.1868476505857775,0.8610024183632429,-0.182731977240583,1
2021_0859,2021,0.8429923456805698,-0.7333943346780494,1.16609486126021,0.5239412546985561,2.569204924586303,-1.025110387123759,1
2021_0860,2021,-0.07847549081522298,-0.7333943346780494,0.3806311003494742,-0.7976738826819021,-1.9739537894479322,1.076702233709778,0
2021_0861,2021,-2.4467001175845153,-0.7333943346780494,0.2113251947601389,-0.020190155951791855,-1.1624623506276155,1.5767971896944755,0
2021_0862,2021,0.672852822445145,-0.7333943346780494,2.158044696656121,0.6200169021835054,-0.08193800128243486,0.2726395099555222,1
2021_0863,2021,0.3515595332459178,-0.7333943346780494,1.4566798597822597,1.1818649344542105,-0.18269121350681047,-0.005646882846367995,1
2021_0864,2021,0.19253039401180883,-0.7333943346780494,-1.3492282995141625,-1.8455952695612856,0.27103259071134944,0.7349846021317938,0
2021_0865,2021,0.3805915551453287,-0.7333943346780494,1.7671248320175574,0.5892554295913053,0.8253189269007768,0.28036103750495694,1
2021_0866,2021,-0.6877001552738633,-0.7333943346780494,-0.18395809474488545,-1.9410567379577843,-1.3277888366051949,-0.7821792162311862,0
2021_0867,2021,2.2201614734059802,-0.7333943346780494,0.8093625304080402,0.9868579343714008,0.3080463939145913,-0.3526779865872612,1
2021_0868,2021,1.1038770885845919,-0.7333943346780494,0.6487510811657585,-1.2782850423633207,0.2649342769018738,0.0035639932519691553,1
2021_0869,2021,-0.12681100094046838,-0.7333943346780494,2.1333132695582098,0.9483100985408797,0.3498869814626908,0.5481865944766959,1
2021_0870,2021,-0.11415385876369033,-0.7333943346780494,2.6641161087696066,-0.8689993808971123,-0.4012230770748013,0.30933671787646816,1
2021_0871,2021,-0.3902359352039203,-0.7333943346780494,-1.7493957809147662,-0.9835277932217954,-1.0457930654369403,0.5103693799871158,0
2021_0872,2021,-0.010594018799857441,-0.7333943346780494,0.7366233245520256,1.494927691449249,0.45875364293046267,-1.2248279832839217,1
2021_0873,2021,-0.8579733889400877,-0.7333943346780494,-0.649066923545302,-0.3726200114015825,-1.5199068710831756,0.965217744084929,0
2021_0874,2021,1.3643491098205964,-0.7333943346780494,1.4865989977486107,-1.0456602237243011,0.9472939434897261,0.30341588400851227,1
2021_0875,2021,1.6271324843110273,-0.7333943346780494,0.47763364075870574,-0.0723938446940241,1.0278950061122505,2.8527090541501536,1
2021_0876,2021,-0.7784151921541125,-0.7333943346780494,0.8835206303440439,-2.101378525476802,-1.3288148535771223,-0.08763437017641301,0
2021_0877,2021,-2.1836707844179015,-0.7333943346780494,-0.5779047344548288,-2.2947584996051935,-0.9369274432279422,0.6234584951093723,0
2021_0878,2021,-2.2255281790147414,-0.7333943346780494,-0.4686165915294471,-0.48233682386602567,1.250692540555814,3.1292191622085017,0
2021_0879,2021,-0.5350728658995975,-0.7333943346780494,0.7588840815117539,-0.03970165643989676,1.2144115956720305,0.4940916295031788,0
2021_0880,2021,-1.8793446105643965,-0.7333943346780494,-1.44906162524459,-0.15939407928431049,-1.801385680623249,0.23236946072398326,0
2021_0881,2021,-1.5001484920051484,-0.7333943346780494,0.9115681235577221,1.2026268148797508,-0.06872518825913072,-0.6869218947506515,1
2021_0882,2021,1.8987552978838649,-0.7333943346780494,-0.2533222290216288,0.5880891491141815,-0.20643311314239673,1.828266367208985,1
2021_0883,2021,0.21373871193123173,-0.7333943346780494,0.8276495277464218,0.3266097812500322,1.8042012429736274,-0.8591015861765701,1
2021_0884,2021,1.7171358779052532,-0.7333943346780494,-0.48892752393536276,-0.4730693270623144,0.4213971654030906,0.7271209168481219,1
2021_0885,2021,2.6428218493169693,-0.7333943346780494,1.7478493541931721,0.1599203282495011,1.0276905314164848,-0.17355532130838147,1
2021_0886,2021,-1.2332375427380524,-0.7333943346780494,-0.5800032499300078,-1.9213483853261706,1.0971189666168397,0.11066373742197771,0
2021_0887,2021,2.245765831663531,-0.7333943346780494,0.7229306929614598,-0.2451655271269194,0.7900584454050608,-1.1239322686100581,1
2021_0888,2021,1.4037976805362022,-0.7333943346780494,0.8995762921821522,0.6889268704380418,1.4709362856694548,1.643127221733895,1
2021_0889,2021,2.8374293281411473,-0.7333943346780494,1.7614664151889905,0.48219391245907767,1.2943997118353736,0.022202694081723373,1
2021_0890,2021,0.18789289124289388,-0.7333943346780494,-0.13579608688989797,3.664728037894776,0.24119351588884802,-0.9150896588930335,1
2021_0891,2021,1.2417850195835103,-0.7333943346780494,1.2041678674525234,-0.7457955975050076,1.806203645154766,1.5526905970400915,1
2021_0892,2021,1.9231616050414675,-0.7333943346780494,1.6995098064587446,0.4749012791682179,-0.00721576864517658,-0.20413681303730363,1
2021_0893,2021,1.0595882429899546,-0.7333943346780494,-0.7822740774072416,-0.8237321112037242,2.072885797121967,0.6346072917307213,1
2021_0894,2021,-0.09778100334733031,-0.7333943346780494,-0.31506199429798065,-0.9877858759699509,-1.3580784169486637,1.141416382134366,0
2021_0895,2021,0.8179604604892194,-0.7333943346780494,-0.6740624632615668,0.25290681788481545,0.34593066549071017,0.77403433057432,1
2021_0896,2021,0.8193711516288884,-0.7333943346780494,-1.1175944838515326,0.2448800262331382,-1.8340634324454521,-1.8966355504990353,0
2021_0897,2021,0.8721975042722452,-0.7333943346780494,-2.1633911040952265,-1.0496665392179212,-1.6780464402758148,0.9953567009777871,0
2021_0898,2021,1.5320719962272997,-0.7333943346780494,2.431246579290015,0.4086803999438411,0.3945738937878913,0.1993862373348718,1
2021_0899,2021,-0.6973988196453832,-0.7333943346780494,-2.1571210541523476,-1.0303179624722194,-3.1097811300150813,-0.029028696803332643,0
2021_0900,2021,2.4416714356246376,-0.7333943346780494,-0.6501898919653826,-0.801051744057209,0.5783342758831833,0.1909250510247777,1
2021_0901,2021,-2.437197398967367,-0.7333943346780494,-0.8666478584036844,-1.2521023717931075,-1.282575525379441,-1.3100327939410816,0
2021_0902,2021,-0.062000014577790585,-0.7333943346780494,0.586297019979177,0.21806328491618227,1.5505105436812405,0.4921709146618026,1
2021_0903,2021,0.0064189138576347116,-0.7333943346780494,-2.504605228663933,-0.5261741165936155,-0.3981682985610157,-1.0643913737093103,0
2021_0904,2021,1.5239884728729993,-0.7333943346780494,1.5258151991548494,1.1589472872248252,0.12774444045566807,0.014160290443368695,1
2021_0905,2021,-1.4765052459797896,-0.7333943346780494,-2.9914990624496793,-0.8345965097110292,-1.2356232214546117,0.45626443153821067,0
2021_0906,2021,-1.238876697118839,-0.7333943346780494,-2.036240972583125,-0.8521762639813468,-1.0228871365948529,1.3740370879876143,0
2021_0907,2021,-3.6360414723640693,-0.7333943346780494,-1.5752182704207847,-2.320813158487053,0.6116587267520567,-0.5196131598597145,0
2021_0908,2021,1.0594376855429988,-0.7333943346780494,1.8022223921551404,1.139734517256351,0.01881055356638019,1.751587371845989,1
2021_0909,2021,0.4969532608067764,-0.7333943346780494,2.295468367013152,-0.09589788715004077,0.11622736829687864,1.2468532535151475,1
2021_0910,2021,2.1680716336150825,-0.7333943346780494,2.102782247327573,1.3471232382297755,-0.27215494403629337,-0.1294097424905361,1
2021_0911,2021,-0.2549692216159939,-0.7333943346780494,-1.1532737904622328,0.7164399478541957,-2.207937505464376,-0.8087492664026028,0
2021_0912,2021,-0.6733197658700895,-0.7333943346780494,-3.427308244795156,-0.7879150266930052,-0.50834655755578,-1.1438161822304211,0
2021_0913,2021,-0.8545413512008584,-0.7333943346780494,-0.6091469787814415,-1.623311280765892,-0.6072418354804506,0.5717538515331393,0
2021_0914,2021,-0.24734674872026785,-0.7333943346780494,2.4705737392246134,0.5833013869137018,2.0186237601935844,-0.4372841495408139,1
2021_0915,2021,1.840643079996874,-0.7333943346780494,2.233790407813568,0.9487019980186384,1.7893385573405831,1.4993568052817154,1
2021_0916,2021,-0.6206020544766161,-0.7333943346780494,-0.5370509902562802,-0.9155200012467208,1.4772608788052177,-0.37952382982827043,0
2021_0917,2021,2.49519265376873,-0.7333943346780494,-0.1895027643384526,0.035961590620676054,0.729820870835959,-0.6006709800519723,1
2021_0918,2021,3.368209812430197,-0.7333943346780494,0.474692996371585,1.1635322106974137,0.5524969143936033,0.5336263512443137,1
2021_0919,2021,-2.9425606735716086,-0.7333943346780494,0.9338143987456746,-0.10242172530580484,-2.0352150278766916,-0.3860468571594233,0
2021_0920,2021,-1.6384768256182134,-0.7333943346780494,-2.4167295346641335,-0.9462896403271577,-0.13825074089749068,0.30854999336880334,0
2021_0921,2021,-1.9922666371576447,-0.7333943346780494,-2.147841228150386,-2.25406616526069,-0.6873924706259782,1.2859893300585212,0
2021_0922,2021,-1.0774928116149258,-0.7333943346780494,-0.05744844883471578,-0.14362181462054757,-0.1812970102398508,0.4172293316687241,0
2021_0923,2021,-1.2365981417819614,-0.7333943346780494,-1.431159244805528,-1.3673271934413767,-1.88216800827648,0.4209644607027241,0
2021_0924,2021,1.0159179269198544,-0.7333943346780494,-0.18175512220462187,0.814341075370309,1.1340239795753648,0.5051467089084181,1
2021_0925,2021,-0.22239563859882638,-0.7333943346780494,0.5279711787230157,-0.44884276832096304,-0.6050603629437553,-1.3930989902853932,0
2021_0926,2021,0.14858578881921636,-0.7333943346780494,1.4610559781451398,-1.288947427042665,0.9320832878990024,0.6918377499304902,1
2021_0927,2021,0.20887853260739386,-0.7333943346780494,0.6181988356228219,0.6810816844115734,0.15089738721900217,0.45993157672589613,1
2021_0928,2021,0.22577472890195782,-0.7333943346780494,-0.14577483589951545,1.1145325253744556,1.9298584161257286,1.1928973269834209,1
2021_0929,2021,0.8896724125740131,-0.7333943346780494,3.047406563859938,1.237152415310487,2.747792200029111,0.9058108011371191,1
2021_0930,2021,-2.4785902159118463,-0.7333943346780494,-1.0244518187466074,-0.4826342489036873,-1.8548268249827347,0.09805136839448586,0
2021_0931,2021,-1.2985714887992705,-0.7333943346780494,0.39732806246949415,-2.57718604394959,-0.11557821938668987,1.3323928915106902,0
2021_0932,2021,-1.415490194630867,-0.7333943346780494,-0.10636645539056011,0.6770810621866373,-3.5339576437733697,0.007369302387279342,0
2021_0933,2021,0.46348488600091997,-0.7333943346780494,0.4790984383367659,1.0110226675425804,1.4351794520083356,0.547157104077705,1
2021_0934,2021,2.123766254056196,-0.7333943346780494,0.4870588850102189,-0.6033193293704774,-0.9766468857146672,-0.011149430479356182,1
2021_0935,2021,-1.309500528286737,-0.7333943346780494,0.44631489793391976,-1.3877630401582735,-1.2987189805042951,0.7617578049232115,0
2021_0936,2021,-0.1873526359681963,-0.7333943346780494,0.46251733261997763,-0.3687757907054793,-2.047373428666538,-0.07648978263776213,0
2021_0937,2021,1.054950148795568,-0.7333943346780494,-0.8769159761207344,1.2797841932982557,0.5951690797980738,1.9475516089415674,1
2021_0938,2021,-1.2741948882313547,-0.7333943346780494,-0.45021973901780765,-1.0879628563477017,-0.00314598655056284,2.317362737225639,0
2021_0939,2021,0.6872175953182892,-0.7333943346780494,0.8787851952763803,1.4255254073790748,-0.9644476005406718,1.1739382541860048,1
2021_0940,2021,-1.2570465405354845,-0.7333943346780494,-2.033323162938506,-2.392766829100178,-1.141505705039857,1.8412966494140284,0
2021_0941,2021,-0.5377686938679536,-0.7333943346780494,-0.7382539052828025,-1.6424590110937873,-1.2877003303752539,-1.239214480859047,0
2021_0942,2021,-1.661334232270298,-0.7333943346780494,-2.3495967909863946,-2.6643640098420827,0.7019962496782808,-1.1213777432749945,0
2021_0943,2021,-0.7315880374653357,-0.7333943346780494,-1.4664553546460999,-1.497405142869693,-0.3898270425422291,-0.02156056663121303,0
2021_0944,2021,-2.0627469610457414,-0.7333943346780494,-1.7984737327699676,0.9080771845440948,-1.9183562576097517,0.3412309652588774,0
2021_0945,2021,2.0090505655222097,-0.7333943346780494,0.5002087358440015,2.6578022345854024,0.35227033992112033,0.10179258190033422,1
2021_0946,2021,-1.8299058273119273,-0.7333943346780494,-1.071478493661991,-0.36540953176955737,0.678299026466255,-1.3421352496329535,0
2021_0947,2021,2.1016798732290503,-0.7333943346780494,-0.01556666190548639,-0.03842920726855459,1.4786470509353231,1.4515917063236468,1
2021_0948,2021,-1.189023457566335,-0.7333943346780494,0.5731790288732976,-0.8216399008509434,-1.6723217892851505,2.4541982333569363,0
2021_0949,2021,0.27095373339106343,-0.7333943346780494,-0.5067167666058747,-0.12666010916697779,-1.0537170114639345,1.5809876791726227,0
2021_0950,2021,-2.404067726254209,-0.7333943346780494,0.7945630283820548,-2.1629808516390825,-1.0233536909877405,1.3855232687864716,0
2021_0951,2021,-2.7261767733118685,-0.7333943346780494,-1.1600799690780195,-1.172499175981205,-1.3110828307980154,0.5261196051456031,0
2021_0952,2021,-1.8662172459755668,-0.7333943346780494,-1.548789962297109,0.8348930744502491,-2.424701548505605,-0.5429973707271369,0
2021_0953,2021,-2.634610948034313,-0.7333943346780494,0.7584156144930281,-1.6457100693283624,-1.44374062962047,0.3725280526359676,0
2021_0954,2021,-0.13273489442827757,-0.7333943346780494,0.42194026012601493,-0.14902489926154294,2.1197393405721057,2.4055880368415035,1
2021_0955,2021,1.871550760459876,-0.7333943346780494,0.8217079780108753,0.6131936559814405,0.43791273729188357,-0.05198811250705604,1
2021_0956,2021,1.2458212065873417,-0.7333943346780494,1.7200474104973147,0.8831422595047091,0.701909051062127,-0.15495724782394166,1
2021_0957,2021,-1.729680976704259,-0.7333943346780494,-2.237725808297278,-1.2250040461994722,-0.6665006354891047,1.4073036591039139,0
2021_0958,2021,0.863037402694568,-0.7333943346780494,1.7112946847936499,0.6769643832519554,2.90723432497652,1.4736860507455958,1
2021_0959,2021,0.6527623356736606,-0.7333943346780494,1.5833470661646025,1.2079395337394394,0.8084310328461133,-0.5479018057748035,1
2021_0960,2021,0.40036916781904375,-0.7333943346780494,0.26932531803783255,1.3614518237636473,0.23924808590433577,0.03851538676257743,0
2021_0961,2021,-1.9855057076430367,-0.7333943346780494,-0.10995549698985896,-0.7262443794347808,-1.3682711634486369,-0.20190549590143453,0
2021_0962,2021,-0.07213389808329929,-0.7333943346780494,2.299978352877571,0.5587026846594372,0.5535707025226332,0.36968937906109034,1
2021_0963,2021,2.046050617486328,-0.7333943346780494,0.8895780994915898,2.1274523459795107,0.8119250869547708,1.4036866709514928,1
2021_0964,2021,-1.4657556233478208,-0.7333943346780494,-1.8626703187070606,-1.1491658582980953,-1.5354262947569155,-0.5040275211280911,0
2021_0965,2021,0.7887736888178853,-0.7333943346780494,1.1099854140833623,-1.924353032762181,-0.9935318915728099,1.3896648122369366,0
2021_0966,2021,0.7237943612058647,-0.7333943346780494,-0.5266956155219669,0.8502489756589624,1.6436483890226063,0.4016512489213085,1
2021_0967,2021,-0.40401582024320803,-0.7333943346780494,-2.426513078873808,0.476175025087915,-1.5603463330372893,2.6261921363142777,0
2021_0968,2021,2.332197330599305,-0.7333943346780494,1.5651280405088313,0.9610471351996854,0.8000845794154564,0.6188308843708735,1
2021_0969,2021,0.7286641677979964,-0.7333943346780494,2.62498604817735,0.5029843424527543,1.473296874073136,0.20308143037073473,1
2021_0970,2021,0.5070792320909642,-0.7333943346780494,1.189550845914165,-0.8483933731348389,0.016757253627892776,0.8747147271159923,1
2021_0971,2021,1.9913665309309048,-0.7333943346780494,1.9993036997022058,0.5416307547316268,1.8406431029842083,-0.03714623788721011,1
2021_0972,2021,-0.6751080820860693,-0.7333943346780494,-2.9958027274719585,0.6331549263163366,-0.7307606942742435,-1.4952731233518255,0
2021_0973,2021,-0.16061010071092663,-0.7333943346780494,0.5004550378188628,-0.6341170815392215,0.6431335648276748,0.05947882572890198,1
2021_0974,2021,0.12156436369527923,-0.7333943346780494,-0.8739478071432591,0.3552528261967286,-1.107740415510204,0.04370639093077494,1
2021_0975,2021,-1.2864300049480053,-0.7333943346780494,1.7804109582286598,0.2125152678416392,0.4450681800872001,-1.2923174605498118,1
2021_0976,2021,-0.6546131460211977,-0.7333943346780494,-2.5472313265890145,-1.2977045706377452,-0.4469872046619622,0.22696481020550724,0
2021_0977,2021,-1.5118271931357454,-0.7333943346780494,-2.2778188460326474,-0.35207699548099425,0.8580777678623445,-1.7671102246093973,0
2021_0978,2021,-1.412150420975282,-0.7333943346780494,-0.4859747950385972,-0.15669475874399236,-0.2605053035939678,-0.047686835155479224,0
2021_0979,2021,-2.9414440977018534,-0.7333943346780494,0.06182435201772951,-0.1671730952065632,0.2699054201894314,0.5435959920446722,0
2021_0980,2021,0.15189764691067364,-0.7333943346780494,0.8410318917707834,-0.37680976361512497,-0.3486493449408419,0.3969961771382324,1
2021_0981,2021,0.7720410874324338,-0.7333943346780494,1.5701725041085097,-1.0459836943336827,0.6795186291296933,-0.11106947288681818,1
2021_0982,2021,0.577674399852179,-0.7333943346780494,1.5377881668730922,0.8623884365307285,1.9597091202124208,0.2144695980519285,1
2021_0983,2021,1.3678360755176313,-0.7333943346780494,0.7845731405575279,0.0940809585173481,-0.04334687287992694,-0.48406443747783073,1
2021_0984,2021,-0.6665318733681861,-0.7333943346780494,-2.0947054828862486,1.2383123796867856,0.11696149752444751,0.31081651942253474,0
2021_0985,2021,1.0196125692851972,-0.7333943346780494,-0.43510859311535754,1.284509696014946,-0.10334802862968365,0.35808640659177093,0
2021_0986,2021,-1.2700170300309255,-0.7333943346780494,-0.38690430922491736,1.3906897943960401,-0.5390125339726709,-0.6002499779015098,0
2021_0987,2021,-0.13459733690305442,-0.7333943346780494,-0.10597559690974123,-1.5401109010347132,-1.1122674938791761,0.5676992005090977,0
2021_0988,2021,-2.0799727769797745,-0.7333943346780494,-0.6879335759211025,-0.030630913257906456,-1.7369803968438136,0.5614526550804537,0
2021_0989,2021,-2.924946314975356,-0.7333943346780494,-2.1684999134793266,0.27095251725148406,0.8866103293981481,0.1337900864189289,0
2021_0990,2021,-1.6023016467101248,-0.7333943346780494,-0.3096598386308199,0.15835423354440215,-0.19973060816217106,2.721047036286818,0
2021_0991,2021,-0.34772171787424155,-0.7333943346780494,0.9986189197716587,0.24560205580614136,1.1235853184416764,0.1592976133156914,1
2021_0992,2021,-1.2353268328308968,-0.7333943346780494,-1.482737444323343,0.6791649029653261,-1.1922072607921386,0.02076575462698188,0
2021_0993,2021,-2.0304541245086654,-0.7333943346780494,-1.2946358371937121,-0.5995250136334772,-0.7640219518895212,-0.12239310920773272,0
2021_0994,2021,-3.2042713867545856,-0.7333943346780494,-1.6902571783903797,-0.4718938750645606,-0.6435185935284689,-0.6709392230763997,0
2021_0995,2021,2.986025145860177,-0.7333943346780494,1.888843778854429,-0.9378334517771435,1.1798819004968941,0.9858973598434033,1
2021_0996,2021,0.7124382868946199,-0.7333943346780494,-0.4181147335800204,1.2447649695729885,1.4976232740483375,-0.3862469680194502,1
2021_0997,2021,-2.8876193029441977,-0.7333943346780494,-1.9934859348064182,-0.8604117135724109,-1.5433479495623372,-0.2679481469977529,0
2021_0998,2021,-0.3518282094927103,-0.7333943346780494,-1.3287728846716949,-0.13522113789947487,-2.1932671172126543,-0.2382415595385981,0
2021_0999,2021,0.5213856374607148,-0.7333943346780494,2.6137508482389995,0.8351136998046182,0.8800668087098227,-0.6849435158485111,1
2021_1000,2021,2.340166033690662,-0.7333943346780494,2.054280549092849,0.7809365766637708,-0.8598564704585236,-1.451083332544723,1
