ID,year,heartbeat,income,indoor_time_hours,body_weight,age,screen_time_hours,gender,has_office_job,medical_expenses
2025_0001,2025,83.29835578999679,83235.54840926323,56.530930184839974,47.79143685456298,28.268271421364283,78.16116461730498,male,0,8.310335657091006
2025_0002,2025,50.6801631365314,1903802.4048983338,64.76400424850972,50.4002235798209,42.915329161032005,61.09946402671952,female,0,230.73041629796094
2025_0003,2025,75.41018799144292,76589.60110019328,67.47417928893798,46.980497449899815,58.73066026834186,63.10582488811635,male,0,318.5406192985413
2025_0004,2025,93.71487264873947,83537.27957259912,67.36671725458866,62.71814588451308,50.377677213726884,56.93526830663206,male,0,337.8155376798941
2025_0005,2025,70.67153568482495,181861.53353204633,57.69722086474812,39.42206723876078,25.855922667372276,74.01651295832472,male,0,12.30493006051041
2025_0006,2025,72.47251909317957,54527.89688989237,74.93900067794806,51.628523237117456,39.01430792111654,40.34006516625792,female,0,13.329771603195772
2025_0007,2025,91.76346769971491,39044.05868549509,75.34455821778535,48.89465069231024,51.571300460029136,37.625981935318336,male,1,11.60284120979172
2025_0008,2025,77.54519457205727,60842.312208058414,80.81308637457478,50.75365718072765,32.607746591258426,56.530327296525904,male,0,2.8080772599155637
2025_0009,2025,68.41492663439354,18877.858175091424,73.46761040446717,61.68298623400029,37.190406186618816,61.60142184856969,female,0,21.840149585365047
2025_0010,2025,62.41703789951841,19852.427907830574,61.50468241411228,36.96052005830084,36.90953966466411,29.25384398488054,male,0,50.77986917684621
2025_0011,2025,79.02720797550529,36770.412344614226,78.05488303632495,57.67917243554962,46.517490424996204,54.965643721475736,female,0,5.233079922178068
2025_0012,2025,53.419386125830215,45006.57324953094,67.73586086312855,39.55047751991385,25.383975973842666,53.19510241361695,female,0,275.5447369545399
2025_0013,2025,80.82228320050409,154656.13357049096,72.9797861888055,46.91223480466588,47.07988548210209,62.44158188509989,male,0,26.34424908174641
2025_0014,2025,83.58201475931813,49627.29856923947,77.20429734697336,34.52309854158525,32.95332423557088,59.287355413205276,male,1,6.5208191203301125
2025_0015,2025,87.5308515408715,482891.75195764436,68.7568016672026,44.67908824730101,39.08628984270959,36.91778145132996,male,1,171.1430916737525
2025_0016,2025,67.24392128751629,91717.62645537611,66.03270380430605,46.21788724020017,38.54454099047858,44.19942758444259,female,0,440.8699790988687
2025_0017,2025,101.80882623521623,228395.21803967791,68.68625367945802,64.38271797474026,45.215661413294086,46.93210327963009,male,1,178.12757374263722
2025_0018,2025,89.99010707424594,16288.224709928123,61.470537117584705,50.413664027511345,38.98896725378826,62.38945135935388,male,1,49.836617250759254
2025_0019,2025,69.28262013387852,80360.79435851591,43.55305222044335,56.39786020145902,55.24755745616481,58.746462320152084,female,0,1.180868281894691
2025_0020,2025,84.00097104358255,1568959.382275086,63.06194447232984,36.9249643256699,49.123973494010585,48.792753179784064,male,1,104.58498557711422
2025_0021,2025,71.0184286533213,1607.7516292863538,66.99165656466386,59.400771128429106,32.82291334463068,56.445472359682945,female,0,406.97428433730016
2025_0022,2025,96.46940176533779,57498.9074647142,75.85584879223724,68.38225980376139,54.49393659460597,44.41993427233397,female,0,9.949278142039647
2025_0023,2025,59.32911643020365,35954.99591109576,72.95989988448305,60.69909168566216,44.00364473894496,75.49638700614021,male,0,26.542573737673276
2025_0024,2025,98.32882180965741,3799.4087246646714,67.20386905011762,34.879874249813255,40.903929963673804,60.74357400657041,female,1,366.8672257874668
2025_0025,2025,93.18105287089956,5324.799851519783,63.19823366179707,43.35858147208586,47.707536792334786,62.8617697644276,female,1,110.49828494747194
2025_0026,2025,102.89811752412076,68641.08594824394,68.20125808707115,49.08490111094848,28.757279391001646,68.768110343854,female,1,223.91130195014406
2025_0027,2025,78.79066795191522,125439.7480048173,55.24993536421548,46.22836824185515,26.964234131788047,65.16243193218067,male,0,5.929856418591146
2025_0028,2025,87.53363000366818,490420.6963542809,48.84730372650095,73.32990853260803,39.45016291247058,55.315263113215515,female,1,1.7117222030848642
2025_0029,2025,82.7002762862038,210916.183849388,49.54855375025253,47.17723569238118,34.71879257442657,53.150350347651276,female,0,1.901228012947802
2025_0030,2025,89.79768824349294,1278963.8915804573,83.74741358161484,47.566486492788094,59.9993972728804,67.88284415178663,female,1,1.7882723747126095
2025_0031,2025,95.04956030606311,1662.7119476560367,88.5728490543849,41.99772012490738,31.53384217342542,55.26535282286988,female,1,1.2198769585359066
2025_0032,2025,86.7821946381923,1624285.0666105738,72.53940973931394,54.31683713845106,41.20368089940123,47.50982215489653,female,0,31.73753341862768
2025_0033,2025,73.42519973822483,80411.91727862817,64.41847374749881,65.82350016022164,42.725403663763515,74.66632475902128,male,0,198.34342540938118
2025_0034,2025,83.25615018348385,73117.87276364097,56.0701962734996,49.14855452777091,51.54967982092044,45.640721155136866,male,1,7.170676488346613
2025_0035,2025,81.06188135750901,27113.243466848653,68.38867974475131,45.80986745217645,29.224552948893297,37.6529492494664,male,1,203.8735604556996
2025_0036,2025,92.00540407596765,111034.59080056196,76.11839247673711,37.26089553754115,23.03098404834564,64.92776358936815,male,1,9.013739280414713
2025_0037,2025,63.71831591053983,971134.2755030093,73.29881272493985,64.08836368367375,54.78618111591191,47.687536093573215,female,0,23.132764749714706
2025_0038,2025,69.00195035719341,92007.53134463559,71.88811000815001,50.563060619195134,41.60760440793763,59.35096684163341,female,0,42.2033668063274
2025_0039,2025,62.8243123829768,17471.417608798005,77.09568067691265,50.13303715326965,48.921717502014474,73.17210836188838,male,0,6.7026300892271715
2025_0040,2025,77.58339118418864,93884.70491944588,84.42952264211215,28.610628193511676,49.392673287156846,41.25153544795127,female,0,1.644604615486486
2025_0041,2025,79.9784422942109,54007.048896254004,65.94977648259885,46.727833991298766,49.530986014929766,54.590846263087386,male,1,418.3213846917423
2025_0042,2025,59.63267087619145,23321.2703772107,93.05312048103097,47.98895022634336,37.01002941249935,69.83409223031859,female,0,1.0765376374422544
2025_0043,2025,61.392245770811385,61103.739114214375,44.800624516325826,33.73995589626971,34.291180381612904,61.81886423398081,male,0,1.2523227161918644
2025_0044,2025,66.78911639075702,37060.88172741434,57.21688554444803,61.89611430211161,20.77754192944786,53.20179126554021,female,0,10.657352185153162
2025_0045,2025,82.69699181103226,17847.53067013362,72.00000253414753,42.64757580773061,29.22113859885514,78.89379543657604,female,1,39.8451224498614
2025_0046,2025,75.01452645553499,2490.68272934302,70.49025922618415,70.9556887770998,41.423375450436716,54.046825576646405,male,0,76.42042474210716
2025_0047,2025,70.88376711306861,8648.618240025487,63.18364346273409,66.1444153968906,33.764995675696184,58.968745285285316,female,0,109.53564265605704
2025_0048,2025,76.20310793757704,309593.16507270467,60.04234060253354,44.80096389249563,29.35676435232392,71.49354495910147,female,0,27.86858308358559
2025_0049,2025,77.00612524541724,38674.37149840047,87.02585414004963,65.6931365227094,41.30572824232481,64.80863571386605,female,0,1.3148860396352025
2025_0050,2025,79.90499511428536,20911.85000621857,59.56477423905191,68.10542194479235,54.26970869491808,68.21719600222477,female,0,23.017389604194722
2025_0051,2025,53.421754231933726,59829.664461232634,54.80626040769563,46.4096444447811,40.23816113316822,46.004605031837364,male,0,5.181009906948506
2025_0052,2025,61.227766286500064,104585.50229402432,81.908256528822,41.67339890549227,29.437819503693422,67.2817478218761,male,0,2.307696867233846
2025_0053,2025,78.04886722954386,85448.48382365759,73.491526911596,30.446453209715756,53.56241988055506,56.695920909739705,male,0,21.62283646604762
2025_0054,2025,74.61412341963229,19727.276491474262,75.94717221747703,55.804415990897326,33.03560198792998,47.54221085556556,male,0,9.571117788975814
2025_0055,2025,82.26932953554521,6982804.172689742,66.95871237575533,42.26674127506729,55.63809838066838,57.2194424343963,male,0,414.6770398360828
2025_0056,2025,57.05982371481613,19615.984660768438,51.240133091720935,56.10492927523126,38.16077002004963,56.902462881568994,female,0,2.3958785731903225
2025_0057,2025,67.7484542700555,22616.14866319714,65.84619714832587,46.321490153415816,41.83439497903308,73.68088502523206,male,0,396.92605345480575
2025_0058,2025,69.53620063565627,35428.48837768559,49.863124052888196,44.202684089447104,56.45575754825607,58.812957056282016,male,0,1.9812936699189276
2025_0059,2025,74.16563787988602,458213.6293758164,67.42307065594737,46.385087623013106,27.244480927976063,47.19195205615887,female,0,329.4748423363816
2025_0060,2025,87.85877374535431,65715.05021171125,76.5340293378041,35.001830805317724,28.667444124134654,44.88572388132804,male,1,7.87544743310579
2025_0061,2025,92.19077782017283,11594.183454324302,80.75419687582882,42.38046719622406,35.92472394518679,54.52602549208717,male,1,2.8327557468665483
2025_0062,2025,71.35346038826818,31235.521564473846,64.07611900199093,44.63387331095867,39.396121929447425,41.536342692404304,female,0,166.50078098331866
2025_0063,2025,86.22336270954683,14004.970041043058,72.48089644385914,51.858443616451915,67.29995989792256,47.84644078514397,male,0,32.500322098186125
2025_0064,2025,104.41209278172164,36023.553001621614,60.96154459663529,49.0425808618534,30.292744940386214,52.55808648668915,female,1,41.47123274483076
2025_0065,2025,61.32103246600652,31427.726175200478,74.66631457467733,41.2882491226112,27.718397628603316,50.78114646085624,female,0,14.367949545996751
2025_0066,2025,87.95111210263535,3373.673544864912,76.74577936079918,59.00805190609944,29.813575961676314,62.26907602369925,female,1,7.315533762309567
2025_0067,2025,95.47994275307104,22060.222628731484,61.99742402713443,46.404313662084384,41.528294451520544,47.621723825944464,male,1,62.96002492529299
2025_0068,2025,78.353279817093,105180.64937862093,70.30362643576692,67.02439349957334,45.73511870823307,30.300187553630494,female,0,84.88097660894812
2025_0069,2025,68.42156375664315,303723.6621399209,75.89721210060596,54.410823009860735,33.70791647347767,38.1422709066847,female,0,9.788908901255894
2025_0070,2025,90.04864885246786,28133.172954374484,70.78645924181649,48.69104038853862,39.41099251910571,54.821818644988085,female,1,66.43672560222554
2025_0071,2025,56.66541685388867,37926.442121418164,56.77487371109408,47.09021899473663,60.31037946066392,49.131967299932434,female,0,9.025013499434122
2025_0072,2025,72.30858121551915,237248.72623374278,66.77755805065905,58.14839392070918,41.15273987306378,42.63328268041903,male,0,453.1621461684459
2025_0073,2025,57.896962954979855,118015.26671311841,70.52450746884003,52.33566751161682,44.01952993322428,74.5845132908936,female,0,74.72016483843554
2025_0074,2025,77.57978964032318,664650.1040068119,56.6998054938423,60.58465709122985,59.74655178264487,63.28750121386355,female,0,8.824218114758276
2025_0075,2025,76.34042051900919,38392.33081785638,59.923560611719786,64.0466239755846,32.19880208006612,54.41572839856745,female,1,26.50941624824945
2025_0076,2025,74.13033174768003,6816.876207260922,70.21622341855966,44.73147131819863,33.14301055267012,57.33297242499202,female,0,88.56617387445502
2025_0077,2025,75.69195590421563,8305.29848708121,73.23317951775014,58.13463578337921,36.08908853351462,52.34858988993016,female,0,23.77774359283288
2025_0078,2025,73.25863889093417,32985.57059108589,86.4975734774323,57.85116176415444,35.50505750839107,42.461847553047534,male,0,1.3651304611446755
2025_0079,2025,66.1804713706823,184944.22158976024,71.65726622353128,56.58111908258843,22.535238483180404,65.30720286390817,female,0,45.263456176258764
2025_0080,2025,70.39631749776379,221481.11866018228,52.90918299023949,47.668008203054995,42.1840812542503,63.513300811089316,female,0,3.3409326348445534
2025_0081,2025,99.31071668209721,19242.544035089788,90.39783538325023,43.870336045847274,41.37592126158013,35.226662169279884,female,1,1.143107007167784
2025_0082,2025,68.2539160013842,13473.630900063748,75.54987147979415,46.1611782970099,38.93583874518543,57.264325021157546,male,0,11.009406018435197
2025_0083,2025,72.71430106945613,297425.650312533,44.94728878331551,45.962829389809336,43.28213255362505,58.368322255775624,female,0,1.2586000099294778
2025_0084,2025,81.93211195541164,114449.294887134,59.69709987731446,39.59875534047543,41.788831665701,51.78268771144057,male,1,24.349224476328715
2025_0085,2025,82.70427099538067,5947.320907024311,60.08441579095062,50.955027142484354,27.598995746634213,75.97265338631433,male,0,28.431565806521
2025_0086,2025,73.27830775160253,37099.64359739195,73.38098192161456,44.42181646022096,43.6950586695808,74.88744666259444,female,0,22.505281162462428
2025_0087,2025,64.8602599153636,78222.72808801764,41.20545035582096,56.356436938460455,46.4018761496793,51.22492034752464,female,0,1.0996588551261028
2025_0088,2025,72.57125258531754,334051.9929990779,63.808875839135645,52.56954089493544,24.78107230905318,52.77180789505905,male,0,146.38644376409005
2025_0089,2025,70.08968118518519,6755.89167551938,72.81048855455472,53.69122577887288,55.475053704359,51.59729568590805,female,0,28.289762780476345
2025_0090,2025,86.42582110896545,318961.36956988845,36.65887584490886,49.265108762574215,28.40496308186429,48.886676269527044,male,0,1.030454533953517
2025_0091,2025,87.05312493493966,10411.040301123272,77.46758419288363,48.688982936337375,27.78347167556826,45.792394874395534,male,1,6.148757322382182
2025_0092,2025,58.67251111619176,22109.256614855953,73.66943451891875,49.52677521799143,42.82561177796075,60.068571116919244,female,0,20.31277503128471
2025_0093,2025,77.48633236449527,172928.98861291056,56.53347463451718,59.795430797679664,46.163028871556506,74.61441436725562,male,0,8.331137487687693
2025_0094,2025,90.36087433365289,1925879.4855622426,53.46712731670903,47.57610720717908,48.60004318509518,70.50081889895313,female,0,3.701543889312089
2025_0095,2025,84.4693088954625,2450.753489473805,56.37706444175474,55.75524468736048,46.42675312214106,62.89176994906971,female,0,7.934735340595362
2025_0096,2025,61.470663412147466,921514.3727350084,38.27902115751269,38.93629056250195,35.587378765999354,30.928880820313587,male,0,1.0499578284689943
2025_0097,2025,84.81271855674896,19667.91425895207,66.73810105879299,55.120748319385214,40.288869773664736,36.354505166077054,male,1,461.73909401890546
2025_0098,2025,72.19316822635216,87578.97281885533,67.19596255752968,46.40739109999726,37.62379615533549,65.6416330649524,female,0,368.2455606467953
2025_0099,2025,72.31451141439308,31525.075719696055,52.80663202706889,42.87728602191016,42.54781814035426,71.19373447928821,male,0,3.2421931533713457
2025_0100,2025,76.30961857178839,78881.88899621191,74.72049582558428,40.612003664442945,41.48662029584838,60.53734624022777,female,0,14.1540386453758
2025_0101,2025,69.05898992347068,99526.58327477411,66.02567180655363,39.82078553403714,35.73576664595168,51.94419684949742,male,0,437.5758227831543
2025_0102,2025,63.3437616941918,152213.53035108052,67.6001774815345,47.18528667874813,37.31740430088553,68.52301009395993,female,0,298.49405010875137
2025_0103,2025,82.01800336508931,548.8689660540168,60.980033371156836,66.98627694740107,22.222390617212376,62.53593771878911,female,0,41.83569824253765
2025_0104,2025,61.26433917729906,84508.35317263434,72.43043948022392,45.566771431541355,49.12620409719561,66.37445280733361,male,0,33.07408350441438
2025_0105,2025,79.47883458959072,28059.054412691585,82.90560685855884,25.908288175986474,42.1845017950955,36.43430892738439,male,1,2.0112370891751272
2025_0106,2025,76.20218980918872,46483.53979066119,65.92481357528989,51.65466286555349,16.063998101692263,58.43339912031717,female,1,414.15901736778136
2025_0107,2025,78.62212435452177,834055.7947318694,72.61031770894957,40.85743457437367,48.75539749540497,72.74571147133359,male,0,31.031412565528075
2025_0108,2025,73.56471309414832,151014.39054869395,72.7202745782807,60.14807578897663,40.268131080178534,60.274484304663645,female,0,29.407507532659768
2025_0109,2025,81.33503619704649,36763.34922854965,69.17870609841526,47.789232411729344,31.403674172895325,64.48244731622658,male,0,140.29537198502211
2025_0110,2025,64.64806583743895,72514.14959052684,81.77054194106512,49.25991982406049,30.51498545096599,55.363729105053295,male,0,2.354315436327516
2025_0111,2025,59.96986882965018,262132.46478190375,57.73510327299355,63.97310853855259,33.897131647461066,56.06075122293157,male,0,12.490895263606808
2025_0112,2025,68.06099044529773,467257.7003628713,60.78451684963049,58.17729510768392,31.456800900198612,69.0252754237382,female,0,37.901852897142135
2025_0113,2025,70.67502713239422,28288.518790399154,57.230406236374975,39.536229496603454,32.80420435561418,48.3021165149309,male,0,10.751013186076355
2025_0114,2025,74.59096307770065,5338.123671653408,72.25021644741041,41.00741411543901,57.857361190055244,47.323608817402146,male,0,35.96333689747466
2025_0115,2025,55.67608366712277,108347.60020584497,62.27513735250472,34.1647005973436,44.5223937236584,50.217859752286095,female,0,71.4322894276985
2025_0116,2025,77.28730863283675,33716.52965813284,58.04250861053148,78.0322096252139,61.22118348827092,55.23446402469612,male,0,13.6843110803293
2025_0117,2025,63.55761261710484,7079.083051597994,81.6314762674454,43.3729271489575,43.064158314670614,38.899110886652586,female,0,2.4139152153506704
2025_0118,2025,81.02584349882501,86674.89400238055,88.09505814060753,59.69812984727281,45.01003517244083,62.310589303796746,female,1,1.2507582907662167
2025_0119,2025,84.23709531141418,10929.531748690937,61.713070937384195,46.67725434366194,31.966526913530807,53.357531139278066,male,0,55.70110582679559
2025_0120,2025,50.66803154546801,9628.6377369856,51.325919299603925,41.20144452758206,39.11467532406959,63.53689260110909,female,0,2.4412250915437084
2025_0121,2025,75.72502027166952,197088.35035251136,83.63517450348952,52.21560776076661,39.98074788348319,33.80930073472708,male,0,1.8266797962608048
2025_0122,2025,75.68728630067484,60929.43314724719,69.70730537746454,48.73335811356565,47.01952722695828,63.57523026484949,female,0,109.1256532067705
2025_0123,2025,79.31215023149244,51528.3660966006,74.20722375612924,56.018746827636654,38.70367968505557,68.36894943953129,female,1,17.180070153709277
2025_0124,2025,68.02995679083978,16328.325808633032,66.05001009595573,60.1438391458125,44.32381474207308,59.385478340017286,male,0,443.0798490653855
2025_0125,2025,84.71046802151284,114571.06113054031,56.996822712990905,46.09858981065722,43.96474460690239,55.30018988167909,male,0,9.825686224017367
2025_0126,2025,107.12923543971027,57416.421939144515,65.86714544061303,33.60045582328032,36.16233754462213,63.65203299336851,male,1,402.42148117404327
2025_0127,2025,83.14725866884456,58803.89546830376,71.77720042437805,40.02835949848556,36.73091862382308,67.71428258740916,female,0,43.92571887921896
2025_0128,2025,91.3587166776047,13690.614829004013,60.52439639465836,29.175420367023495,34.08999885900975,60.22926567843416,female,0,34.03876424430728
2025_0129,2025,65.58668075332452,1462535.440479838,69.32983528251552,49.25540358412985,51.65550600095802,60.976411809793234,male,0,131.466228349594
2025_0130,2025,56.69915933540487,114253.31989893816,65.1336557715683,51.88199651509299,37.766610938476326,71.56941874166293,male,0,272.8030210123003
2025_0131,2025,71.97378491527041,13878.799087066698,54.43113018998508,40.57172081655886,44.098841969740555,62.61156985646778,male,0,4.741009084144071
2025_0132,2025,80.54858636105672,37457.7572836253,81.21130642806152,39.363488923515014,39.229751999406965,46.997408672795004,male,0,2.60192095220575
2025_0133,2025,53.95249893883088,400676.2107290938,70.94032927561953,51.83916121604435,51.45805245055953,67.66641901907592,female,0,61.63623943046214
2025_0134,2025,63.23543150673533,458028.0992325922,68.30647675899667,45.68045351473609,20.85948076997614,53.76278710160488,female,0,211.39956167605496
2025_0135,2025,64.34604906987126,50805.55077879629,70.55021220809395,49.87071044685279,43.83878755133546,55.33283008602781,female,0,73.42393702775146
2025_0136,2025,76.06563562387021,1736727.4493851394,47.07108291311667,48.32775151020856,28.21324768793025,56.06880427423625,female,0,1.4351221965838703
2025_0137,2025,74.77619563749586,74151.4962752472,60.06820397946384,54.48730240716354,44.71873603966414,64.68867867655872,female,0,28.18387483403655
2025_0138,2025,64.74839226495655,34716.512006995166,49.72699459573159,46.3472098276931,39.3301380899173,72.48852907656236,male,0,1.9420614266856053
2025_0139,2025,74.29811197690793,12858.3231851573,66.24686219791317,47.11255797034085,25.97203808200077,55.24421442112683,male,0,479.9826704399047
2025_0140,2025,61.05194815236665,43545.51142690545,68.25912204433732,33.18201216172371,44.186527061771486,72.31262110112485,female,0,216.75116705869578
2025_0141,2025,68.23575187384354,837332.9169106148,66.41338824914003,51.496674359405894,43.04854365117372,56.64588312770578,male,0,514.1422612394367
2025_0142,2025,59.852107473092836,480419.26356085687,76.78589153335962,52.88691822397633,38.480851791109956,69.02167943722975,female,0,7.224658742420411
2025_0143,2025,85.99762172205186,448713.78138349316,55.0264778579765,46.22300550422476,38.15120725769525,56.9843307153412,male,1,5.528961477624004
2025_0144,2025,64.49510741142643,13559.519041362037,57.00749027629784,71.11834040508509,42.419956157456305,50.07576343542627,male,0,9.874937681173183
2025_0145,2025,94.40375020068575,106829.52242860026,74.14347999479332,49.62778702358403,51.01754863800178,74.22099067766753,male,1,17.681165906977245
2025_0146,2025,72.23812929275735,366846.9705982919,67.63936657248482,50.43522898743015,37.64730150861666,49.12115201219605,male,0,292.21797105230013
2025_0147,2025,70.23257248217507,531083.5040258006,51.8456926711549,56.99144968859905,50.96071052265718,48.45190921831187,male,0,2.7013455480385753
2025_0148,2025,90.18124368994606,58175.70812287882,76.96529867979305,73.12863537667727,40.42437378603061,42.43959704455678,female,0,6.880903733967214
2025_0149,2025,76.33288177018638,96969.06189548281,80.4322212248508,54.52723043942575,53.79621828391616,67.6726751920236,male,0,3.015452796007163
2025_0150,2025,83.81845916368071,1703.1462338089186,74.25587007277132,25.765166492440226,36.84152906534155,70.03447299433324,male,1,16.839881971982816
2025_0151,2025,66.66264652913917,276170.432435508,49.90928601440303,56.320585519745336,34.116768108752915,58.73129841353427,female,0,1.9937155332430823
2025_0152,2025,60.6882739406875,181280.3671567094,66.59725245388505,43.207645736200696,29.790304659071314,45.161268639619635,male,0,484.8065764753308
2025_0153,2025,86.8411611454521,252923.411705325,73.40342565916063,28.77524814192848,38.86083065988267,54.932212142650755,female,1,22.393035604390114
2025_0154,2025,75.57613542376636,6302.961200290086,62.28157683631994,68.97561247080489,32.84447406815273,51.97380648991895,male,0,71.61109356331015
2025_0155,2025,53.35624007499069,1745394.8167296548,78.47244628081103,66.81446500328386,54.88701806076122,44.695314029159995,female,0,4.717363202689221
2025_0156,2025,58.86016473021571,20253.052536175182,63.8406133936235,42.948224790898784,32.06173820614741,50.11108436813911,male,0,148.2277585531825
2025_0157,2025,82.33897210733136,39302.2028289656,91.04542354056488,39.01368881100893,32.27906560423404,60.057356512970365,female,1,1.1176742905026729
2025_0158,2025,61.51819284106447,75605.6858243325,72.83117214533536,53.60167211913082,46.62826358350787,48.94831172816476,female,0,28.008274937614015
2025_0159,2025,72.9325748602594,114262.07028758005,67.76080129962038,43.14821158206842,52.69349327864789,57.9173388315109,female,0,270.42640742615254
2025_0160,2025,74.32152042906885,87405.1959995386,74.2042738400042,50.649263563443064,48.13238509278579,37.236778002586654,male,0,17.223074061580522
2025_0161,2025,86.27692632067003,22843.26003103729,85.30885273131763,40.868179773659634,49.81860730476396,71.7918105779683,male,1,1.495558925224943
2025_0162,2025,93.0017432138416,316720.96616874915,78.99052017443785,43.9959768588739,38.3954325176303,51.08588421472855,female,1,4.183925831882572
2025_0163,2025,81.65087722432081,16272.793671635718,69.2416498331617,33.95644804653745,38.5367648612094,63.70248883974012,female,1,136.8314669086942
2025_0164,2025,72.0409513953946,9873.958860839071,58.400797327426275,60.26898327454351,60.97793140860374,56.886850214366426,male,0,15.390493290481844
2025_0165,2025,62.46686415164653,52111.751677581065,53.77892662735216,64.03789039599823,57.753395200159936,59.024981175535025,male,0,4.065350649828703
2025_0166,2025,90.34619707292516,8425.53005949959,45.592808901468246,46.9979601082656,46.36344968523611,43.68015606523234,female,1,1.295309936862024
2025_0167,2025,73.25908155486329,1533548.921219915,66.74233380297485,51.637574961259205,51.899263572866744,47.3944101581329,male,0,460.58618801683286
2025_0168,2025,75.51465011554816,117890.49102536826,66.12330361881101,54.291570186347336,47.81108252306027,47.62146585958179,male,1,457.71650145365885
2025_0169,2025,85.94940624795245,22137.369526432027,66.65871460047342,48.01901144838905,27.10407620501015,55.253474260407756,female,1,475.2067630715095
2025_0170,2025,72.12178126732971,24379.484552293743,75.28857534333544,69.29563848833406,40.40228933708094,68.26155580504363,female,0,11.8817071130994
2025_0171,2025,75.31011903220121,264282.7810733396,63.87927489368084,38.83637143622873,55.81264611881756,59.33254839871369,female,0,152.93301269561476
2025_0172,2025,75.6811850657115,23169.33867481842,83.95103648245902,60.60941959681841,48.02500195863594,45.99659627884292,male,0,1.7441197724636528
2025_0173,2025,65.28814061056323,59216.2978617749,59.269001684608064,50.85797634898143,40.16219570450667,55.87333975261403,male,0,20.74904040364757
2025_0174,2025,80.13644657932714,344508.67480847053,55.29048837579373,40.787875063223225,55.932840736315086,54.19366165139843,male,0,5.974497536668324
2025_0175,2025,77.73055678839258,52025.28298275166,52.42363625649412,74.47088742879062,44.50409813652509,51.49134899101252,male,0,2.9817190601012986
2025_0176,2025,80.25420409794525,54635.6556186152,77.22751057697633,71.852003725158,46.77846377205517,54.84583474180292,female,1,6.464010851650823
2025_0177,2025,61.07302954985629,22519.01039566963,76.51486055830065,49.92130062572204,44.55655040109336,62.63711921339579,male,0,7.905035804502438
2025_0178,2025,66.01848354705756,72634.0271921048,59.05605103741279,56.44725348042256,46.2278575167314,47.80073581517563,male,0,19.41896177895045
2025_0179,2025,57.783520523693525,73489.14782821706,54.360172978731065,47.28813737493057,46.94507174402167,51.541089963339914,male,0,4.612407707719705
2025_0180,2025,74.5800651207418,2532794.8525522915,80.30276222060832,48.89705157435518,53.83573099163919,64.82120802892814,male,0,3.107287005568391
2025_0181,2025,84.33559923075822,174980.96508674763,50.49598119684471,40.67500813548478,55.14246391611269,59.689627733559995,female,0,2.1382762204968184
2025_0182,2025,101.71546057925949,130625.27178530965,80.10220177866692,35.197378089535526,34.67555607627319,67.79111813615516,female,1,3.234097793903585
2025_0183,2025,76.60658582323774,4158.415297062365,64.29018639677156,66.44149971922758,42.76577619206274,69.3584971759664,female,1,184.9341840706834
2025_0184,2025,80.36804260380259,117789.64618799293,68.97095357110187,51.61232116163719,53.54821945303006,41.39458879811284,male,0,154.8566731847698
2025_0185,2025,88.34500877875185,12881.029646516614,80.76921722320625,48.50584926891425,37.880459197811035,57.882977876104015,female,1,2.825682702488731
2025_0186,2025,48.54059653899935,87746.36051957631,69.76256189687425,43.89481780644313,27.671771452897463,49.92043372448146,male,0,106.69774243245082
2025_0187,2025,69.17602851347733,2964.1924983086733,62.04743937210972,53.89970202273057,31.68625862623526,43.01280931981323,female,0,64.71545210740304
2025_0188,2025,68.06316936806704,6987.581833029448,78.9609726121412,36.96205828150864,32.379022240642854,47.108066159011734,female,0,4.1996450087879245
2025_0189,2025,84.60817895974704,400458.97008256573,67.89101384929648,44.26261437521955,36.204464593071584,51.99231650777169,female,0,254.3598508435415
2025_0190,2025,63.790454910209434,46910.76772291709,101.8250950598221,40.00225288016124,33.3153300609188,52.05479314829788,male,0,1.0037570400473084
2025_0191,2025,93.13064347192265,57382.32765087794,52.94845332674728,60.928841187225224,49.52193401471702,48.93111311768971,female,1,3.361878852558429
2025_0192,2025,71.42911665013008,315939.5116952442,47.80073026763686,35.481016362720034,38.023454441086955,54.863586048815286,female,0,1.5276796261335568
2025_0193,2025,73.04190996714038,228164.08499801063,79.94260567933725,36.20784502778827,51.84885017789386,79.4664619788931,female,1,3.357679129366565
2025_0194,2025,66.97814691441961,96740.7279395289,64.68248833934497,31.52410728517696,29.46315771381311,37.74781404986746,male,0,223.63158768054606
2025_0195,2025,87.81631460055704,34511.43514989054,72.92609395313272,43.09987668002118,37.2561725407878,66.37176917321058,male,0,27.044941979791144
2025_0196,2025,70.76629451298946,84411.8601793635,54.01619110123906,47.40479019086829,41.84590185933155,54.81625686655412,male,0,4.327543240300773
2025_0197,2025,81.5586705948358,201944.18766592062,65.54132749213977,61.77780377059109,48.93093585096481,50.62121152842755,male,0,344.2093335303498
2025_0198,2025,96.01054287725178,780482.5018833096,74.57317481116165,45.78002160530245,50.67057645501731,34.817899239104506,male,1,14.935635472856385
2025_0199,2025,68.01736148781764,139144.44795757998,59.56289156284967,47.89413091168037,35.400677562129665,62.62763312574186,male,0,22.988635842034803
2025_0200,2025,74.66577523840014,4593.423787910142,72.31829705843262,50.99908123644981,49.16398763933835,40.5903250267402,male,1,34.90045966365455
2025_0201,2025,60.98181670943037,500666.51957024744,51.3847381912181,47.57096877119584,23.930614975314665,63.278939044212706,female,0,2.471931923057472
2025_0202,2025,102.01667042524082,252.6171789135957,73.94822858148318,72.09907862690885,47.93945177562983,72.41330868993755,female,1,18.72763049667292
2025_0203,2025,74.01737411918212,239606.3360580537,79.4544802437054,46.089965767380306,27.349117724317566,42.1719623640681,male,0,3.6647129122286826
2025_0204,2025,55.16178869020425,60733.551988513354,52.62422035482013,56.13711782569782,45.27983872334299,66.68360584957401,female,0,3.1385157591528174
2025_0205,2025,80.8396052778057,141697.33373879443,52.02046655982157,60.26455783355646,52.1257408783036,55.254393647471346,female,0,2.7766634248806774
2025_0206,2025,54.631487323221414,8055.490057402162,76.89921063704162,45.802859957558596,49.69892030426959,34.057953681587115,male,0,7.081600914414538
2025_0207,2025,64.23875756420038,55008.222993152,51.84362190603873,53.65372332641355,24.35904555719206,42.95183145052457,female,0,2.697970975650667
2025_0208,2025,88.31294372573541,48821.98790675308,78.4060097847509,42.991545482376445,34.71425890747821,56.78226642638541,male,1,4.770733181967603
2025_0209,2025,112.70419079902327,36500.563296378285,70.55348485946433,50.7402080794669,46.39083920599784,59.01183245632962,male,1,73.24060644389661
2025_0210,2025,80.66001078353534,41195.04552174872,60.82178057172439,53.009241910553875,47.70359798874762,39.193087444009976,female,0,38.81279654052119
2025_0211,2025,67.67610265383347,190087.31067953663,79.6652482800599,50.59717009641188,43.56758985654783,55.31705093653638,female,0,3.5519615493466286
2025_0212,2025,72.7831429601023,147026.707502265,74.28147808417026,40.44436443530616,18.717879260074,63.23555960348123,female,0,16.672322346717202
2025_0213,2025,81.69709216602271,20538.105493368665,67.7971562829187,70.63694797206863,52.81643007637099,64.98575519419306,male,0,265.40315246696497
2025_0214,2025,86.71863290832997,34054.06957648025,43.47333481456217,57.86399238175763,54.60389170997572,50.87164032734226,male,0,1.1764483184486905
2025_0215,2025,85.02360503241056,60506.67213218622,77.12253716401048,32.11362647458658,40.84231070346717,59.38468778556575,male,1,6.677542295405735
2025_0216,2025,85.31383066339896,29356.247618392223,59.291400741809895,43.79630409995611,41.49263670561578,65.72435386464295,female,1,20.853045401483406
2025_0217,2025,64.19951494410809,5387883.668236399,62.78618050770092,36.30603970893558,45.84569561460249,63.52455979218671,female,0,93.22351530442387
2025_0218,2025,79.15158680611619,17792.13343533504,65.07334068429519,59.6208136604493,55.448241318350206,63.914372153291225,male,0,262.7623469764238
2025_0219,2025,82.75971992761923,33606.70674292649,83.97277321224969,51.78217297525818,43.31305846187502,56.13506615633752,male,0,1.7397649188676412
2025_0220,2025,53.11315082870246,248447.03769050032,62.46757942050786,52.04077775162713,38.882518307517174,54.054822629574154,female,0,79.73829821081094
2025_0221,2025,68.5319398613338,3829410.392066002,50.77228163947004,43.57632773904856,44.62664673823328,57.72113573754917,female,0,2.208911808677008
2025_0222,2025,75.36553978228936,37207.4619025204,84.6964370832352,44.84436013736146,39.088567923891574,47.36231280998134,female,1,1.5999941932173602
2025_0223,2025,89.00906956926019,48994.83424099783,77.2573221499822,55.87184100612951,39.202502241230754,66.12094993076373,female,1,6.391698250620899
2025_0224,2025,60.12053775547469,276158.50838511484,72.62975804938327,62.55832151847776,23.088430508035433,39.6959544323191,male,0,30.876642749677046
2025_0225,2025,74.2985894944724,11.932028328934857,84.88418003529182,56.464211199447696,44.44400090803499,49.95689688080929,male,1,1.5565938428137092
2025_0226,2025,83.73519280710948,11230.913492394382,82.2320884863298,36.478331354839,52.54969413918921,54.63757183307653,female,0,2.181472265498201
2025_0227,2025,70.84405864646814,272180.49157370394,56.08265936150465,50.13883973455312,51.03433882060675,59.6967949893652,male,0,7.206619653820468
2025_0228,2025,86.90093837899927,16821.747781916984,56.09010247258282,50.533134572780945,48.73844443706707,61.57528515002198,female,1,7.215633560905986
2025_0229,2025,76.81685126985003,56212.5225682009,73.42469243521714,44.65224410648738,40.26838681834781,69.88986157295876,female,0,22.197951281441636
2025_0230,2025,82.20818961988958,2653052.8175166245,62.37532683192935,35.409842730906576,42.2611322175553,55.777521138048776,female,0,75.28267284298708
2025_0231,2025,68.31407167424818,12251.870472576793,63.28221996970127,39.13369453747912,52.749769052731175,47.820141501703745,female,0,115.58428452718766
2025_0232,2025,68.53685396332791,22281.017627694586,53.78330607101174,66.99774768702434,49.49956356041264,53.54963268484168,female,0,4.070435515519954
2025_0233,2025,68.57933472825886,1590774.7316848612,70.83896615787658,40.08538618660657,55.708153220320476,51.80602443789973,male,0,64.55386554449785
2025_0234,2025,83.31508895329128,527655.4078149041,69.02131173810808,52.475606983976,34.052654050821545,60.19933463369442,male,0,151.41130379405269
2025_0235,2025,71.81864870402538,38161.12247831093,63.445019133521306,50.436650049894006,33.99007171366601,44.33001002392365,male,0,124.74229884242091
2025_0236,2025,69.58901688092656,41575.83972849977,51.11657752364473,50.462183222686576,37.464339701542016,53.24570278875699,male,0,2.3572601706984786
2025_0237,2025,76.408964318682,9969.945666667396,77.09150028806452,48.801385331823624,31.341382468948442,71.22662018525018,female,0,6.71101361545099
2025_0238,2025,90.81254199778729,167563.2510169986,67.55704508240906,59.89137013451029,27.545805266245658,56.79852130934672,female,0,305.28629241685985
2025_0239,2025,88.24283144261904,3862.8065477097434,81.17843730156241,48.35612919051987,43.90043137739169,44.47067204242592,female,1,2.618233882963701
2025_0240,2025,69.80552775321316,1086625.576614299,43.969874771204346,45.74345340044042,44.81752045643961,51.60215382957285,female,0,1.2002141509535775
2025_0241,2025,91.92998517990297,34523.98485650231,65.5682315296328,52.51343824235196,43.26964569911489,32.67016722464236,female,0,349.41139142932775
2025_0242,2025,100.7980164225124,3855.640682778383,62.83101191333587,35.224558361897046,42.74806478712785,54.41139916667256,male,1,94.98794606273648
2025_0243,2025,99.34825006498018,130679.82623034628,70.36147287024652,52.75944597253891,24.518971694678232,71.47681360940264,male,1,82.16669092106775
2025_0244,2025,67.49313245782506,206771.65475831507,74.4321056544723,45.19033149663817,35.98507357372947,43.13397032611588,male,0,15.760392674279236
2025_0245,2025,66.50172215906031,36592.95531180038,68.69947366196627,45.76628847230308,37.856511507818055,40.43953128885949,male,0,177.23915876223882
2025_0246,2025,54.15845546633194,95683.64575609195,65.18122234087036,57.130475370809684,41.28651561133438,48.467399832495026,male,0,283.58162483031185
2025_0247,2025,82.14916887854248,61776.653357762334,65.12780435029737,47.92684085393243,26.15857693009189,64.21316340329513,male,0,271.44241026870236
2025_0248,2025,73.26997150371605,332560.2414790372,49.40234822293289,48.48983845438131,31.49425442122961,72.04637584196864,male,0,1.8635811759450742
2025_0249,2025,54.49112122968474,47315.81467315504,55.934319461854024,63.676302353146816,36.422121125578066,59.482121506128905,female,0,6.898127514056525
2025_0250,2025,84.51847602078774,972445.0314844244,76.21287544541681,42.268122664277676,51.4146025797272,42.14090278889381,male,0,8.747343025249204
2025_0251,2025,69.12649045763767,188226.61837886123,59.9446316814315,56.98385001712749,43.426558993560725,54.777751273732896,male,0,26.842863655898565
2025_0252,2025,70.35919559296538,71825.67308913067,76.40419044769924,61.49524027320979,51.046308945644185,72.89425482090397,female,0,8.19685053996229
2025_0253,2025,57.370307029989306,18814.34852006634,73.26370935480517,63.668971989716454,39.57201569733705,51.89099298114856,male,0,23.482371718117374
2025_0254,2025,92.42198440606423,13742.517648563704,78.79205110367599,69.76520018842261,39.20991860055166,56.40472505175436,male,1,4.409450153767619
2025_0255,2025,77.51770025776833,287657.5189072891,68.32914389796517,45.57859761521838,45.805731452095024,57.40559603999061,male,0,208.25223223393584
2025_0256,2025,72.02012446944008,15581.401203135769,60.63991766745497,43.32064166704868,39.022575505372146,39.5413704083301,female,0,36.098452594433326
2025_0257,2025,83.31762066114679,47186.585808600255,68.48847939847894,56.172154514091744,32.934003399498074,64.97946712620225,female,1,196.12456635767114
2025_0258,2025,98.76467638503752,21734.22600569117,71.40385900586698,61.40241113867358,25.857452204137175,63.53761749496459,female,0,50.2117970457174
2025_0259,2025,60.46632264034619,36814.422380825854,43.743858757307386,44.09265352242567,34.802890738390076,35.064596021470706,female,0,1.1957217763543755
2025_0260,2025,65.2856300780329,1288.8017180426687,77.43776392627808,56.84804491229615,49.18695818402276,41.693483816311016,female,0,6.210553360832124
2025_0261,2025,79.58256737843395,13680.17228039794,59.998805567995255,79.24206860699117,53.44456165123291,45.30299874864419,female,0,27.556818487881376
2025_0262,2025,62.35560063336867,98957.2103689041,64.13715840797924,53.04664406306465,33.04523627737996,62.48349246258875,female,0,172.64716444799978
2025_0263,2025,61.61793083447191,146178.52700479113,64.22337460455128,61.23498804914873,23.41061304151503,47.48887929827616,female,0,179.69302889124322
2025_0264,2025,83.81518646429333,425233.1875686588,64.60167419904145,67.76737385599928,50.09390706079853,59.01351099255599,male,0,214.3263814223469
2025_0265,2025,78.5519172494089,16286.149814334094,51.863583159418134,77.03746149603855,41.49506563651831,53.182250046659554,male,0,2.7081073606526624
2025_0266,2025,77.34137977094278,4991.360210128453,66.5172503367896,54.45699631295676,27.289120380801553,55.711717529831404,female,0,506.4876802014863
2025_0267,2025,74.31824849037568,11291.504213631586,70.94364632001002,64.53033545850553,15.0,59.95935429581988,female,0,61.55924226442852
2025_0268,2025,80.57846603613137,51456.61459938788,49.555484886039046,40.115058837390905,29.53699127032629,57.72334121401047,male,1,1.9059870292719228
2025_0269,2025,69.97328896214526,11319.24746114822,51.99214242387692,52.248809444736935,36.15665295374888,54.81028124432835,female,0,2.7593633973762812
2025_0270,2025,71.70925184737165,44836.44405990079,73.95865356295796,47.53547525100218,29.24894128373238,58.27080429300887,male,0,18.634226049899
2025_0271,2025,80.9621635315539,208039.63872459476,72.09797144097995,33.14659332850625,47.73982085524385,57.169720771883846,female,0,38.04425167634389
2025_0272,2025,76.7585736558655,301917.3161812534,67.98741235290777,35.96966227177719,32.649944707273605,52.903330287052064,female,0,243.77605585978026
2025_0273,2025,78.22156534458362,95017.07335568317,63.1785190472766,52.300325728292826,39.324391506533026,50.68764594893722,male,1,109.26214556322927
2025_0274,2025,80.39542227758872,56500.02545508167,72.15612610260068,56.496889259829196,64.60609756619236,73.8044281802863,female,0,37.24434048522546
2025_0275,2025,70.71493950064836,48523.086783812905,57.970993091442196,37.58371419940289,40.37813683350724,50.57295108137389,female,1,13.379852088930456
2025_0276,2025,69.29578151065674,69166.00901660052,63.62663957033555,67.5738536213189,39.64135064317391,68.66994994360373,female,0,135.97893717110486
2025_0277,2025,61.079516229163495,44188.565100944215,51.935070631014035,40.90018402887967,39.86793496926789,48.14870853331735,male,0,2.725086034744192
2025_0278,2025,63.92896555529278,794.5381843663868,63.37998057178448,54.57268959508471,47.51021516256498,63.10174514974635,male,0,120.15108589868238
2025_0279,2025,106.76586278039565,43103.638391276974,59.696091276279844,43.847605426546956,44.66720297380931,72.83758229978643,male,1,24.31880696064123
2025_0280,2025,57.79325853578607,18477.53153574571,72.55810860810253,53.06948024217621,30.734348586992567,51.62493513122489,male,0,31.539792419072594
2025_0281,2025,64.30805944007018,741.7044654418228,69.33181830785115,60.98533266612855,36.676136144846254,48.3260784425648,female,0,131.3019982293663
2025_0282,2025,92.6040177131821,14936.339588557148,64.29424419749257,55.573420163106526,32.506690678710854,50.70770379321254,female,1,185.86117052595398
2025_0283,2025,67.79997240094548,78276.20577422864,75.90299216472746,59.078422637714546,37.96508931055783,54.806323653471445,male,0,9.776680409528904
2025_0284,2025,74.05557730767975,183.20817185213343,55.436846432643506,57.801556274167154,59.12100864407583,58.21871338425294,female,0,6.171858449883554
2025_0285,2025,86.79549632685277,5098.902266018852,64.64715531531915,39.27255558257229,46.99299863759503,54.600028103696175,male,0,218.38291220714456
2025_0286,2025,94.04627857663422,22465.19593575828,63.851786725189385,59.34529631249673,38.39998103997084,50.80015440398598,male,1,149.90473614904667
2025_0287,2025,67.81317649942692,65170.59063394555,72.42371768044482,41.397115062367746,53.28265777206461,74.54541857809971,female,0,33.1983441606685
2025_0288,2025,71.1628052059921,60852.335077481875,71.43442455591347,50.93965908150016,42.69036685232054,52.99561174547507,male,0,49.34073462373513
2025_0289,2025,92.80606009785802,52791.07597479162,83.01956539476033,44.48673078664541,22.77035484882334,48.798986228604775,female,1,1.98377183553716
2025_0290,2025,78.84989766160375,84726.87677759271,65.82984448577295,55.50123292622737,57.489565922053025,63.30511167580555,male,0,393.96024374253597
2025_0291,2025,72.70752739860515,736.9305043889225,35.404032417380165,47.15284753624461,39.23131863581248,63.46435799493619,female,0,1.0202013400267558
2025_0292,2025,76.10609000057408,5721.056817272234,60.69131530265716,50.41489387184836,18.172051758174884,69.1248937690785,male,0,36.55251523108428
2025_0293,2025,76.11582440379614,485390.53783928434,80.65259705342889,68.1886803830937,24.755749090254376,74.27863759049333,male,0,2.857651118063164
2025_0294,2025,71.57773445994869,18751.829855812284,61.75005357763416,39.04746626816133,52.11068477512882,58.462720202385654,female,0,56.542920238322985
2025_0295,2025,66.44762393603588,145136.83874996353,45.82463791542352,51.97533568298521,24.918502434021352,52.117457544567564,male,0,1.311602930132945
2025_0296,2025,79.92595598021668,3112.5550646183938,69.49331854379582,40.858728357324125,54.3327222092722,35.977629329608206,female,0,121.05560675620058
2025_0297,2025,90.4179546158031,33553.585741707924,75.24059372344843,54.743496395665936,40.01290731627284,45.62148581651945,female,1,12.152075764389917
2025_0298,2025,51.69020284222749,43265.572229677935,57.72801021474161,44.73271187523066,47.960358374631326,57.08561768332897,female,0,12.41307062354471
2025_0299,2025,64.2416448031313,86613.7127415538,62.532508949078064,52.38536440251767,38.22423165145591,43.19058153430844,male,0,82.37236463338908
2025_0300,2025,67.69328389733471,310519.5215267585,56.5270406287652,38.75335066063842,46.049349504900626,39.14878245308546,female,0,8.289585766119227
2025_0301,2025,85.48868643252854,34217.629307253635,75.22569699116117,60.91539831194839,42.37516904384943,55.65827894951539,male,1,12.197731599694658
2025_0302,2025,99.5394491972983,9128.167823860003,70.56599449967176,48.7278991692233,38.81354265767898,62.76759219075613,male,1,72.96646849963281
2025_0303,2025,119.52325903747537,43850.337947741406,58.34224836463921,49.37765514397841,28.513649515716565,52.53521954110814,male,1,15.104610071895399
2025_0304,2025,62.91179022175485,2774.8176099211505,69.90456172777787,56.290616210133756,42.79603960836706,63.9678760272695,male,1,101.1141422477715
2025_0305,2025,90.54406359632833,200297.2599478842,62.66975627632827,35.48591473736429,20.975248301586607,61.16582963924071,male,1,88.67695081296064
2025_0306,2025,88.19586120266713,41966.664926432364,84.61060693795424,41.84977691253463,48.542958256607704,66.4923331309866,female,1,1.6180957582799915
2025_0307,2025,70.69510211327348,5536.848949745603,73.93697733208408,53.700541615798144,42.77586023160717,76.73438458395592,male,0,18.77450814556027
2025_0308,2025,77.92939545362147,16664.521191511987,63.777206560729034,34.380116567917824,45.45589097610344,81.14026640669096,female,0,144.74882514818088
2025_0309,2025,73.99788740579481,95699.44737770266,65.81064154594623,35.4537331480739,15.0,62.31671116504376,female,0,390.5281290093256
2025_0310,2025,68.88566024361212,80365.74865122144,75.13776227937979,43.78737674544163,29.50889094673435,50.401498100912306,female,0,12.600670161957826
2025_0311,2025,72.7924266385961,7792.844506557742,63.263896106084324,40.59002356984716,35.727165084016114,55.618358865215676,female,0,114.86413555865285
2025_0312,2025,78.06566664733069,2797.003889250662,72.58392524463488,48.56136653079497,47.55699272142882,70.73254585127269,male,0,31.26502310424133
2025_0313,2025,77.11471264514596,215747.30786427972,79.77386129535346,57.22432141605544,31.34360630319574,46.0677504470743,female,0,3.4556134647626755
2025_0314,2025,74.38632307619686,256.810038706311,60.091179341507036,59.49880327086231,66.35647765563601,69.47661096642629,male,0,28.502733643767282
2025_0315,2025,66.66552372247185,27965.785266297193,81.46145100919301,70.0941064843533,38.15897436104216,53.30075940082149,male,0,2.5030249989633973
2025_0316,2025,100.6914288322507,24964.930563324633,78.55116890505849,51.77375556043618,30.609565085191175,57.271259514791694,female,0,4.600891090220518
2025_0317,2025,91.09513311188249,25095.87069112819,72.48558802380927,49.543587983684134,37.3258957946167,46.9231243823973,female,1,32.459722075863795
2025_0318,2025,80.12463227336137,18469.129386538007,60.56087998106417,51.75119437864068,31.26199697546526,41.762747974085315,female,0,34.596412786564784
2025_0319,2025,67.42197547138944,77635.7546766354,67.36111538087148,55.202682646731596,28.921054896494635,52.2116399243872,female,0,339.9334965173679
2025_0320,2025,74.39573694162871,256254.43331742618,62.554991041221975,55.983674083248076,50.940125662464986,68.03011694335548,male,0,83.51280722204119
2025_0321,2025,74.3160807680054,72470.00042254482,57.072281440628814,61.22117759481055,45.947803331847645,47.980394397149404,female,0,10.112274671896065
2025_0322,2025,68.38050211585134,37909.28443917382,75.32275195327016,57.182082516043636,44.376928614891334,71.12521160020552,female,1,11.734110176867208
2025_0323,2025,65.33339239653755,136647.54455609445,54.76475700674361,57.19363272845947,53.6058334885249,49.27126618734825,female,0,5.116650368241215
2025_0324,2025,80.14856647084555,17158.41517535452,66.61445410013854,63.10172821653811,44.08132004954649,44.317728436188744,female,1,483.5960737929658
2025_0325,2025,66.49543233682124,26026.866303064857,61.745983061927674,52.26757059638856,30.093907086932376,57.53637048581073,male,0,56.472285743781384
2025_0326,2025,76.80160864838912,44324.94769034163,56.34740543229057,41.88432300702421,46.307695147119055,61.79071987794086,male,1,7.836168475166235
2025_0327,2025,72.93856036300946,304977.84120095096,71.58472023115534,47.51954947912174,29.500014204909164,56.88087916520509,male,0,46.409306024712954
2025_0328,2025,86.47358613898409,2893.2210780878995,62.71661959569211,50.941651530577595,36.005272016488526,56.50953395591979,female,0,90.5815001867825
2025_0329,2025,73.80488699734056,9105.164222863965,77.98843310094391,41.16364918967088,40.341447309773514,71.02960210941339,male,0,5.305531735837101
2025_0330,2025,60.687295443280846,49927.48398942431,62.553469971267326,45.86632438846876,39.323782525403786,55.949145474921266,male,0,83.40848143021763
2025_0331,2025,77.19096096801069,3535.105702446697,65.93404824475837,36.60162371598174,21.234432998305195,50.29593214591093,female,1,416.23499808144635
2025_0332,2025,68.72948850790509,80041.95947653957,55.95357285152472,55.43960261634968,31.094926400245935,43.67030456750355,male,0,6.9761696122937265
2025_0333,2025,58.34393485438034,3056.7992844612527,65.39029206029294,55.53821099128148,40.574238212285024,67.73635689430338,male,0,314.9771196009384
2025_0334,2025,90.54457083960858,24930.725710950403,70.44678232205685,30.31084973207636,33.07481229432087,50.74321976905822,male,1,78.74777316215786
2025_0335,2025,86.0309886976678,139665.41637179564,72.41766735233499,45.459178567577105,52.096366219211404,51.71897011713296,female,0,33.28144385240375
2025_0336,2025,81.7409578726746,80262.0961584301,70.67018990333338,66.2518884592026,52.213782237455064,65.51879405069506,male,1,69.8430093634847
2025_0337,2025,73.26133906778965,97356.15909834903,85.93917695554559,58.297800078095044,29.5625285924756,75.54147794777312,male,0,1.422619655748629
2025_0338,2025,68.21039312328794,197730.4115987884,69.56217264120751,56.543365030451945,41.3993401132125,57.513319138308105,male,0,117.33111728780865
2025_0339,2025,66.20372148723176,156808.91533198525,55.131630154439215,45.357467427669896,56.67465636955057,53.63001726935347,female,0,5.776222948715832
2025_0340,2025,74.39576067922476,243914.07025110724,54.285236570343805,54.87282554039233,39.45379441068013,54.94347524826896,female,0,4.583670058248031
2025_0341,2025,80.86694502888454,102501.62795275437,75.34797468845714,47.854900816119425,35.117995862543225,50.44461715263368,male,1,11.573870335449165
2025_0342,2025,64.41599547510023,8746.365571977618,54.816718854329785,44.032536420355086,49.42801623161058,51.44152634331669,male,0,5.200475168654413
2025_0343,2025,56.30708618070579,13505.863797375054,70.94844384540657,47.062105149266074,38.049755963863625,51.495107693036346,male,0,61.17569682828325
2025_0344,2025,88.14588227738646,124105.15287949702,78.95639045006418,43.28746581261451,51.9468279370902,64.1072807800433,female,1,4.21015725614396
2025_0345,2025,83.17009394952703,461939.89871582994,74.19742176177333,37.11326738993941,34.834692320122485,54.118294074326066,female,0,17.33105536453573
2025_0346,2025,79.57308788542339,35770.61071277631,56.30812749774329,38.76432734203151,36.039883020555834,68.59312412609341,male,0,7.777617053891799
2025_0347,2025,87.41993330748609,62604.3147128484,74.2147117494753,50.00531216926345,48.72526936496987,53.83722840005556,male,0,17.137173621332416
2025_0348,2025,65.75484545270426,256354.96727377377,68.22589238349853,43.520019086169164,41.80845354652425,51.32970849057399,male,0,219.75207959961838
2025_0349,2025,96.00809387373354,123361.15079016394,63.921289392854206,44.990818635372754,40.28731275290923,67.77875004106536,male,1,156.41300862437512
2025_0350,2025,61.473673814878616,182123.40572394314,63.4059885416762,35.94347158376811,21.64940527979745,55.21550019626334,female,0,121.66240051021347
2025_0351,2025,79.59258645727895,9504.809918460207,69.71279759514235,60.01326007077565,37.255264324608525,53.735657329037636,female,0,108.7171983387805
2025_0352,2025,88.94187278990438,6594.522776957104,58.27148902175609,72.80479441520365,49.46629568525187,55.33560642815946,female,0,14.694892728788941
2025_0353,2025,77.48381503112115,511870.7913219847,68.01859452422998,62.27395599501052,32.93938887919576,69.66649513178338,female,0,240.14670321681277
2025_0354,2025,89.1181161694374,22607.565865846933,79.45601948539354,63.305346951603305,47.82770069836726,58.060777317873885,male,0,3.660134882952792
2025_0355,2025,66.51268001924015,13900.447799279189,74.64056130356057,58.26122498000675,43.48793791448377,67.49483988923517,female,0,14.548676103099353
2025_0356,2025,86.15768934486621,3385.9989614243254,70.81986193514395,50.65585841146109,37.196857471628945,52.65375597841054,male,1,65.3658532140099
2025_0357,2025,63.34316304826239,4329.362017968904,67.34142608681178,52.865229006603045,54.41827926924477,65.89403907228682,female,0,345.0709334152821
2025_0358,2025,87.84789848455429,72654.45340119646,64.61937061991839,38.85473387051127,35.79136442176185,57.376848364229495,male,1,216.48039736618676
2025_0359,2025,75.19673820438089,1494672.9107891796,59.90103592766336,58.90055761027567,38.09042524353149,63.82575661980493,male,0,26.311339343265892
2025_0360,2025,87.76035062632396,28872.380645499823,54.62803704496586,54.307084491469475,37.0823020649753,64.66646236679964,female,1,4.965430496589017
2025_0361,2025,67.75861052694084,287317.49696442444,67.51109720122744,47.36990413718242,41.60766482722427,45.58380470960092,male,0,312.2330924307425
2025_0362,2025,82.59284239293635,268060.8282440692,76.82498431596753,53.26004082910964,46.8925844142092,55.71957606384063,male,1,7.161718742493711
2025_0363,2025,75.95170591983373,32724.42117236628,64.29156514316949,45.06054699716383,26.030271401110426,64.57197952550523,male,0,185.39709793208598
2025_0364,2025,70.90713069649836,37369.87976667469,56.22675804865759,45.697446313715446,49.506494040761055,66.16485369737188,female,0,7.538324933661922
2025_0365,2025,60.9819699483113,41547.5704932288,65.66128475527849,59.751053490849976,41.4830236190694,67.53434476792593,male,0,364.12601398772796
2025_0366,2025,68.52713954026893,536989.95287482,83.41764567809535,52.30527433551885,44.7569668354074,56.04727725102492,female,1,1.8776105792643432
2025_0367,2025,81.54511513069123,17246.331722349667,78.97981654236135,45.68055663263361,63.190259678426365,70.40209541129441,female,1,4.189159009226863
2025_0368,2025,58.67731263283538,5137.570613811536,64.70525636073691,48.52333845204104,35.66804617642382,48.427934303844474,female,0,225.3151299801767
2025_0369,2025,64.14430011470598,15043.82126951869,85.47430401746382,53.74772749306127,28.516554170307266,40.052348303089765,male,0,1.4751357213008967
2025_0370,2025,68.26694749006062,81324.53527738716,91.98716989889866,33.64599451268454,42.743804255772545,52.22389106147723,male,0,1.0873570205709446
2025_0371,2025,71.03900827109467,87198.06077409869,60.198573854630745,44.422305821524354,44.332233368976425,66.95842284346456,female,0,30.001578591666412
2025_0372,2025,65.83994168085744,197386.9733131734,62.54115231829698,39.348908869841715,49.542241573804354,44.13792828874915,male,0,82.78525782935212
2025_0373,2025,94.41201108161499,70381.92919085293,71.93331299241618,52.118530676601836,35.400081257858275,40.301419871222464,male,0,41.36768415264047
2025_0374,2025,74.88896966402034,728.8656861573747,60.870236328626504,58.88618460662226,30.874028083342715,37.79491012122116,female,1,39.69598305181844
2025_0375,2025,84.59212457940401,1114984.653317739,73.49134233458716,56.77158719477964,25.424302343183488,62.359442841916454,male,0,21.649881911512058
2025_0376,2025,70.8743199030719,3362056.890005552,66.01467693461478,46.88502031893348,27.084039905354533,40.52395274719065,male,0,434.30628022284844
2025_0377,2025,65.92473608659407,50130.44888390843,68.7163848948692,44.93403156218352,36.6278989203789,60.490303260169846,female,0,175.256392200023
2025_0378,2025,78.37576010391271,25398.242064423866,59.24562155601006,44.461336018215924,39.63065309273125,51.71913416359823,female,0,20.516921814292242
2025_0379,2025,67.97122448731659,6679.880707253251,57.12296643053731,71.99617123554867,61.51329568896031,47.29401816352125,female,0,10.277941533043448
2025_0380,2025,64.43035313560564,2602.2842503531856,45.1453453408448,52.680622965093306,23.823389343346694,45.01277674576036,female,0,1.2696610816332128
2025_0381,2025,90.39809902248606,6188.664369648883,79.84780896457634,53.99750940288849,44.16407531164584,57.06290840676945,male,0,3.412687144887364
2025_0382,2025,50.55539953731731,611152.3237712434,74.41446443046911,30.888703740919503,33.518863391371745,47.45842185752474,female,0,15.819605100717812
2025_0383,2025,70.05126174507603,1102789.1607702333,71.73359006259102,40.19061415606313,43.03535323799748,54.950271903060006,female,0,44.3671796932473
2025_0384,2025,74.40071620494123,13548.533094175875,68.4832615087948,51.558231181298794,35.251044192038954,59.01406386773215,male,0,196.86141420773794
2025_0385,2025,86.58022533177586,18443.427452161788,41.95772259225207,47.018379304321314,51.184907408068774,61.126612341642414,male,0,1.1218734375719384
2025_0386,2025,83.51569102154517,94293.91806488075,62.48898824979919,49.33058080219662,49.522779654885014,64.34320411806341,male,1,80.64041898047698
2025_0387,2025,114.11015244335002,52842.21126923988,67.43919046364466,49.198788710152165,38.06559660701673,56.64728345287123,male,1,325.7890219734433
2025_0388,2025,80.09119061348247,2667321.205329203,54.18653647491972,58.00452247020368,55.23429283028524,44.499099476904,male,0,4.4704988412767905
2025_0389,2025,48.8270718924553,60281.9798722179,48.064780450642814,33.308383585271734,48.423889963964164,59.65727334920274,male,0,1.5702738014766042
2025_0390,2025,72.96317271032437,23979.17943759424,60.22637150701357,36.94771416764643,53.16736640429262,61.562036422686035,female,1,30.378951994124215
2025_0391,2025,74.86934000791771,845094.355924181,65.49142948597407,51.00387672055372,40.36733375373069,53.18440769437922,female,0,334.03641033023695
2025_0392,2025,61.06133742643072,5455.599882583391,65.49398981519901,45.52596791683314,50.346541444293024,52.12096871585465,female,0,334.45421691786504
2025_0393,2025,92.9783324464171,6873.091833855291,79.0752283393772,44.89722414189413,31.494321237530592,79.75177385364023,female,1,4.095955404071176
2025_0394,2025,82.96270216735195,20916.881514074754,90.63179700892982,49.09027421343362,30.477319884547878,42.0694883169652,female,1,1.1317329024039735
2025_0395,2025,75.5397359612131,63392.852335606665,76.85761520097995,40.55066962848518,61.06365117085069,59.936743719428875,female,1,7.125999521249367
2025_0396,2025,77.85410626055484,2357336.871130691,68.24450316142875,49.92270122593327,28.308704959512824,65.4603144638315,female,1,217.837636804877
2025_0397,2025,81.01913605079692,99181.5918122114,83.00326512061687,57.43984531344771,36.42586050411535,51.587347587771276,male,0,1.9912249457679956
2025_0398,2025,52.270464560921944,14182.277340871939,49.18063572068099,52.6507906809798,21.76299150597778,53.314832480991726,female,0,1.808504028600974
2025_0399,2025,97.95274825165563,178818.86617232466,49.21156901383095,55.20727779316181,30.71599289184103,50.98533369270826,female,1,1.8198425748273814
2025_0400,2025,83.24536872807877,18845.81107237771,56.13276589735305,30.27058616320884,30.82781729168517,55.00222312864081,male,0,7.306395057986816
2025_0401,2025,69.18593196205444,43088.39067218106,73.12187447898303,46.139650472898865,34.07698421853243,63.994925626872124,female,0,24.9968545761854
2025_0402,2025,58.45557357159387,321420.841793542,66.68560252022078,60.92330908903606,43.807834307317925,53.017920460982346,female,0,471.0668424608278
2025_0403,2025,93.05864209099063,39.22585269827243,58.716762944634056,39.35646927029479,44.62658488414736,86.10592139063039,female,1,17.505235366694276
2025_0404,2025,67.6364068282376,196351.7008463463,57.729054646051154,41.999409403551326,30.701700461584,50.47262407457188,male,0,12.428596663577544
2025_0405,2025,72.3488231926293,74854.25799781876,57.58516499509047,46.737318100946716,31.279644530623667,68.77515165665659,male,1,11.837234150347177
2025_0406,2025,91.59140227946061,69622.0959298323,52.584915901027564,51.82680969223415,51.66760760127088,60.43924862372721,female,0,3.111173542905127
2025_0407,2025,63.65586704077882,136235.63929325636,80.51057774751284,46.65303070427578,57.904089479828215,56.08473121143375,male,0,2.9631414315389346
2025_0408,2025,57.778491132699195,21993.949227210156,63.56565031249684,70.43573834488656,53.39684609156119,69.70761094357597,male,0,131.960152234372
2025_0409,2025,90.35050819807572,4036.795429948655,87.69582088318914,50.864907538028916,22.687298872275957,38.99923754343201,male,1,1.2712491503214047
2025_0410,2025,71.82152563716335,1462.4474664137667,56.09985621504539,42.97117118884949,52.72975363817186,59.25178458466585,male,0,7.233695212465591
2025_0411,2025,102.36188369243378,431820.7680295056,74.91125013228095,33.60492562067224,57.7924992308388,47.83620061671845,male,1,13.413343566055712
2025_0412,2025,68.69479724917633,131723.20376403347,67.2708266031656,56.055765420024684,23.789628647291227,50.640120648948255,female,0,354.6920683654674
2025_0413,2025,68.80043683298314,22495.83702997755,73.79681572998986,42.73421257524435,51.65948658507614,50.16997707963993,female,0,19.737097762103737
2025_0414,2025,75.85228232196162,37680.95635648444,67.54548504814026,73.52619302412612,43.05892264914754,45.36175706877592,female,0,307.20030680892876
2025_0415,2025,89.49517921221381,263056.391200266,79.85083393272473,52.27942804238395,35.918808772733776,38.47419816976654,female,1,3.404166082790819
2025_0416,2025,74.80037714903997,18701.652263441745,70.54197612509795,57.5997197137249,41.86501396292442,58.88784235525363,male,0,73.88427368774667
2025_0417,2025,90.21951497134408,30745.979343124553,59.08728110084955,50.486871685388124,43.64590351312731,54.34130116587256,female,1,19.71244180308591
2025_0418,2025,74.14616294895522,111197.05918674401,72.32714764427391,63.21569435906798,52.410578074908436,51.99408686033143,male,0,34.510029778349775
2025_0419,2025,68.3351703437818,26959.310677616715,63.9690096925766,28.046513055600048,51.893325730429495,62.59174688079765,male,0,159.3734196592502
2025_0420,2025,80.826775967689,31439.072202701547,57.232804208405064,39.9672996601817,25.68551899140114,59.519348219505275,female,0,10.764460355288778
2025_0421,2025,68.90102597210448,761584.9148663342,71.93977776700811,62.34138007015466,34.29381731068794,52.33163545421391,female,0,41.16136196717862
2025_0422,2025,80.54350297602458,24467.935574946012,74.21558547807223,67.00579911837998,41.738462174709404,85.50923682227398,female,0,17.115765537145876
2025_0423,2025,86.37762088278554,41475.842265783824,60.16434835691331,39.6471797382188,56.56935393135243,65.17988715873913,female,0,29.370771113289432
2025_0424,2025,65.7245913266306,71120.47483445662,61.494350816966474,33.81368833957784,15.0,79.4480070810924,female,0,50.58980126749884
2025_0425,2025,96.54483418669109,7886.420071708243,51.12879698682003,53.67521787016976,34.67332087557532,50.8504507579332,female,0,2.3631606937057947
2025_0426,2025,65.37387094824416,155211.27845996688,46.9527287216323,56.85412418752643,25.47525654392133,57.496991210301864,male,0,1.4243990422031578
2025_0427,2025,65.44611821348214,4321.39052487434,62.57691702958974,53.47382377178087,27.065143092288118,42.617307378293354,female,0,84.563269020706
2025_0428,2025,77.89990831493813,88774.32399986775,72.92054482147547,51.40370924055499,50.6869230072908,51.69521685234541,male,0,27.214502190871013
2025_0429,2025,76.91562404394742,4319.178875969298,59.26734305593224,33.48144951392693,35.46518750278216,49.160407253669504,female,0,20.6972325893895
2025_0430,2025,73.21815225510014,956910.0569233972,79.27793663880158,48.24989860915875,17.393009313874686,84.95505246656836,female,0,3.8816099378108286
2025_0431,2025,80.68251087977187,2040059.6950956474,62.94926008168169,49.74098969010838,39.21085632616526,48.07522702294229,female,0,99.60874879100218
2025_0432,2025,75.02630042503296,270535.69470560167,62.98990674876481,46.51759798486803,61.21967066926074,52.65966183191578,male,0,101.49403212954563
2025_0433,2025,93.15741997500149,18106.701523444495,62.109082894628486,32.81261573106313,22.67888729585726,40.463296931376064,male,0,66.76974107513699
2025_0434,2025,71.96774582126946,138101.0079991679,74.81592573797687,57.847365333247865,46.14536187597884,60.337233677588664,female,0,13.804574186067095
2025_0435,2025,63.955063784137714,168885.41912696854,55.41089429696326,60.65762481588011,56.52406923249191,45.9977458990983,male,0,6.125742661881986
2025_0436,2025,81.98290703138296,47300.014989710355,68.71039832674411,40.0535543930552,38.70429052283598,64.18545729026336,female,1,176.13486852166898
2025_0437,2025,92.21324381729522,40620.899752985046,64.52628047213591,46.14028391869706,58.53784320691317,37.11675392452176,male,1,206.18008790110136
2025_0438,2025,77.35951686655429,10173.301626133103,59.38431961658323,47.03088458493991,34.18209748581634,53.783767099013055,male,0,21.54190267500241
2025_0439,2025,74.56476031917771,233975.43301072536,65.35154344478333,47.12807733559734,55.30277858394572,36.54200099579483,female,0,309.126321252045
2025_0440,2025,64.00496427929141,53651.10538043536,63.86676709217924,56.93165885606771,52.93567033200386,50.09487043248267,female,0,151.98016212602215
2025_0441,2025,83.58648119944048,93253.01264171627,75.51671298654021,57.173189519571324,40.47369723207848,52.127871493162104,female,0,11.133961145065307
2025_0442,2025,106.86990656688278,11527.32535196784,69.89225799800137,58.74771237937543,24.28334232121279,49.00968535676477,male,1,101.7480846431925
2025_0443,2025,72.79225321895288,3810.9772838362783,70.55005744982338,62.53929020022764,30.7526488529835,49.99783734209369,female,0,73.51577433539549
2025_0444,2025,90.60604943144128,5.343783607175595,66.72755146561668,50.28193906778493,17.287803510196635,64.71168269357352,male,0,465.215156163062
2025_0445,2025,96.16255996442015,255662.971113892,84.0375900020946,76.42104436112793,45.159323762925574,76.74454318542742,male,1,1.713863193679067
2025_0446,2025,109.68687174646668,338564.6226264426,66.97615031246966,63.49951957828768,43.95723410702911,58.393072015595536,female,1,410.03806629069084
2025_0447,2025,77.22644090568545,154719.39090791313,62.004286064324894,45.41860063491262,41.594551043095805,46.39956408982991,male,0,63.196568260316866
2025_0448,2025,73.8660307577288,167096.05773077084,72.45038587776487,53.2659878659221,39.56918011899184,55.64077439312717,female,0,32.868015117017514
2025_0449,2025,95.92401232979634,203565.17938505413,66.83997158140883,28.141866707529562,52.81664522026898,51.457308339247696,male,1,442.5263452659993
2025_0450,2025,68.16415000660727,140909.68149720388,69.98391684743547,52.27257632826938,43.786915624467625,63.893928645978896,male,0,98.00318714210871
2025_0451,2025,76.57117387859638,82363.56591006556,88.37914405536804,68.73694762565862,35.236909073238245,57.87861226839758,female,0,1.2398618969660617
2025_0452,2025,100.80716446619905,234158.63012962227,60.21047337300086,75.81304470368258,40.67669943489595,39.22205051888056,female,1,30.265244259400085
2025_0453,2025,80.69510455718843,81474.83435210642,80.31670466388364,50.78721467635401,61.3364762542894,65.97935487724389,male,0,3.099528490239524
2025_0454,2025,72.19042341928308,105932.83550284045,60.077933716895174,55.34882385033006,47.040333905111225,64.66840539550901,male,0,28.36057566665356
2025_0455,2025,74.5041559409823,1626.2232853646533,78.37678661010752,58.05312028899379,36.88912030991049,69.95028703567871,female,0,4.812660260776452
2025_0456,2025,80.07676781301787,9463.036418015914,71.86045855225755,71.79703571523406,40.35394139198932,49.83559099169182,male,0,42.62751769424541
2025_0457,2025,79.74446609789874,6128.210939427352,71.00327659315512,42.170256620024546,45.447688703280605,58.00973776915112,male,0,59.964336869699544
2025_0458,2025,80.00064383128532,139598.23162221728,63.49036852838879,78.55513048719358,36.57650705661792,43.15223324873581,male,0,127.26226043705589
2025_0459,2025,75.89438105419622,308729.9077199071,62.494967306768295,48.82928113232248,35.689268316065935,54.487551919635024,female,0,80.94338826401838
2025_0460,2025,79.25455360562124,2246.0246203262377,62.7799241995843,36.29846061079464,39.0864406361854,58.96985337599045,female,1,92.87458178129451
2025_0461,2025,65.84847136193925,908.4461265951026,65.06276041496477,48.847387960775194,56.03647385527495,48.63944228638141,female,0,261.4518143034993
2025_0462,2025,77.11166764773512,1003566.4773865329,63.16088553735978,43.90394994303627,48.73349442703358,58.423399814321996,female,0,108.17496904995257
2025_0463,2025,95.81459419509066,567235.8710742738,71.91018253112088,52.19255691625128,35.09242551954709,56.68000094131833,female,1,41.73123962460925
2025_0464,2025,79.5193622401484,20771.160799511184,50.89344898462029,35.4760586236607,49.51619966063191,50.50163543299736,female,0,2.2733397368966455
2025_0465,2025,80.7478328364893,27197.881163623842,70.22645119825546,49.416400380609076,39.285991320758754,68.97471406071233,male,1,87.79460040975476
2025_0466,2025,70.9883263101737,49414.464740960226,77.62652985597751,58.6396893935311,44.25622112699092,52.6555723089905,female,0,5.937273373745607
2025_0467,2025,60.75721335613741,72730.28018458816,74.44048534683404,66.82833992509562,43.34384692916697,56.32848724678023,female,0,15.721040902803596
2025_0468,2025,58.58571320395173,921279.5232608226,65.23001776406672,58.80606087619624,19.6341225360258,40.3309675076787,male,0,289.67221771884226
2025_0469,2025,73.31479300326433,8291.818236442896,90.62418102224984,66.21274478998342,15.0,60.191910720378054,male,0,1.1331484530668263
2025_0470,2025,86.0815636470228,27337.273406353706,59.22646695079342,45.943323272917716,43.0730128507085,50.23106291590474,male,0,20.465693571741067
2025_0471,2025,73.49804000704813,197136.29141469803,64.13327957181362,55.94190256244144,32.24580148359504,64.57210969475209,male,0,171.5714846710621
2025_0472,2025,91.58135428873693,292175.4887915604,50.49485003029855,29.707730055389014,24.358196224563052,41.88853764467138,female,0,2.135605045053659
2025_0473,2025,70.85896028827138,4454.636058668803,60.96364688390724,50.860120411474306,32.55524649866036,59.30696950992721,male,0,41.52310419866634
2025_0474,2025,72.81217208146896,53109.77679076565,82.87814129366981,55.86751282409593,50.07416456280678,33.17943808187967,male,0,2.0162714722548407
2025_0475,2025,62.589931089808516,38869.48113648873,61.345188177804744,56.772325426010966,44.388991638841624,61.15868098380665,female,0,47.46535136885352
2025_0476,2025,69.02756016662912,45002.70471219611,49.72168806843974,36.25922828567677,48.54076486428374,53.25197359228288,female,0,1.939635366505754
2025_0477,2025,60.6006176638059,52481.06895076099,73.71998883294638,48.0983408909933,45.344548443720605,58.99353509147488,male,0,20.16099908977978
2025_0478,2025,57.04662715715899,2862.1385902048405,68.89210242208779,49.49239499142516,31.58411518645327,48.99837480369113,female,0,160.57321391110884
2025_0479,2025,75.7706871611176,26962.988464162074,78.30646066025317,43.70924903675654,46.9887447646695,45.507009012776344,female,1,4.916023637641005
2025_0480,2025,88.35275089966048,978.3384850466177,67.0294892175713,55.25005846639551,45.07496884317679,50.654968853103014,female,1,399.91419036224113
2025_0481,2025,65.13293719764386,44621.09285482425,54.928761353976455,49.831725654016395,39.62164236124519,56.92011992235212,male,0,5.35885321625262
2025_0482,2025,67.50127182637858,59153.032059068224,63.16376696897778,52.993269605985745,41.39016709144362,60.76570665660833,male,0,108.31027230818376
2025_0483,2025,76.59870569724661,146307.83092766185,70.54844986384553,47.10380400731177,48.74843254254576,58.03843626779849,male,0,73.69979369959579
2025_0484,2025,72.01201627478528,59381.5210940165,69.27673059923288,58.64824441840085,31.683023363412428,45.632392014973114,male,1,134.45774686715984
2025_0485,2025,73.31036058752437,297492.2856814697,68.87955173282165,63.39234186314801,51.71146613877021,73.3767941792936,male,0,161.57993923759994
2025_0486,2025,80.98075435979047,24369.241612768845,59.631817121574294,48.91658255561049,46.46789246542321,58.32814072919501,female,0,23.541151091014534
2025_0487,2025,96.84559491079568,10183.129938416578,74.25096528931003,76.50589233202246,39.22264670395716,48.77635491425398,female,1,16.903150082943505
2025_0488,2025,77.66567049753338,14077.444694863681,64.96986062039736,44.335222022669605,56.15830113774813,59.24220205166484,male,0,252.45928798182638
2025_0489,2025,71.97817729807417,58791.36099628095,57.94126083810126,62.07196913880258,27.817854369780353,57.55987279005171,male,0,13.279878567593933
2025_0490,2025,66.26261103522953,14113.210752239285,66.39950155090177,42.489993254126304,36.18434673314498,53.24666763862073,male,0,511.57796601358376
2025_0491,2025,86.67641246759544,305217.43379613524,66.1330785405525,55.73024248262891,32.35702448668269,52.0721135046855,male,1,458.8622242640756
2025_0492,2025,89.03463227923318,1298521.9700519873,71.1716446787853,58.9500399346643,44.391653195468876,64.84871228739839,male,0,55.770775743705585
2025_0493,2025,75.23066202546923,19499.356647533477,73.73156911232277,41.88261882648189,52.65960304296147,72.27847631462784,female,0,20.01035720978954
2025_0494,2025,71.43118129675737,1530849.120326296,70.0153779155204,50.69397035494437,30.940289951559873,34.639962328438656,male,0,96.78577199919395
2025_0495,2025,78.13692767797264,58213.71709828457,48.65012588459217,70.67739446364533,73.95414561439371,67.30535575983052,female,0,1.6841314988928175
2025_0496,2025,87.99724248857304,15590.119883629493,60.352292462373065,39.85698429751882,32.552554344214784,55.19929523406617,female,1,31.81697651466769
2025_0497,2025,74.75792950678967,13922.966474042292,58.63423133559724,56.018659871179715,44.41765523159842,57.36690543827625,female,0,16.92429223163723
2025_0498,2025,70.03282845268602,52300.27974104252,57.03685955669238,55.35483886284977,40.82694361416781,68.51642330083497,female,0,9.974182454814718
2025_0499,2025,83.35062245925295,32290.256021133122,64.5715302500502,47.57717045431523,39.66294983090327,28.451911077749195,female,1,209.81999573995344
2025_0500,2025,82.46000260196561,2178173.3100041384,74.252484740675,34.68869612459144,32.85211281126708,63.147894092543744,female,0,16.882034345425215
2025_0501,2025,52.996503096072935,68262.3439001711,71.9865443853888,60.286250343133084,51.50749113949208,67.8249706173442,male,0,40.29591100866506
2025_0502,2025,92.28601736748257,45978.74723870583,65.7614867026337,48.116162818684195,30.63516981589589,48.11383259349851,male,1,383.2739470697011
2025_0503,2025,67.73247013498732,23311.731838874286,70.91793659991647,63.038456727027125,23.057641286824698,41.060469669464155,male,0,62.100249087360766
2025_0504,2025,53.44787536169264,321337.9318850736,68.28842052465481,54.31758105202817,29.546365754758682,71.39928816180328,male,0,212.99101889324118
2025_0505,2025,62.75390577547585,555128.3300139204,64.67141188996143,52.644692315969266,55.296515661603266,37.43608264198323,female,0,221.9606247166879
2025_0506,2025,72.1395391070213,116596.80539248136,76.48224702605033,55.725410326373705,53.34221598373372,59.186497953798224,female,0,7.994469579040013
2025_0507,2025,73.51479229170391,289459.65383104706,58.38703692576592,42.12469185556498,20.667426099982382,65.23108346391395,male,0,15.332887019907195
2025_0508,2025,79.90004455513446,42540.94445011726,65.52759537263422,67.58106227268678,48.96170787115539,58.965990052496025,female,0,340.3586790717487
2025_0509,2025,80.58018234544946,101288.23495049484,54.491398976645975,48.24585657215495,20.921212776226458,60.64632589993453,male,0,4.794646581556852
2025_0510,2025,57.03285036772779,179499.15254193617,54.97070545213482,48.37438465727417,40.526904649654334,52.349803954253304,male,0,5.426259291746626
2025_0511,2025,76.2750358635139,35166.764151614174,51.392349751124954,64.92296317251939,28.686251856911078,59.6272069188242,female,0,2.478119484093723
2025_0512,2025,94.78543973422772,3871378.9918110613,60.141428488687666,50.4734219550673,48.13453880780137,47.91531404146352,male,1,29.07852705779708
2025_0513,2025,89.68922620932064,49573.41597214091,70.83100561155486,45.63549968203961,44.76324886029202,49.21055546405406,female,1,65.20264267914897
2025_0514,2025,92.52441485206724,16404.931158510717,66.97515820758072,52.13820093553303,49.025179955916585,55.3554576417197,male,1,410.55093434931104
2025_0515,2025,53.174791935269354,61024.87769088274,62.30128709593418,58.25984078626616,37.83874469478614,39.60156134848949,male,0,72.15019587165152
2025_0516,2025,62.59785010584196,82677.09417288608,62.00836881808134,50.816603732562776,38.880970735392005,60.77040113261853,male,0,63.35475733492075
2025_0517,2025,86.16047002382118,532515.0390383789,82.72742625058744,61.223300850147595,25.76256473655465,30.192616258703072,male,0,2.0441866822585566
2025_0518,2025,69.70291677858562,65376.2241776564,53.6281985120287,39.294456303392195,30.46423947306783,58.62815465373281,male,0,3.915723051992722
2025_0519,2025,109.73103914735835,9659.525629284362,57.559066802675964,50.6180978905492,48.71379035154542,59.5687195087363,female,1,11.704811539980854
2025_0520,2025,59.71577588418332,12040.337913011062,56.54577407426565,60.00269684156359,44.4836675869566,47.05479623552203,male,0,8.383370154039993
2025_0521,2025,88.13772241132511,139088.3046721098,64.28105165355011,58.21795104950817,41.846480002129134,42.66033861009064,male,0,184.2419795750246
2025_0522,2025,66.39294387015356,24929.160246222807,70.14771312587054,29.589505423258124,53.459001014456334,50.91830277963503,female,0,91.83559797815674
2025_0523,2025,81.12435982948358,29573.11709226664,71.18587613885468,50.734074444628206,27.759573879471816,61.39677268748567,female,0,55.07798004080627
2025_0524,2025,84.54617584508193,69766.85319043088,79.44638316369787,35.85963087474618,46.423083424851235,58.45699115390182,male,1,3.6738861562865957
2025_0525,2025,73.65678147905278,26462.428869328847,63.91761133957808,64.85771704336987,28.973059111149563,43.88466891109993,female,0,155.8275582475647
2025_0526,2025,78.45543307418251,4572.115573972901,61.03678880093196,48.09326098003379,55.62307492191092,56.05681093977955,male,0,43.00214507867925
2025_0527,2025,66.3664673856013,1032.5664476772008,81.33460694952305,63.747038525398,46.261075952918894,57.61956788210905,female,0,2.563183395921254
2025_0528,2025,80.51106394874793,6576.108437151579,37.157916230534774,39.8295615824739,50.47394864780596,57.19570080163539,female,0,1.0369150428507414
2025_0529,2025,69.84126253278482,107999.49800306116,65.62759022444148,55.906427840652064,33.762482959326405,45.134086830804655,male,0,358.2567829159694
2025_0530,2025,74.28049933713687,195662.07400507107,69.30006944493942,52.07940602054696,62.68644519947032,56.55702730239129,male,0,133.2863738127797
2025_0531,2025,61.048286049912186,107055.9933173737,88.73684002376915,75.64069260055646,59.245535647417526,64.17745011891941,female,1,1.2107621047743302
2025_0532,2025,84.12664725576391,29682.489418104626,53.39433828144754,59.77927687628153,43.5167015756853,60.36961719175063,female,1,3.641879884066475
2025_0533,2025,85.13541988351643,12443.145913884864,60.79862361570643,63.13884269970798,52.58787498233633,59.1147991490744,female,0,38.33065623850446
2025_0534,2025,94.44677187118701,29452.730336698034,56.42389798888274,68.27807741972477,36.17207547565963,71.42682567703905,male,1,8.064728120712871
2025_0535,2025,81.36545614343724,40570.804024574085,47.01723632423729,54.837675912658135,28.077133240437778,56.677911290387826,female,0,1.4279644947673646
2025_0536,2025,73.0331767786142,23064.27979395962,62.95474307373576,51.00493738951621,48.7817788911714,46.58090929054373,male,0,100.23325301375199
2025_0537,2025,89.26274502891071,343035.65512748127,73.33093757612407,49.864761202642384,31.579319817360368,46.61258154537103,female,0,22.873979542440807
2025_0538,2025,90.38438716568768,133188.95305584598,82.05969588331101,51.27816657671155,52.34150804616799,56.76027176942396,female,1,2.2394941175909704
2025_0539,2025,80.89899917791624,44146.9194708556,64.6812719238576,20.298773818092247,49.710017128020326,40.624566294556494,female,1,223.073206978046
2025_0540,2025,81.05140875107611,2382.84349296077,71.66526240531589,52.02326207708382,43.15928318489432,51.89017127270282,female,0,45.20691220338397
2025_0541,2025,81.7259835948841,38095.477265930036,63.02281301668024,54.267915371349424,42.59833770351473,59.64173651629885,male,0,103.15678341683252
2025_0542,2025,93.79591224767452,470437.23716648767,75.56573779122517,46.44149522612139,49.122563490002705,66.71145002768066,male,1,10.96819805908042
2025_0543,2025,68.4706611253666,108103.20984896478,76.54475247659225,36.690924753805795,43.5538771516562,39.55986252732743,female,0,7.826379384028861
2025_0544,2025,75.31472172069904,49343.67358575686,63.05769560650748,50.5016341405322,36.74324887518882,55.99077618968776,female,0,104.32384966906474
2025_0545,2025,86.43324860999729,380364.5521071301,75.76974382425007,36.663007907385776,25.609492543347585,54.31763886581323,male,0,10.226680085791001
2025_0546,2025,77.27549994496238,56209.41835712062,52.869727121456535,69.7375773949672,50.41776428605512,55.37505701082527,female,0,3.291192627994888
2025_0547,2025,57.72237463307809,26510.9226624396,71.56510516969036,49.42649800531919,44.47538317375647,56.41565505586169,female,0,46.87572730452162
2025_0548,2025,66.21236287530486,6545.681805150558,75.33673272788484,31.37295946813755,68.43927057169665,54.683330028908244,male,0,11.631884601929604
2025_0549,2025,80.74734659740774,2313.3824486852304,79.3020920662312,45.93489048429998,38.238011100318175,68.92208950532061,female,1,3.8429872736087294
2025_0550,2025,64.95676588119251,21999.498415313537,53.14978687675503,60.953983864872654,43.82942161243292,67.43996716428782,female,0,3.4816279983061724
2025_0551,2025,51.38715697754947,16283.16766028452,62.94189000561315,53.76078074014793,44.064800678506,76.43289188570422,male,0,99.23591548240347
2025_0552,2025,91.40577527784461,4638.790513125548,68.02175130223014,42.8614392516522,47.32708627089049,54.89427800568776,male,0,239.84670737425537
2025_0553,2025,63.73712386990463,59931.18078720796,69.43052440401392,45.217518151580734,31.102204368261518,50.89310540512198,male,0,125.21096065476522
2025_0554,2025,64.46051690456987,407853.62821090897,66.15875949367894,49.131527552596346,40.02553101463353,45.32237991810378,female,0,465.797038709091
2025_0555,2025,53.08291544939518,145631.4620858986,79.29186282084848,47.60336571997506,49.10142397135029,49.8056177534839,female,0,3.8574255306969745
2025_0556,2025,81.16428984693648,5927.679587306241,52.0435398932991,39.404338585471436,37.462382812953166,62.14571132754959,male,0,2.7940719161531797
2025_0557,2025,86.59135147110705,2195.8702035769147,67.5974916601683,47.32402252349698,47.12559310017584,63.68525088460578,male,1,299.615504208893
2025_0558,2025,68.99086394917101,78725.95073390708,48.12227899961103,38.66265765467369,41.77006115877668,61.75514744634748,male,0,1.5820951295555514
2025_0559,2025,69.51998647552783,134496.20641107895,71.21248810203895,61.4904484588236,44.83076680757592,48.35532317787515,female,0,54.19019564912014
2025_0560,2025,93.37804392266956,182295.54341786372,75.54619447440284,58.71105848899611,50.74589822823559,48.409250925446514,male,1,11.036963966563347
2025_0561,2025,67.69978489324912,44462.56221383833,98.4860336571626,41.9681256326664,38.51962338163381,74.56464044110533,female,0,1.0113135192236113
2025_0562,2025,52.610989373157565,9733.399768442892,75.26359658385832,44.833560869115644,26.237932356144913,46.68007015557918,male,0,11.91144854217817
2025_0563,2025,74.58464059019973,95729.82039348946,73.31365141153356,43.769998648662494,36.528610498479416,69.16524666624835,male,1,23.04617933103058
2025_0564,2025,59.06528523264319,78317.15433056699,67.54895075673836,51.6848220568594,32.51968153369129,59.045760482252575,female,0,306.4332652433641
2025_0565,2025,75.25317841410588,360082.64673786814,61.83389089373554,54.56847743432111,19.478867403242322,47.67401060896192,female,0,58.63020456182673
2025_0566,2025,81.80019040533148,36600.47761920339,66.30487693964511,56.63052715841387,39.72998327945911,43.155144399241664,male,0,489.0672472702853
2025_0567,2025,102.15805629870151,14382.588620453007,72.7624896159388,52.39721861467548,41.19627751026625,48.11080584657567,male,1,28.897353022305598
2025_0568,2025,56.15105582732081,3400.9706632644384,45.35240662022445,67.53865552837338,51.03823626837073,59.176316140348135,female,0,1.2888495515999991
2025_0569,2025,93.70270092252586,15283.837593478462,71.96913590506999,48.603640656515225,27.77271612375244,45.90372005959202,female,1,40.54854912419108
2025_0570,2025,66.34928807795578,150524.4641451784,66.01009568374741,38.97518485595971,41.68791602595411,70.54410361713366,male,0,432.1401686134879
2025_0571,2025,101.73458077815542,44738.63785774431,82.54013276726153,35.90818565160268,52.11475606046576,52.92139531399223,female,0,2.0854819925050276
2025_0572,2025,101.33554130651237,47701.56652614236,68.68328240197515,64.35786874982062,33.436288550100564,62.00446458410276,female,1,178.35037242998482
2025_0573,2025,104.5189541213449,71938.03880414256,62.34454646170475,53.09655868450016,44.578304245581656,61.1971109163812,female,1,74.06921545284855
2025_0574,2025,80.5243982024664,22885.801519405068,67.68532082079965,54.064523314642976,56.8251116237801,71.21900780631925,female,0,287.5078027876284
2025_0575,2025,76.31888196475194,65068.438405369576,65.74348071881305,56.4901144617621,22.11998480587432,50.62029651185777,female,0,379.93492953814206
2025_0576,2025,68.4741702929608,71100.55399078628,63.69399376876646,53.602689248820504,43.534722839945104,56.06082267278758,male,0,139.24709265642153
2025_0577,2025,66.50679189174828,1570152.1751268925,52.210111892033915,56.33188903117613,52.463785476630065,40.98605506476002,male,0,2.8505159129905993
2025_0578,2025,64.49894913042353,95799.13043399551,63.439805011906536,48.27411581442878,37.28235020961197,56.03148218389834,male,0,124.43083259035198
2025_0579,2025,78.67575658062002,54706.78250298504,59.20808127765986,62.55196589637453,54.70920251134951,66.40011563079263,female,0,20.287399925240926
2025_0580,2025,103.10402799168632,51832.34918020477,67.83518501087669,42.75134755410627,45.56124450149974,57.19471692013562,male,1,260.14781793954967
2025_0581,2025,68.93192159276946,11183.337773687028,72.321532231911,42.96712881675582,58.54665236608194,78.12669539607887,female,0,34.76982802731789
2025_0582,2025,65.27651190017039,90487.6987852406,58.25485660754141,35.091553601266035,46.642122193598745,60.197099153709495,male,0,14.621601645542807
2025_0583,2025,57.66496594857518,19853.073441200886,62.787675170004576,49.62275291013911,59.380963184135354,49.59587596648677,female,0,93.34011755978139
2025_0584,2025,74.94691668393517,23643.14707009732,70.41204966941488,64.67502561402664,43.80900028717818,59.55764748006171,male,0,80.13798809388577
2025_0585,2025,84.7926748101652,100023.83373189096,62.305977158775654,47.42649857511553,27.081009790597175,40.36605197337604,female,0,72.42126704696247
2025_0586,2025,85.29327322719821,70193.27718316822,91.0918598719949,38.21452125016218,34.47106618639064,47.0101905930963,male,0,1.114883594599782
2025_0587,2025,86.28438740256895,15531.798064685667,67.48866500913054,54.84828088969908,51.01418555552984,42.82990794714142,male,0,316.5559489831722
2025_0588,2025,76.65406612995099,112620.31778065949,52.58102967724163,45.48932203726041,50.816857062165774,55.16110889157624,female,0,3.103405323368233
2025_0589,2025,73.40188637329905,153296.57586437685,56.60697256923569,67.48267096227133,37.684667459390894,54.3947682165032,male,0,8.520712805848722
2025_0590,2025,100.32252262014752,12649.226855238347,60.60065211412665,58.74597765413252,57.297137175045926,67.05109650269657,female,1,35.42791256566965
2025_0591,2025,61.399387378474,15021.444605716042,56.749737136509694,39.29105205125468,37.24970459198907,54.00931511781508,female,0,8.946389114636876
2025_0592,2025,68.09155073464645,102486.61385753109,70.36978118219419,50.26105264781107,45.433629228392114,44.974802132568364,male,0,81.9615307508321
2025_0593,2025,89.6084808036728,25584.398147147593,53.93490543699236,44.447286564331385,45.155860998891015,70.59317715687993,male,0,4.220695816996552
2025_0594,2025,61.75394476908512,5977.394830787744,61.68794243664772,40.39495413918882,27.455383962248973,25.55359201626264,female,0,54.66644039326876
2025_0595,2025,87.15541867202225,687550.8877548946,81.42746908260683,47.440655081901916,38.09176601365774,55.38465558912858,female,1,2.5313430204063496
2025_0596,2025,78.81330605707724,18054.7257406678,59.80227845447742,60.182327638123446,64.67470564794945,57.1760749149654,female,0,25.406371778848346
2025_0597,2025,88.3269855532482,555981.7852632058,76.71486562809633,47.182927121640425,29.949663099131136,54.89712461830894,female,1,7.38905609893065
2025_0598,2025,83.9941750661972,37728.841306006594,48.170297461896695,46.838487483529036,47.07033050016006,60.0009188039018,female,0,1.5940054509026909
2025_0599,2025,102.75678168841895,50135.29393788008,66.29384945876008,25.937634838089092,27.621542896843085,56.10690217880698,female,1,486.6280141983472
2025_0600,2025,77.2966432027917,17494.25549427795,56.14054612559205,45.34184680274154,31.445127573358608,59.99659969960995,male,0,7.324683897155308
2025_0601,2025,86.40062725757427,791031.315603068,67.99770956592299,57.51804761447465,26.614693996828525,48.977807042269944,male,0,242.5602177088538
2025_0602,2025,63.21324535536181,30071.66843764581,54.65221872291303,38.58059068361431,50.23894186751445,40.409475956093516,male,0,4.996561620617056
2025_0603,2025,70.92460765280708,12761.221196315622,85.69656880218392,64.82562117922505,32.05998228545016,54.53646714830637,male,0,1.4495454144457365
2025_0604,2025,96.55191179927027,5541.098382120945,48.60615105915158,46.16365138153258,53.512966281020944,44.73475323991232,female,0,1.6694596313076429
2025_0605,2025,91.92930421171397,178066.30649750904,76.35781143878742,53.937198199795965,35.470859101716144,47.71475158279086,female,0,8.29995422726503
2025_0606,2025,74.73060782677432,97956.48296169989,78.78277085604249,44.00860844521927,40.483832587354314,66.61481241020158,female,1,4.426016634581934
2025_0607,2025,87.37237591491203,8524.468817945186,73.09861156530003,36.23683259578311,43.32614969449795,70.57997795514761,female,1,25.311276300140236
2025_0608,2025,73.86074626523393,307903.0438334052,65.5443325351199,56.402960547483126,24.582730480964308,66.42706107230394,male,0,345.5025417810807
2025_0609,2025,76.66525704750737,32395.372945129842,83.54958670656575,46.0198729674819,42.84260198010854,64.5738157070632,female,0,1.8473459732511839
2025_0610,2025,85.2404266170917,35612.425106032184,89.7096388941122,43.669688359617865,44.309474775394456,55.59951149194505,male,0,1.1632874435930152
2025_0611,2025,105.89159082937773,102886.69375545552,67.92733311727218,24.238507273158977,50.63437038267184,65.15443973874098,male,1,251.20014203001642
2025_0612,2025,72.87416175595074,1507852.8810108325,66.57769373784144,65.02686773303192,31.176181004319613,58.5561895123829,female,0,490.29144499801794
2025_0613,2025,83.71985796630402,50329.88366618421,59.4759978224705,52.061487483089785,32.60527086991121,74.47490448124539,female,0,22.365061797156567
2025_0614,2025,78.98196083106185,120725.31807912678,53.3071260207531,63.065693875550764,47.41526606337308,45.818988320680816,male,0,3.59214673461669
2025_0615,2025,72.28869221988735,566168.6712736893,69.63112754264574,58.20192406995989,54.966291511420685,61.72608369193897,male,0,113.86345871821014
2025_0616,2025,55.518418256352824,283934.2876302643,67.49622402985376,63.06432418175258,34.85719986487884,42.35707377350722,female,0,314.58364417481215
2025_0617,2025,82.68473620039049,116949.62728778605,48.89778713614956,46.358551846971906,28.410907331795247,61.78348760132776,male,0,1.7289252972275475
2025_0618,2025,93.55193712218681,91956.17774987439,74.56001985189663,34.27544388098948,36.02321683117682,37.80894150202924,female,1,15.010500657212493
2025_0619,2025,91.39589230113344,208743.1642428255,72.83139853056001,55.6269287541387,29.036370233444465,42.8645716349181,male,1,27.973286466292357
2025_0620,2025,62.68734094985388,27559.58668021907,58.98755312458408,53.30198743665718,44.789744426511696,42.17376183273445,male,0,18.963195089346222
2025_0621,2025,92.09137273272646,72175.83366868467,58.334773391211705,47.3363361707957,29.969257190597954,57.52132001057802,female,0,15.066895709311785
2025_0622,2025,89.02471882448862,272357.85455609584,74.23779767410207,55.42713407741989,48.958234251362875,58.54525157236275,female,1,16.966655894730785
2025_0623,2025,61.08624424517122,12027.25056409681,81.08881655180646,55.0813059505779,42.932545433946984,79.50478994734542,male,0,2.671125715903024
2025_0624,2025,59.47679620195599,31548.698035241217,68.98395629655403,58.38938474134651,50.871122414342146,54.08709485542449,male,0,154.08432230510866
2025_0625,2025,79.27472400463901,46017.63621963956,72.80484251252761,41.77605569195718,16.494214556467107,62.72539705475449,male,0,28.396048552171454
2025_0626,2025,79.57249739740278,12592.742595741602,56.67803606360141,61.7761646199622,23.165748373998092,56.608700601666776,male,0,8.758284040740834
2025_0627,2025,67.8698984335335,65118.32594056171,60.857276104238245,51.95369324001801,53.765506423541574,61.88898059965647,male,0,39.35015838944349
2025_0628,2025,77.12625161330294,1295.5032180635842,71.0801677288605,62.84870171520864,33.583204560116556,56.436634824404685,male,0,57.75731453522548
2025_0629,2025,79.17606342537677,5426610.698763544,51.416551153509346,61.682533204657595,26.092180998544286,65.99616872241845,male,0,2.4998981723884413
2025_0630,2025,73.8992522099692,46302.670950088395,67.0720169830351,58.8629799255489,38.76693498227795,44.4732648441078,female,0,391.0165943978527
2025_0631,2025,65.48658879055628,9769.95603666356,69.93423033197456,50.888737888578056,43.230727843721134,30.525267276322843,female,0,99.98298284927229
2025_0632,2025,82.11355949167294,58229.491225046404,64.61465900038425,59.09569223121388,39.215114370178405,59.17403122079001,male,0,215.9398723106141
2025_0633,2025,95.87631310491192,129965.45227819205,73.19372032438268,59.107855536288454,43.8941818893229,36.94922664740676,female,1,24.19751640491588
2025_0634,2025,93.17680040049359,829063.9302310037,70.57819847783773,54.067328653834714,42.53497686608134,68.1173832979862,female,1,72.6025467197544
2025_0635,2025,79.16268123222025,24919.18670028758,63.7783839727217,50.02597345757065,42.00991797459609,49.51880948903276,female,1,144.92987431176934
2025_0636,2025,74.189675064957,61972.96780946484,58.218932337544736,55.118488443128335,52.72416101142383,44.61763197243682,male,1,14.385920712568355
2025_0637,2025,73.26523910405773,6387.936637809316,64.09686650702088,46.74295504579531,40.65777132407688,82.00520078626434,male,0,168.59510298839515
2025_0638,2025,81.79571126614456,15612.696987872316,78.04506003393602,67.13989549836052,40.362890067177965,54.81549985382122,male,0,5.259310844446898
2025_0639,2025,82.90372880961898,19329.31061249665,75.24380730927126,35.18172615597824,48.85219923936695,52.898941397141165,male,0,12.076362142394666
2025_0640,2025,78.34381834099943,112.20660568276408,61.546677044972284,52.34402720811447,46.34317686829573,62.4797539431003,male,0,51.418601300526916
2025_0641,2025,67.99545821886545,56292.52581034802,61.33895561369697,47.940420814086856,31.744331826734097,63.154641226942104,male,0,47.346836196123945
2025_0642,2025,64.4579260000582,9856.266652514516,60.6028761056302,45.59108306672814,39.87609911673314,66.39126685392259,female,0,35.47222514596956
2025_0643,2025,87.33133170003283,41994.264993601464,65.60416130810856,51.051960001649576,43.59543785641233,41.67026499957329,male,1,352.9230342943041
2025_0644,2025,72.42616008708308,326689.02472877264,67.8774942310219,40.74524394215516,34.91411375343972,60.36106781736733,male,0,255.95457824327116
2025_0645,2025,83.57295293198682,24722.394808746474,75.57481395366403,73.5193219851731,35.39207017637509,52.06813955592481,male,0,10.927144340191598
2025_0646,2025,82.70285603678875,339.87148913429286,92.6280923496524,34.47894561678904,25.24367125955533,45.7897152244544,female,1,1.0846420231803167
2025_0647,2025,68.53350723375674,53614.267397721815,56.70152479480664,42.48731976747904,15.0,55.4811284800212,male,0,8.835255284195489
2025_0648,2025,108.04991100272767,177528.3284344911,76.51180346914109,37.543163623701325,35.44799122359788,36.88757796208185,female,1,7.914923277641348
2025_0649,2025,103.0122223638688,588371.3156302264,75.42334403006053,49.984981164263345,40.476676551973036,64.22930987029234,female,1,11.401557854868674
2025_0650,2025,78.6721955883591,7241.60209884492,66.70253580522956,58.14544106064828,28.212995703037638,52.093240714614346,female,1,469.89064621258797
2025_0651,2025,102.18751898947028,400518.6658512766,59.739907509471394,53.2600690544118,53.02005761385951,50.22499043996974,female,1,24.655500016456248
2025_0652,2025,61.28118253431088,420790.29993257474,67.7537309684468,66.72344292173987,30.301597250804342,53.62321335639917,female,0,271.78192543430924
2025_0653,2025,68.15941284190407,126641.56247360323,86.19879786875062,43.72731954574761,49.95268148957948,53.324832420563105,male,0,1.397940385222467
2025_0654,2025,84.29756502180153,61124.86005335497,72.69047104518629,54.58721462526954,43.39926048497539,66.40681831303291,female,1,29.926668322040044
2025_0655,2025,71.72408377252023,89386.86248932032,57.12768392882613,48.96463364191181,62.62864398233557,44.04286777202721,male,0,10.290796992948303
2025_0656,2025,78.69756337197627,7565.086164055701,63.42733691350159,54.28074121006572,46.21458840725358,51.1779380881563,female,0,122.88512796320217
2025_0657,2025,73.56473318285924,1019128.4343790319,53.598259728915366,63.08681092912723,26.29385107693222,52.83443330012327,female,0,3.867081159030161
2025_0658,2025,78.64727354385369,377775.31804401224,65.18510285893265,35.07729681734641,51.37529705567201,44.34840976285089,female,0,285.0030836401166
2025_0659,2025,68.48159137439751,45636.07199656165,71.83408027666782,71.9100856350233,57.826745804696245,56.59313446635271,female,0,43.21769422788512
2025_0660,2025,91.24222623940248,15299.0817451566,63.073999154160056,46.547560018817336,21.424710937830028,47.76126705544061,female,1,104.84677514166394
2025_0661,2025,73.28966838478233,17100223.825643368,32.443899654044365,35.93372492797422,47.21046294505748,40.957179956492475,female,0,1.006269572003762
2025_0662,2025,58.616699255642345,56164.13102065063,67.76881072762242,45.07152485085563,49.42895792625276,60.26227406566938,male,0,269.41420745941383
2025_0663,2025,77.33010208691067,97557.84243177192,59.984474397070215,53.02305232066058,38.66533335412727,70.472750796642,female,0,27.38512547190322
2025_0664,2025,73.46055368486286,1999147.616470383,57.49330165215537,45.06923952552355,16.507794744781634,55.484207573407765,male,0,11.458708401445875
2025_0665,2025,65.36090418803659,9127.938201892319,57.40698396635346,31.521070494924793,37.83154235840108,53.967144995767434,female,0,11.316366039600675
2025_0666,2025,68.25157871570578,53067.43809671463,69.00251925696847,52.967990618027216,34.97187577773858,53.75524439294561,female,0,153.12429849019884
2025_0667,2025,68.49679255225763,111208.6694843246,60.92094087673553,44.78250436468517,56.143651906527545,49.84049123941931,female,0,40.7008916471109
2025_0668,2025,70.0508152557517,34575.19339077751,74.3044563242041,58.51139952185185,39.911429331027456,66.7009742128588,female,0,16.52707590606266
2025_0669,2025,90.08958120632072,63215.988400676884,74.52451667107955,41.31612639466648,36.66451899766471,55.940497583487705,male,0,15.1803222449539
2025_0670,2025,93.40254438982392,240922.14357816562,62.293679951256756,74.61529551521538,34.91727993628631,33.21359277681169,female,0,71.79034526848962
2025_0671,2025,60.23961316655223,3296.30836913101,64.79134024990229,53.13629078732333,42.4672485964194,66.9895395461994,male,1,232.46739996685073
2025_0672,2025,92.38174396823872,10361.063495397502,71.27708505369894,49.967944434277356,39.77038797075627,64.53834916035845,male,1,52.85223495134148
2025_0673,2025,97.0495136850919,49845.053852764664,68.54606818197806,54.231234165297685,31.276852377479468,61.016009906454414,female,1,188.19901625270032
2025_0674,2025,85.33923221987534,213405.55087323146,52.47486308627372,29.784876641861445,41.84812686228688,27.445930899229975,male,1,3.0381537140092716
2025_0675,2025,81.78090084781805,19438.435050425225,84.14103752059086,47.03041893511298,35.2107330171715,54.970516773127954,male,0,1.7010573018484008
2025_0676,2025,104.04167688712748,32234.536412515165,77.14335747410604,65.83020770715584,15.0,63.934279822038036,male,1,6.635937805521532
2025_0677,2025,58.781580098159154,141395.81213667413,60.3651495847208,48.79867309354702,47.50026972009185,58.794993916148364,male,0,32.01645533986841
2025_0678,2025,88.83761886224993,17933.34621515082,50.83616788127371,47.371741826746984,44.94903653555956,57.05151350908802,female,1,2.2450998571397283
2025_0679,2025,92.06747177113056,391949.65493318124,63.19568137931154,47.33500517821145,42.80338343555754,63.95512684055381,male,0,110.22238425466749
2025_0680,2025,60.12234699001771,136044.13220191712,59.12023179964641,66.64508062629349,36.36204874240631,56.393082945272454,female,0,19.811250828813602
2025_0681,2025,71.34767658878454,56069.779396897415,64.3942679692315,49.55365700100797,40.07723654440684,67.03624384768126,male,0,195.87956380821888
2025_0682,2025,68.01602723905906,45806.58462025045,43.36129515720318,39.48164698762441,49.01740495343922,56.61756781615441,female,0,1.167657961105125
2025_0683,2025,83.0189274007967,31658.64835822818,60.277533581129475,77.78815122551485,34.46292903415486,55.82184076350766,female,0,31.070226084630573
2025_0684,2025,84.41245947196292,34752.03935983672,60.886780975589964,38.249765600002384,49.42224752092918,63.924136885820126,male,0,39.94485987582193
2025_0685,2025,89.1232735814355,230423.07100359048,68.07724724086165,47.026197705375054,24.40727815562695,51.01413068703105,female,1,234.80373617813964
2025_0686,2025,72.82209296910182,1062.773204458552,62.63792318925207,43.58205696735081,42.48667091758981,44.02757847885239,female,0,87.02974876203481
2025_0687,2025,55.30852154478692,94753.28600406052,65.52250832872734,44.98398919399921,41.05834722388489,55.03801364505818,female,0,339.5088451091443
2025_0688,2025,86.73002521144603,858142.061543446,80.21177378479058,41.40167553383353,50.856930427337325,60.90374524557861,male,0,3.1621431191934697
2025_0689,2025,68.96833684643106,603557.8954125955,59.84985812752969,46.600078390809266,31.583137823108697,64.25362532881387,female,0,25.887235257095657
2025_0690,2025,71.0767494154365,63699.94311570773,55.88842044135074,61.84033252134169,32.677604214571986,64.308995216674,female,0,6.829489998472225
2025_0691,2025,82.21599802619562,9473.91270919027,47.72669478676347,32.98013777766146,26.81322193970877,54.31351825539087,male,0,1.5143707406920481
2025_0692,2025,74.47599675482287,14306.732982937343,59.88888842832971,64.60807582554442,35.115653404554806,53.286299445576255,female,0,26.14740629677663
2025_0693,2025,82.53841950411493,48475.988941433876,50.98749076033814,62.88398066702977,43.36184225398738,49.078840555053574,female,0,2.3105832919575042
2025_0694,2025,78.53410135965476,16247.881098583828,74.60096294608329,57.09059243008154,22.76763026395966,57.49876053980378,male,0,14.750102029261905
2025_0695,2025,74.53787060835738,7834.937002321552,64.0389416936522,53.26170477570282,36.35758752738077,38.58875993746839,female,0,164.4324750640193
2025_0696,2025,90.60442728470233,5794.616748429312,79.39464985006524,50.76639191823536,45.32622724025773,55.22759236465739,female,1,3.724750985251216
2025_0697,2025,76.2722725342359,48193.52276553664,84.65697056450095,62.23412430276806,38.16811971137861,83.4968068493783,male,1,1.6120392622140198
2025_0698,2025,71.01019870500643,329163.6767123289,56.34942132692507,34.542152655206536,41.554311456426376,39.96136587611245,male,0,7.855783404800085
2025_0699,2025,83.34047049930345,57061.5993495556,61.5264023985319,59.27289689835213,25.693825212968566,56.56835607624299,female,0,51.35436820295094
2025_0700,2025,78.5135994760801,80971.72020804344,83.31686801537143,40.538280467238465,38.19654273096069,58.778357904622936,male,1,1.913147898870548
2025_0701,2025,65.34723921301878,2068.03038280053,66.892175793771,60.25747522156042,41.087715923741904,60.06465042834075,male,0,426.7720372243637
2025_0702,2025,63.7037571262093,31669.99934463332,70.21509936997894,45.863996549602035,39.157788047369664,45.333569695940795,male,0,88.78786630921985
2025_0703,2025,74.03380596906052,21946.733547987755,75.3297757146975,59.06869961645261,42.33260199299227,60.1558671106927,male,0,11.675586058204727
2025_0704,2025,86.52528852771064,115588.27888559189,73.96514653664036,36.51514664939001,37.69947171259573,49.6549344168705,male,0,18.564478560489846
2025_0705,2025,92.97159994378065,4730.596129571737,74.10359553291039,31.074265785407462,34.6259445180028,40.7241653917541,female,1,17.881202117361696
2025_0706,2025,65.73037420140284,116008.22464400873,83.96361485177994,46.86937159596423,28.771098258817858,64.51957308329854,male,1,1.7419409847740754
2025_0707,2025,78.98625000140886,11736.533927716611,64.31745691411884,66.35530026257875,50.5738499879026,61.64614809381517,female,0,186.55945838685963
2025_0708,2025,68.0790994541333,3617.9127039930254,70.19414398257851,57.36284421170253,28.496616788825992,45.33437544041263,female,0,90.12972306984288
2025_0709,2025,92.59382352476045,39207.61587005474,68.2324149564817,53.29114462721584,40.784208412782455,49.56202522858449,male,1,218.92955250332406
2025_0710,2025,71.00499824664986,50768.39408288859,75.205516690741,60.60193813509022,58.98636665895619,49.19987581958577,female,0,12.243558965801025
2025_0711,2025,63.89543443761264,120850.78561141004,57.992353620792855,48.03023584392541,51.84739333676068,38.56415361027732,female,0,13.446918876621918
2025_0712,2025,71.78528408357708,1945.388122235988,48.17143661920424,58.107488606359446,45.90892831906854,62.624297376466174,female,0,1.595999203552122
2025_0713,2025,83.0852989962512,98505.09605022943,76.5492478742015,42.203270265670824,41.70491392062817,62.99918408278537,male,1,7.816602521610864
2025_0714,2025,75.57714948222062,38883.27224978647,54.798614674692864,48.859850790460825,39.51845437999066,51.673904350296745,male,0,5.15516951223468
2025_0715,2025,63.639949530211744,2307880.6167530916,53.80757339016956,50.10150493506201,31.759464304205682,54.71874438402806,female,0,4.0908386584483445
2025_0716,2025,61.25230145528654,171007.8802143002,77.64929934480405,46.544722904326264,38.254071329227585,56.1469797122316,male,0,5.915050292913289
2025_0717,2025,79.82081847476809,274030.7601694006,74.66279551191175,51.339494549353496,46.56600271263454,57.44391858607441,female,0,14.42193050783877
2025_0718,2025,83.5883950136643,1197181.8406960815,61.57499269154703,49.45441900768941,44.70884092658316,41.5247080056309,male,0,52.195693944431675
2025_0719,2025,93.30057792916485,159963.91757373375,39.54536872719214,40.923350184912714,47.11088660783458,59.88444599223402,male,1,1.0711683835756507
2025_0720,2025,81.01227165327084,18354.42096319841,75.33240139241123,46.593982903326264,51.43330880639697,43.244927389516,female,1,11.661000693384118
2025_0721,2025,65.09930064983524,397956.6802053344,71.62504872563525,53.552660878953255,39.21067455603105,61.813752134478975,male,0,45.775545157835964
2025_0722,2025,65.67510766822257,388597.69694412476,70.16811334863635,41.00135710456666,42.72427039788161,44.351198296981856,female,0,90.69479785830845
2025_0723,2025,96.4039492975043,59325.23108927964,74.70853490897213,52.17456410413147,20.152314227833223,41.998912513346994,female,1,14.224986059330515
2025_0724,2025,64.24951141858486,4011.801138251822,63.18610827854026,47.063198810063234,63.429663683605746,54.719614402022195,female,0,109.67264781976517
2025_0725,2025,81.3404050962943,16493.468569428424,60.895308562324104,53.9820377452415,36.64909543073686,54.494947757828044,female,0,40.24557258797164
2025_0726,2025,78.86903157457468,10885.208594319023,53.93838130387013,45.34702759998337,47.33647604593108,56.03746642653235,male,0,4.236553140208517
2025_0727,2025,84.87726981533751,21260.713045453605,58.02603324313204,62.504954033353464,36.642291793566095,46.07264267501521,male,0,13.582062658099225
2025_0728,2025,83.13153078988084,104384.42909115477,68.21484659941838,61.561157105190546,36.40941399845207,57.028177192279564,male,0,221.68334727029995
2025_0729,2025,77.9265558228125,9848.752782540043,68.37926950895013,41.50611227716245,38.42287079290896,57.9699168029042,male,0,205.15176042264005
2025_0730,2025,57.813188166332154,484.1782098848049,72.89824549086984,57.24999169901456,28.31145973892271,66.65713305457616,female,0,27.419378282289582
2025_0731,2025,78.60128375856907,646979.0293387814,50.93568744629879,66.46271557545818,15.92346715226587,56.850327218369145,female,0,2.2875926040661323
2025_0732,2025,73.65473392032358,7984.856267849699,48.407743553032596,42.51821287858607,52.43169139818511,49.00607845510383,male,0,1.6364021157469364
2025_0733,2025,68.76746261226404,21818.187863678886,61.20294887585214,43.31045640641907,46.27339664671372,41.529377941190894,female,0,45.037703746768564
2025_0734,2025,86.12224247734508,13992.54662039544,54.8005235455466,59.350594517943065,31.613975772100563,39.69739089492105,male,0,5.161617503279796
2025_0735,2025,70.98664330490273,56189.12062012412,66.85987456487862,38.928215246410694,45.332661868821624,58.22978130936804,female,0,437.02919471839147
2025_0736,2025,82.20551083050259,19931.191361719844,56.90123382460101,40.224870575078846,47.464057989799436,62.93198870519025,female,1,9.405080293150835
2025_0737,2025,98.74056167926966,42232.91747545933,81.80232142590063,37.85334765345467,32.24900656428772,46.09779555453838,female,1,2.3425732391018435
2025_0738,2025,68.44907309722196,4357.719555670329,56.779396415604104,59.47484294790811,44.930835004894284,57.5526359806814,female,0,9.04760425986723
2025_0739,2025,66.70506779377307,63183.79324310656,80.92674241299491,45.07570241217748,50.898236954438104,53.25781319468109,female,0,2.7353242921090875
2025_0740,2025,76.22845897766179,12011.096031253068,75.24301850511863,45.15396595173256,24.773326096833053,62.18267535562115,female,1,12.106590817850872
2025_0741,2025,64.29823978587658,28420.034477145946,54.44767949989165,44.51675761280075,46.15011417181301,63.66076911766883,female,0,4.746939050956379
2025_0742,2025,80.15610659417335,41363.43729390325,90.94745015353821,59.485135007088665,42.85480330722696,32.33787356699786,male,1,1.1204719718735174
2025_0743,2025,78.71047522315453,30230.985177390714,67.65452314617514,43.40613041465937,59.66092021575966,65.32134698163202,female,0,290.03453439173467
2025_0744,2025,62.30927694648023,54420.47955068804,66.66119406168757,37.92399944350693,46.3870635950422,57.521969631218894,female,0,473.42807483483483
2025_0745,2025,53.921611240981726,263458.3439778259,64.34787947626913,37.532076393174925,36.67886407718452,49.68644019359436,female,0,189.6158152295197
2025_0746,2025,75.53229800561488,21640.80051094571,69.66553321936946,58.93659634584833,37.8392544367984,49.96537162621558,female,0,111.88818227000695
2025_0747,2025,81.16048707835708,71276.80538459911,75.25420611472633,55.65865126497183,59.494638635861854,55.31747404175485,female,1,11.986128226482464
2025_0748,2025,72.3373308212377,53186.985179603296,56.350260481349,64.48554557451604,37.240849400567754,49.962512107674414,female,0,7.865609273944892
2025_0749,2025,85.32415975766231,101081.37721086499,62.864485494697156,39.39026683387743,46.67904573258244,45.6299636528191,female,0,96.30305094749568
2025_0750,2025,73.21544746158665,9563.724523334118,66.15700957750477,49.687878559088006,38.40904307215197,47.92202346903646,male,0,464.6340005158091
2025_0751,2025,102.59621115422841,48281.076797442525,75.82740464653963,72.27299407639487,50.045057956498226,44.59838049680317,female,1,10.049270049734009
2025_0752,2025,86.81853128967992,8044.288043127083,75.99689277063975,44.97683385011013,50.54062073072195,68.46568446559883,female,1,9.369877288937928
2025_0753,2025,82.5695648135651,82081.1194777549,66.64541794173964,46.36591367062762,40.572642273567254,55.5590481527045,male,0,477.5887468839338
2025_0754,2025,67.02572767912854,9420.861647596763,59.496770443775056,51.789902795229324,36.720185335431054,77.52843091950007,female,0,22.477167135936607
2025_0755,2025,73.5769065038557,12442.281567278778,58.98408089513763,57.299507735489215,36.481001209151,58.71076370358347,female,0,18.915846312255038
2025_0756,2025,63.170319973795436,29006.726322171082,53.08511596992079,57.13233221002711,23.47558038215198,60.88908254107944,female,0,3.4297933103877214
2025_0757,2025,79.35800892748605,56171.28283606705,75.92601164380436,41.85568777628122,40.20860609256352,44.3839473304237,male,1,9.69150763027415
2025_0758,2025,85.25333570377511,25272.949133624534,63.84022905886027,42.14964710649145,40.006374445269564,52.81791063731081,male,1,148.04258960969113
2025_0759,2025,74.21465945436378,115367.19698945734,68.08245502466075,45.03539941831952,31.014196579977764,55.72691307250856,female,1,233.63264765831528
2025_0760,2025,74.09359971738866,9011.714312020818,67.37743906977484,44.69913356229173,22.396844396142153,48.62751360884535,male,0,336.5511017127933
2025_0761,2025,84.47240017805453,75867.70163278621,70.03934168227691,35.65236923674959,41.269043524677755,50.35198973453851,male,1,95.34481958010578
2025_0762,2025,89.84579931116947,141519.6969429342,69.9438868327123,66.07951518633476,42.53620876736854,59.20147832379184,male,1,99.1119480838162
2025_0763,2025,59.36809015474489,109184.15818111842,55.950380806877284,47.93075385774305,44.75829175732215,59.39759798258893,female,0,6.96745484814069
2025_0764,2025,94.51732310651091,40060.11601465448,72.68862558387094,44.49756827123344,29.270917244323194,41.630547244477775,male,1,29.96410004739701
2025_0765,2025,89.47613665471393,147166.34793419336,61.87171342572094,48.80913396217378,44.77963404687267,57.83740901443248,female,0,59.81461326001841
2025_0766,2025,87.36533099255932,33766.01914064834,64.13599552543157,51.194899996573746,39.008817417249446,60.53015182445623,female,0,172.43149031685434
2025_0767,2025,91.53906529534892,4349.284896228937,76.57968491065995,56.34759769527281,49.470813670060096,49.097231598582084,male,0,7.758197296068804
2025_0768,2025,72.9243099458314,25643.28397978719,70.05318193933142,47.348081963416014,31.022545601786476,48.080861992917924,male,0,95.10675523557796
2025_0769,2025,68.976721466634,36464.33347400065,59.291943945563034,63.39353529381504,52.33653821727605,59.41469140064301,female,0,20.879128006467198
2025_0770,2025,77.37583539870037,711.845184840633,63.510860744101976,57.9781587923982,55.94516341269556,29.269126452141556,female,0,128.5412674179572
2025_0771,2025,70.11780230837404,41960.924045009066,80.99436904513506,50.09101389375782,41.96426936618462,55.02084470507092,male,0,2.718281828459045
2025_0772,2025,55.09562850891692,3246.837138063175,61.92617548038393,45.3376537650357,44.84885032051867,71.34427904612302,male,0,60.64274454760603
2025_0773,2025,80.69299513722648,214385.2055490419,65.39881243176667,62.849265359938826,48.66244250266743,29.036406861377884,male,0,316.95189133181395
2025_0774,2025,70.15598120424355,1832.6440171211325,71.6414556865746,50.37957812258644,30.512208415486416,63.228748666721586,female,0,45.54723867389495
2025_0775,2025,72.8264722425515,35890.47022055609,72.15191487903425,35.5724874964599,34.32276523160475,60.44422447768289,female,1,37.29092502010059
2025_0776,2025,67.41717734744401,83351.92734970951,61.271818813529904,62.210645232945815,42.6477719571972,40.618991707916656,male,0,46.06253823421448
2025_0777,2025,85.3833984749964,289580.6812417571,62.56579437741875,40.736715515867864,59.52975199915019,60.20488857623163,female,1,84.03639678015612
2025_0778,2025,87.61832518237235,25615.09351994588,69.89901058266783,56.685007758332745,27.203053844949,65.01419896097597,male,1,101.36724384856822
2025_0779,2025,72.73844997277526,38040.488639372365,71.58019344363878,26.85732329787083,57.22637728656841,43.23382800805074,male,0,46.5836676460156
2025_0780,2025,86.19019745094522,14775.824017014407,78.20900206641787,48.31337488759234,38.86193938252703,47.927756612999396,male,0,5.021606989965683
2025_0781,2025,59.61459510867599,94906.51818221073,50.34645913004959,63.59968600736047,40.45459707691774,55.26107110641012,male,0,2.0880904749575455
2025_0782,2025,85.97855827099892,15144.07233448076,87.62784327496571,48.051307300962506,51.41698485238954,64.77670146498771,female,1,1.276025284289269
2025_0783,2025,63.71036157422931,86887.79672227011,62.11590947276051,57.981352876401154,61.075138301866986,49.58881597955046,male,0,66.93687425725399
2025_0784,2025,100.06168251243355,79480.52637890627,79.24826668255612,38.98069263282729,43.44114329015675,54.57909266960751,male,1,3.925524606460813
2025_0785,2025,66.88545893594373,464613.8788569771,57.62464722791169,55.47705226812517,52.48241227341909,48.35106222229701,male,0,11.9263471625537
2025_0786,2025,69.06170162485604,46353.702653792025,48.891605751745516,52.03752266990607,31.56931432400514,55.24557628543408,female,0,1.7267654907662762
2025_0787,2025,82.99695365361379,19267.572204092405,51.87053829915459,54.433340650686795,35.48943300162247,65.4667821447767,female,0,2.711494611444175
2025_0788,2025,100.74774822443871,20162.25203334198,66.69043250294935,68.39279904156686,25.634950085003528,56.05896837369411,male,1,470.47837677542793
2025_0789,2025,102.22623537880447,1870538.7328818934,75.24093152571199,61.04589636755976,34.02865151160456,51.42540805409579,male,1,12.1368951595391
2025_0790,2025,71.06886904341599,20767.81708683918,70.31192456976916,55.919933451302754,44.869304964783296,54.672433032314665,female,1,84.3521248882906
2025_0791,2025,92.32914102688044,91683.97837668644,67.49765369341361,56.04619140905001,41.32781895928428,46.99374441192071,female,1,314.1906602856942
2025_0792,2025,75.20116944671695,149143.4451100857,76.18023318531553,42.90844138029876,58.12284014346727,45.056079292041474,female,0,8.857371055601604
2025_0793,2025,86.98773854453286,392779.1025454522,70.01985821061157,43.28770913608798,59.80875168687744,67.03418029334203,female,1,96.54410977284468
2025_0794,2025,73.16568111099022,43738.96202571241,67.79784670293905,36.67418261691337,39.43086071428354,71.3770960899406,female,0,265.0716057862269
2025_0795,2025,85.35773938958367,2814346.265964729,96.11027321837237,39.30414637618862,33.98276536648611,37.08488619688203,male,0,1.0317434074991028
2025_0796,2025,82.88589227044616,17017.64514199817,64.91961493333957,43.134661753421646,52.43516007094494,60.82129494532069,male,0,246.53402095400617
2025_0797,2025,81.46913226656002,37583.720418363184,58.04154887133768,51.70875417400142,53.48016310677887,63.58933471490684,female,0,13.667216377893787
2025_0798,2025,74.56914198482458,145892.7301008023,69.80959767433502,39.74991302687203,45.225718761812715,42.88314868051006,male,0,104.97791555627454
2025_0799,2025,110.20590778416393,610726.5355508373,77.34088949885245,47.60829813412982,46.27677745335113,50.282448555580956,female,1,6.304413855073752
2025_0800,2025,68.49377156012024,11513.016242987396,68.00983458280898,50.45970491873572,46.308001529557664,49.22953741611125,male,0,240.74782105907533
2025_0801,2025,71.34038583075578,252336.61471876982,71.5691246226939,36.65771212868902,29.28277040268343,74.00946760415316,male,1,46.75868435091219
2025_0802,2025,69.84755985146403,23234.176572974986,79.82230962657886,67.25586864530443,28.577726938618277,71.52450216382636,female,0,3.4212295362896734
2025_0803,2025,88.07737744855667,45152.751118390835,83.57247212275628,34.75474298357854,38.68945395408771,45.78823187030607,male,1,1.8381322967712792
2025_0804,2025,85.53184097717856,73543.60588967473,63.82898847888029,63.17324813765552,38.78481808451714,40.40751888955961,female,0,147.3042241136436
2025_0805,2025,67.39021936483864,929755.2471159028,58.56505438110138,29.457237781211,43.57774638266293,62.72976961765939,male,0,16.485809820397336
2025_0806,2025,92.41230074029073,859747.1847978021,74.29202843146237,46.57766786426594,37.8838149817192,60.43947520130679,male,1,16.589168792106637
2025_0807,2025,57.72755725620927,80674.27405441533,58.50766642018216,40.023751669590446,23.71625505016469,67.43993501192632,male,0,16.05868781480012
2025_0808,2025,83.31417902930697,93214.61156969995,73.85161668109694,45.455452824050084,19.61470169499025,44.409254281534366,female,0,19.225739880831338
2025_0809,2025,73.18319414455912,13706572.93135192,69.24056276226906,70.10154455536575,48.19642707618131,62.2354102048229,female,0,137.00261318646898
2025_0810,2025,69.69443928492466,134546.81071356634,91.7003103847447,48.53032387936647,34.15221160241507,47.68240778694984,female,0,1.096913141560304
2025_0811,2025,93.8165242408996,120116.92368163624,79.73296895554205,40.95451202931409,38.47179221454698,61.23163497006695,female,0,3.4859827544596254
2025_0812,2025,83.19907079610105,55256.586033207255,54.21259502026625,56.87635867363256,35.203514263129875,54.628806663270964,female,0,4.509787342663023
2025_0813,2025,62.10158121457144,16435.536441514054,59.81211318390616,48.4425308396617,31.642117504280286,74.00618002968875,female,0,25.50182453507829
2025_0814,2025,71.40608225343975,20683.032943224887,45.86049665596173,53.5071316752482,31.373285956903747,59.473936955000575,male,0,1.3165306748676215
2025_0815,2025,99.86319540004318,92046.36007941516,43.62253193352599,42.85545443661594,51.02895882588946,51.860056865975174,female,0,1.1838241458899093
2025_0816,2025,92.2881678654123,43128.04487861091,66.13826867314756,43.34783567937281,38.401322305323106,56.37933407360991,female,0,460.01081496488735
2025_0817,2025,96.72963130284197,94747.165011754,58.07616293708328,40.12319198186983,45.56668588820438,53.99481543108585,male,1,13.821840693118345
2025_0818,2025,69.02951863046121,265803.14339897776,86.41185731629201,55.98433142461743,46.913921603677494,43.4556366266466,female,1,1.3771277643359572
2025_0819,2025,85.82150271980058,10011.200578440626,76.57915456352117,49.731702476342974,43.975138384452855,74.24892154323977,male,0,7.767901106306771
2025_0820,2025,81.14814837231727,10186.312043468384,67.28505566434363,37.51739756442483,47.24449606504572,70.98719722603927,male,1,352.0418286745541
2025_0821,2025,100.73517934180015,523422.0802347039,66.71687559657617,49.61819468602617,39.343521141794085,53.236965359596,male,1,466.37964906308775
2025_0822,2025,80.2733151444508,29964.291698649748,84.85372956787346,48.794795206686906,52.87906834654603,61.998807319481564,female,1,1.5624420282185538
2025_0823,2025,77.38829546229701,265544.7896143603,82.14607292321625,57.73602798041327,49.058866521847634,75.51429341641959,male,0,2.203396426255937
2025_0824,2025,66.09717373582343,63040.35353584147,55.67402092039463,47.181987668733754,50.39312522143448,67.3689631938473,male,0,6.5045374331183465
2025_0825,2025,68.86719691450548,89419.59043630231,54.38816860496323,51.22428489159909,31.386667752037873,51.92608592252786,male,0,4.67626633566516
2025_0826,2025,78.72196636107955,137027.6823925092,61.98908852940243,56.216786341233615,43.44033518265641,54.12042780301542,male,0,62.724366966657186
2025_0827,2025,59.31101576662148,57816.35560588592,69.31191705372873,41.906469751743835,22.394718004068658,37.824655527594146,male,0,132.4559318109655
2025_0828,2025,96.22418034079571,15382.795604942043,59.86328343664085,60.862228620608654,54.85226008702804,62.74771843211551,female,0,25.984494636670654
2025_0829,2025,62.2277853278796,99264.75085092988,69.52214164161988,52.16443628205234,34.54803206524305,67.42845234072603,female,0,119.7013630838589
2025_0830,2025,76.6684977394428,2922857.501647376,89.50298638778357,36.98987186904152,34.33843897142392,67.49706166190043,male,1,1.1691184461695043
2025_0831,2025,78.75133767928624,86037.59471212556,50.93968802835764,40.91577694161533,27.085348465427394,62.01040268195375,male,0,2.2933187402641826
2025_0832,2025,100.4194113662257,4500.224160280534,65.54324119937436,47.00601434062213,38.83619530542646,58.52346613160593,male,1,344.6398642228871
2025_0833,2025,84.26297233417752,18956.258117004414,56.13008084505406,42.49774189595942,36.50943031099979,45.021877493372024,female,1,7.297267769907831
2025_0834,2025,61.785307825788976,290223.06673194957,56.6341518807145,59.546066219590806,59.0816575933584,58.197095424228486,female,0,8.606347393223711
2025_0835,2025,63.27621091312221,196749.3180988533,62.05323507867546,49.13248087486128,49.41813093127202,48.683380078328824,male,0,65.12119029414639
2025_0836,2025,77.19980429001012,13195.984233827829,62.72788835239132,51.030465638821106,34.03804933611894,60.25179427487208,male,1,91.60629573044928
2025_0837,2025,75.58179630198678,139457.04723071677,70.19977566348004,43.51378883585496,24.08768349031138,47.361338071437466,female,0,89.68019920067427
2025_0838,2025,71.8001387991682,20402.736719606994,66.50956283123926,51.77004023894943,17.89478476219268,60.18816028959917,male,0,507.7554834957939
2025_0839,2025,76.75832608905317,304737.3831712051,67.99019080631767,65.15535945593584,30.506679602116208,68.23123413251811,male,0,243.16737688586858
2025_0840,2025,76.14869427607418,29186.64136770659,61.93302220367343,50.5187170791791,27.44789802736452,58.77151657402883,male,0,60.94671756962223
2025_0841,2025,80.74312288327002,63113.91141142732,62.853920127909376,46.470358360718315,44.296592591744414,58.28458740325644,male,0,95.82273747708687
2025_0842,2025,83.40055980130585,63111.02234837733,66.49309452399902,39.361950499814185,37.74618132961341,64.13026896829233,female,1,510.3006184482918
2025_0843,2025,65.11795261125576,153321.7325728647,62.51342270045045,51.812294701178125,40.973782548769115,72.70334653823917,female,0,81.85914284316763
2025_0844,2025,89.06294068367558,295262.5179233151,74.19009311207074,62.093147681412,29.6823132579262,53.92715895756266,female,1,17.39616883360241
2025_0845,2025,71.9500999060012,76276.8606913591,45.76509314441434,38.36405570410982,42.324884919245484,60.21022008716203,female,0,1.3050612832279682
2025_0846,2025,90.02952014359558,19300.36131291097,72.87941326531478,47.500823136959525,24.95332299717198,70.112325790186,female,1,27.660350558516747
2025_0847,2025,80.3828705897377,86556.19571997625,61.31269436419325,30.861280944021974,38.31435191230926,61.69288856399362,male,1,46.70027251047952
2025_0848,2025,78.92217289452464,898732.7957325182,61.61142359901178,47.89577789658577,49.1273790444977,34.97622718831221,male,0,52.9183415530491
2025_0849,2025,75.71626721139218,4745724.761537015,54.38467101496501,50.62769363962724,35.534709196652805,47.84381453933587,female,1,4.664590270988126
2025_0850,2025,83.09615340604734,93496.1326530032,66.41328295213398,32.19624919907051,43.649747555404936,62.510421004504366,female,1,513.4999849192175
2025_0851,2025,83.79041333266348,2137.587660689234,67.7788403311837,47.55190453200564,20.972046270937444,50.99827344368484,male,0,268.0704984939228
2025_0852,2025,76.1868504097718,7692.1027709466725,74.5708435696826,50.905194599334415,18.56743948696289,69.40354676358153,male,1,14.954316690526053
2025_0853,2025,83.00243045659309,17077.824755400223,53.13668482439187,53.31138091341434,44.08240511803205,73.57924013640533,male,0,3.472934799336826
2025_0854,2025,58.40900626888385,106896.48113536111,69.08838617940786,55.38958267221074,51.30160100391805,49.097548339161435,female,0,145.47438165361004
2025_0855,2025,56.647741257008356,35449.0928659997,76.3977610896357,42.25403363333589,38.41051324583385,44.674973295832714,female,0,8.207103009595809
2025_0856,2025,57.561377399739094,270714.5571336044,60.063099604471965,54.90107703768298,62.31644047526345,51.38817650653948,male,0,28.07838322380105
2025_0857,2025,73.66806167245537,356290.6751337037,65.00913115056417,45.99991773459492,26.32271795222303,50.81082748131887,female,0,256.274721513934
2025_0858,2025,79.79595750442928,213357.79685246176,44.314534338243,59.14029348654834,33.97976240135922,70.36088287878376,male,0,1.2214027581601699
2025_0859,2025,100.42594103889074,8368.995140270588,61.029659443594866,24.89348660325956,40.605119731450536,44.64665581719133,female,1,42.8411890158723
2025_0860,2025,84.62870757136785,63490.32992672261,67.70520217198138,49.10390621607872,45.45767971710145,62.4243020527485,female,0,282.8735562227811
2025_0861,2025,96.12698584922259,158128.31784083473,79.55467404205929,48.98877094832461,33.343455913736044,68.87837940347188,male,1,3.6056425737544533
2025_0862,2025,64.1821654814218,18496.94943746455,59.0072220922404,65.49432050563263,30.175572055728612,63.192204299495046,male,0,19.129851103139615
2025_0863,2025,64.09496466040096,42699.26385665833,91.6938607175677,52.86797038726255,47.021236538310994,59.364552710486144,female,0,1.0982851403078258
2025_0864,2025,95.37792321519537,20446.464852307283,73.138896402015,49.88285751680048,40.536403779389616,53.377888122867546,male,1,24.686338661614588
2025_0865,2025,86.71308439974402,5228.935920090271,52.26643124245837,55.75490228482867,37.34345114725151,73.48976631861616,male,0,2.8827652795694285
2025_0866,2025,62.18859120089667,61184.50553537267,77.87182711244036,64.53087200548664,45.80311002056437,52.54744341628636,male,0,5.4739473917272
2025_0867,2025,100.43999339389107,28531.83771143607,57.47056869019258,44.1810558782387,37.83243106562099,64.4828431747252,male,1,11.430097409084265
2025_0868,2025,53.29662531710741,39777.01734501536,68.28427025397869,37.96899005622329,39.39838590253882,53.41264798939953,male,0,214.0586408183086
2025_0869,2025,76.39925093935324,4137.258920792246,55.70758937305117,36.05452723875527,39.02893338054853,36.58296916931041,male,0,6.545318098906447
2025_0870,2025,71.46192732224117,23920.162548185115,51.425655506423034,58.64195260210103,32.564790732407864,52.30357289176811,male,0,2.506155736515423
2025_0871,2025,70.45810255163023,95868.85995517868,74.62152189543727,54.2320699424563,31.5448828757403,53.437161703577736,male,0,14.639890075487141
2025_0872,2025,72.81271130699693,325224.633770389,62.4022303655394,49.43657530893039,35.52720573407738,53.5660485042378,male,0,76.61171481692574
2025_0873,2025,63.96269812758569,141285.11232957046,82.25672054560253,46.13905538418348,41.12167185923207,48.39689917984209,male,0,2.1705921271834425
2025_0874,2025,76.96078101555398,100417.93249225507,54.82066411987553,53.80832705037618,22.031126733224784,61.25770351880309,female,0,5.220013562128081
2025_0875,2025,73.10668480792752,21189.5945151783,49.40359298359249,54.09723226734405,50.2757893563894,62.370894823430476,female,0,1.8659121089446233
2025_0876,2025,81.8531148233664,6820.504916846795,60.203345157542415,56.79829808050141,40.98496581250228,51.94181090485006,male,0,30.076676371256642
2025_0877,2025,88.40390396662126,28383.83337698721,93.9050879973298,40.91333069564975,30.11715160032035,51.85784481700861,male,0,1.0618365465453596
2025_0878,2025,88.76916912708131,11122.388887799116,78.33915607367057,30.356944336239682,55.414449576517704,44.49311737379112,female,1,4.879291378512731
2025_0879,2025,79.31281633961541,105508.9427801228,75.53893013736568,38.86473121292454,39.61917705948794,57.54362334536912,male,1,11.064590895752216
2025_0880,2025,61.121008726792795,826751.7152887859,70.86939210155911,38.48871140670848,27.40845724592691,68.77919395197816,female,0,63.51334237696426
2025_0881,2025,104.48251818159822,196340.00575322538,65.15156558338263,33.97074065494419,54.96436076595022,68.78617132249855,female,1,276.579969566103
2025_0882,2025,103.20372990634522,45309.525001559836,97.29350273698566,63.697363493845955,52.78932767608396,49.00850878268328,male,1,1.022755034164446
2025_0883,2025,81.37371610483144,26550.79123050856,69.58085423919847,29.329980265408533,31.68492648066329,74.911917670271,male,0,116.89194955213343
2025_0884,2025,73.09853902126576,67183.29803764653,68.64316283585299,56.69704709805139,37.560509415498935,51.37828599109431,male,0,180.81962727445088
2025_0885,2025,80.65165560298469,17178.396343115222,74.84862949513504,61.06998214501666,36.21040322987899,44.840603015303074,male,0,13.633091011430754
2025_0886,2025,85.54465381059653,793445.6242039324,52.267567763529534,61.87464634089754,21.84862850668027,41.38153689382014,male,0,2.8863709892679585
2025_0887,2025,66.32043022880525,1474461.7966632093,56.20653080841804,54.7723201730868,44.056615684117446,44.237322268156476,male,0,7.48199898300208
2025_0888,2025,72.79795302245297,86998.15245722984,62.54486109840724,65.19909695753724,49.27680841631592,58.33749816455677,male,0,82.8888041045783
2025_0889,2025,76.43764463075888,100421.15769375612,79.9132821843346,65.83399730921182,45.788594795441924,52.42535875232347,female,1,3.3871877336213347
2025_0890,2025,71.20938374372625,314542.94645480375,52.01946987261839,48.977689509074146,41.12852061615222,48.6799212706874,female,0,2.7731947639642978
2025_0891,2025,87.94273546502451,68152.27895161686,64.32645580963172,56.474717002813435,50.249855374684714,46.52604939680586,female,0,187.49459156354231
2025_0892,2025,98.28547788424409,11436.628250479534,67.911504796339,60.757940823546505,27.81248121125979,44.13882543245928,female,1,253.09122579491316
2025_0893,2025,73.85006801409952,198929.51025101583,49.2561419237431,43.38040713071528,59.03736436688755,46.101311953736406,female,0,1.8312522088857732
2025_0894,2025,45.56766883338693,24511.30253127679,59.91068360993113,49.550920932890776,33.05601647048422,65.15393671853141,female,0,26.41019209887687
2025_0895,2025,65.94207364562735,55538.83280985033,70.42252118173035,45.741784272206985,34.17009327879053,73.03336515473208,female,0,79.63868760764456
2025_0896,2025,73.52405964866105,112169.71144289165,50.167303543085154,56.60977976287548,35.03058590304761,73.65160269819391,male,0,2.046743513297859
2025_0897,2025,70.3408658031818,3080.2169406777075,79.1133459370896,33.01900746665342,34.29908844998999,61.87086928194368,female,0,4.050134133691453
2025_0898,2025,72.8277258128831,245395.83438116597,69.68045385432477,66.36626979464194,38.86697771358295,50.0772396680935,female,0,110.77487625491692
2025_0899,2025,89.92589921243072,2649419.481399581,73.46006651331408,53.33796564350681,36.87860848493265,48.321865130512045,female,1,21.922203901996465
2025_0900,2025,67.16319240907004,12982.264710030586,65.08188077950074,57.899411715000056,42.10028904589822,62.56139827185103,female,0,264.40975443066986
2025_0901,2025,87.42469050188801,124469.52734601466,59.07678026926429,24.366858488871415,30.98846769240736,52.53641797742287,male,1,19.540710358061883
2025_0902,2025,86.00556612833157,505271.95083140477,63.50303149624316,37.59860906300634,40.87104169088226,59.11916545934652,male,1,128.06014034222747
2025_0903,2025,65.46797332348784,8646.866363749838,68.6185471300712,66.90469170202381,29.86301424230569,74.3043798570115,male,0,182.63689474065606
2025_0904,2025,90.96337662020007,1872.9648616682866,58.483447955219205,50.22594129582112,48.14672144145818,57.1682857855558,male,0,15.978594775185586
2025_0905,2025,67.73541444068904,10712.103746465442,66.88749073409453,34.75936087232161,48.022302929518254,77.77851451046452,male,0,427.30583582551475
2025_0906,2025,49.95790787288311,335560.3885966089,56.0111868075515,54.216221578776825,40.74195728829318,43.731251833453435,male,0,7.117097586715994
2025_0907,2025,90.33265860085987,342934.81914795045,69.51429913003655,58.791581038868934,34.2835378728323,59.47422407035767,female,0,119.85108334338108
2025_0908,2025,64.03724015492561,1752281.6225679368,70.26080597995904,57.31492380105791,43.92066712588962,58.137365205600446,female,0,86.59568607922854
2025_0909,2025,81.49908349144037,27923.32490165482,48.72311344100332,50.495947853938546,31.896898959182117,45.15918728678994,male,0,1.6968099699707786
2025_0910,2025,65.69113570992843,48399.96148223387,65.67308536500985,63.355635935633806,41.14643852030472,63.01655545567192,male,0,365.95120322829194
2025_0911,2025,78.19278135592836,41555.317232056026,49.78332072109655,44.97988014129992,39.2772927159791,70.30809994517864,male,0,1.9542373206359396
2025_0912,2025,72.01852640004796,19120.580873007097,46.38959022943297,57.40089032328828,67.17798158965256,77.02669817231093,female,0,1.3668379411737963
2025_0913,2025,97.50330837313679,709007.8665469029,64.06107749487627,49.35017643466039,26.892663264672823,59.112898572202674,male,1,165.67035487372974
2025_0914,2025,70.36295761695357,227279.59169331595,92.96917562179317,50.66913654550324,15.0,35.99893177985817,male,0,1.0792323485212136
2025_0915,2025,65.94680092428312,139531.01469681476,72.75387953024912,48.210032551584234,34.4050681556494,59.76989755994569,male,0,28.933497299050167
2025_0916,2025,75.07019851896214,50720.988438456705,78.92104043657002,48.564076066250024,23.593217859989796,62.4195958149375,male,0,4.25247004001883
2025_0917,2025,68.67508268532977,34745.263203492286,71.08416538523694,52.32253416233432,33.51125054468219,52.64814002390343,female,0,57.68516299616306
2025_0918,2025,68.20827146601162,12367.353235886994,72.05443384302826,45.07279201643617,26.185030499479147,57.15119275433445,female,1,38.86134287133247
2025_0919,2025,81.48499270356484,42883.01577794235,78.95391616734342,55.33069911877314,30.127858354781253,50.16573675451108,female,1,4.215423243270419
2025_0920,2025,116.18768976025444,7705045.796089825,63.60428631337484,42.64014683756046,28.518956120122237,53.663043921096666,female,1,134.28977968493552
2025_0921,2025,69.28627107459542,17397.281539866446,74.70514616730775,63.68290997339802,48.85840337546582,65.17486985312624,male,1,14.242778409807016
2025_0922,2025,74.91049823020933,7365.821212423826,76.77097812424834,46.1933148150525,40.31324934222909,68.89023740201637,female,0,7.269954260608624
2025_0923,2025,85.07103971733426,4084.190131459099,76.99421722009777,57.20080781043609,49.98679161551319,42.29291078065748,female,1,6.846585083420903
2025_0924,2025,105.8641989518124,27554.612196233884,82.42779965036668,57.632168660961966,39.606029286229074,49.886776155686846,female,1,2.1222991377957263
2025_0925,2025,76.38961685774363,4752513.312641448,71.82600159628662,49.65862165339279,48.5137569273311,39.11545508156432,male,1,43.434323821697625
2025_0926,2025,88.51303436280216,12183.717740537435,86.92080651830534,48.76759980236281,36.16948461252412,73.38324258818206,female,1,1.3247847587288655
2025_0927,2025,79.36197683860131,2167.2931843848337,62.91768246182708,44.71032984290811,56.79335686633952,63.70779519489119,female,0,98.74097428910177
2025_0928,2025,70.707053303552,175707.16896178768,86.1769243000882,46.829285503570574,45.523810833190794,34.989966000808195,male,0,1.4014396083919731
2025_0929,2025,64.8244694557036,11836.970690581335,70.73607422394153,54.197835961295965,32.97839415670557,54.35465237540539,female,0,67.69416587093185
2025_0930,2025,72.2780383308633,120565.89019088837,61.16053744173247,51.54864401332257,47.01007050714393,52.1654092784983,male,0,44.58957110693249
2025_0931,2025,69.40503756137669,26727.86724376306,53.20869815870521,63.83084175990723,41.071796910962306,47.44061055802491,female,0,3.538666637077055
2025_0932,2025,69.37697499389773,14062.108650736776,56.920089669294384,47.45410206251345,38.768847948244975,65.36277317036397,male,0,9.511484849847006
2025_0933,2025,81.80712346554503,121018.65466854167,55.40638333743435,48.05935539049864,41.76309347699664,65.13386842473736,male,0,6.118090267297655
2025_0934,2025,76.52949583272955,14780.91565829959,64.11280793618818,35.352693928361106,48.335034833176714,57.69451609681697,female,0,169.86431987468302
2025_0935,2025,78.017668773143,27238.695944629853,52.260416642868016,58.43527863715659,19.56134878584575,48.58347558480212,male,0,2.871975153901346
2025_0936,2025,75.80296182832922,478713.9645419101,77.92758448693921,57.53218821943934,37.280067309295646,48.66751970733376,female,0,5.39919571062314
2025_0937,2025,82.09880399582062,271141.06404691003,66.10722874404328,61.77081895993217,47.647187267413564,55.439267507019004,female,0,452.59604737119446
2025_0938,2025,85.54259700573972,1247.869153057539,65.70149678857695,62.33436269602704,43.28971946818122,50.42863642600379,male,0,370.09139920091917
2025_0939,2025,69.63286764803631,1734.9812559009213,53.34613170836053,59.88946539451749,29.502398676305088,54.941785458829216,male,0,3.614667957217448
2025_0940,2025,80.69468905874132,11609.442633386425,57.30962296409405,60.31115949968102,17.05134342379591,60.58081096183627,female,0,10.913493943041976
2025_0941,2025,59.538117044265604,699999.0888437848,42.796326549213205,58.10068762860433,57.86029446796208,39.66471536766398,male,0,1.14883685488574
2025_0942,2025,49.969440323652904,162266.98454963975,81.1780514047746,59.640933160181426,38.923567044755764,47.41815715814595,female,0,2.6215087216651827
2025_0943,2025,90.7640503394539,20083.022911782704,50.822833562401364,33.580382878561444,55.98591657275288,54.6630703918127,female,0,2.236696498819987
2025_0944,2025,69.16641559766514,38401.83162394213,51.5809625693415,41.002092882431015,48.77347638072182,70.6534489722368,female,0,2.5695993710383
2025_0945,2025,75.02472839963019,129151.49054145347,79.13173392072045,39.36805975370781,32.84005602773469,63.45333550007252,male,0,4.02489973499498
2025_0946,2025,75.24784204103659,119744.84510419203,73.87564658819738,60.70173010952802,15.0,54.96415974416123,male,1,19.15377836844383
2025_0947,2025,74.78656286401915,7328.56845441109,71.2073678746008,40.17040442607783,34.56464127532968,59.02308707114927,male,1,54.32584062381289
2025_0948,2025,65.37056108434591,48737.327926707774,68.40268475392054,45.771378186576975,40.42645906398275,53.98496132284775,male,0,202.35022838814749
2025_0949,2025,78.92897729821755,35868.77435696364,74.53900373261166,52.06657266589861,45.32012001642335,65.7722377384933,male,0,15.123502639880291
2025_0950,2025,67.33457199387526,89517.1151918221,65.99875316743642,39.56320552879138,29.657887575341867,59.337531513945976,female,0,428.9112409631599
2025_0951,2025,69.14209550098623,29269.362557891025,49.56465255982174,55.80544779340705,42.58540602801847,67.7880024438327,female,0,1.9107579580211806
2025_0952,2025,65.05488921266482,48412.243422787535,72.33189872375553,30.696097972906887,42.58174833302561,41.44661317595221,male,0,34.33791028676911
2025_0953,2025,84.15788089310333,553601.7573639775,69.22343876643286,40.22510323075995,50.68911025760413,46.93809459908872,female,0,138.03399563494864
2025_0954,2025,81.18530009084063,43120.40267745494,76.71553347453786,53.98816188020387,37.72272565361559,57.745713366354444,female,0,7.379825549102524
2025_0955,2025,67.65851752238055,192455.862991796,52.50901136524515,39.58363767232881,45.240876744734116,59.935111886688475,female,0,3.0533825228748097
2025_0956,2025,79.34116265390367,147590.34531547167,57.70658102414328,64.99113103637032,43.69302259990861,79.00338450005042,female,0,12.351160175527077
2025_0957,2025,70.04762997920983,2693.154968945285,68.92088884714184,52.46279438633643,49.58213433136964,36.922533643154175,male,0,158.97548373726278
2025_0958,2025,84.1245075462394,187988.50161807358,60.55488433458068,59.320701325616334,30.976298417010586,54.66924747636184,male,1,34.42386245793323
2025_0959,2025,72.00289225301353,163254.2127544927,41.47157497094235,55.57916650853095,15.0,54.22078010835264,male,0,1.1051709180756477
2025_0960,2025,78.93233964875384,113873.3557175323,66.97330578736869,51.88070230057655,38.42426400445487,57.37838612420403,male,0,411.5785957266655
2025_0961,2025,63.578004851060044,568895.7279685334,73.95007633100234,42.034378450456764,38.48340892255884,72.3326062128851,male,0,18.70423558341907
2025_0962,2025,77.52394617550658,355296.5909478254,63.7106817905843,61.29146248299191,29.190085795262277,63.76275614338468,female,0,140.64654920360317
2025_0963,2025,97.47820973133557,193606.67585103994,70.48135127254453,56.412546590052926,25.674151082332735,38.95985678467637,male,0,76.70753933829559
2025_0964,2025,74.33121180355207,216366.03296186568,69.03367514317884,72.84647902555577,35.03574941976099,70.33759447276874,female,0,149.71747229315366
2025_0965,2025,72.85718091943153,5552.798052103168,65.1049535759603,60.284003679211956,39.64778130374685,70.05863024410833,male,0,267.73561971364717
2025_0966,2025,71.65832329406152,2262820.5790353403,66.35963156697085,48.02597023714482,41.75714170979806,57.63074567198869,male,0,503.332003960856
2025_0967,2025,77.28211661668924,47558.47565266973,78.49138111996231,54.89421572851065,17.878385470944142,38.82234752121833,female,0,4.687971627022013
2025_0968,2025,71.39596135093836,3365470.247644087,60.3574942360637,52.22137977357692,21.611993982493818,53.48381024346363,male,1,31.85677260268426
2025_0969,2025,89.51084306218185,10700293.522361288,72.73044812290992,63.62958296234499,52.12944187159034,59.68727987910056,female,0,29.297435892727336
2025_0970,2025,82.31186954304017,2440.023600913426,53.19122241348482,65.21869960359508,38.89823032040214,64.96551013404137,male,0,3.516618941414067
2025_0971,2025,81.05484128502987,3912.1426013435635,62.052197873347765,46.380247017395845,39.17559064021256,37.29552208751107,female,1,65.03983966101696
2025_0972,2025,72.81547230120698,109737.25225823437,76.9591731472645,39.8447892152578,27.42743600445602,47.30895452332334,female,0,6.889510241581292
2025_0973,2025,66.9265180016823,129918.92195432448,52.90168604752488,33.461613809218136,40.755831213309804,65.98016411441374,male,0,3.3325907349770154
2025_0974,2025,75.49235023892012,317431.1122788016,62.584087522559535,40.60450540280975,37.03202006064789,70.01765070677553,female,0,84.98714417061142
2025_0975,2025,88.11350863488362,391194.2995078217,93.6134710552731,42.08223554227774,32.99612252433699,59.30527432663139,female,1,1.0684938072301517
2025_0976,2025,74.7863355598492,107761.1381106894,75.25550660310968,67.04335369490408,26.137803271535304,66.48512213620272,male,0,11.97115492646152
2025_0977,2025,62.21678449478294,21521.12834548661,57.62828037062539,67.1950548885786,32.08907407274258,59.5528127100632,male,0,11.956200331372589
2025_0978,2025,82.68456493994407,2857.583370111276,64.34174749973081,57.601600541549274,58.97933520426342,64.63084758113955,female,1,188.670102405666
2025_0979,2025,83.96057912900177,12650.76269504639,63.29883871816452,64.30398873811977,37.29481005214536,56.4512227513246,female,0,116.60008466137943
2025_0980,2025,67.16208641002432,195306.87569938353,78.11944231039142,44.926072643671546,48.719884779211675,59.799485432182166,female,0,5.123050180250713
2025_0981,2025,61.06505465150856,597587.0828357595,59.98352857007618,32.846842279484115,37.23013007816308,42.782214066168805,female,1,27.31674816546968
2025_0982,2025,85.99369614818004,54052.93066756227,59.378310581316974,37.93471453638586,36.06947624770156,62.221372659725716,female,1,21.514992119259983
2025_0983,2025,96.61491110461898,20667.816213232603,72.13353056879427,31.651814324062006,34.42089357699052,42.47647152114768,female,0,37.524723159600995
2025_0984,2025,80.98877662781614,1933.2861171038971,48.188630327223,40.86044748264509,54.29668890252785,62.21016065980587,male,0,1.6019954364753397
2025_0985,2025,66.6585419405621,35407.273597434694,55.88922847348925,46.940530236245834,44.54191111919801,50.61016963018361,male,0,6.838032198733214
2025_0986,2025,86.99398222895415,234852.8555614024,69.14911018424387,49.66703682742296,31.280220674647012,58.699883039639026,female,1,142.2377566417527
2025_0987,2025,79.29859369992965,2131.1179025111765,64.66179788021732,53.35457250985082,36.84707653523002,45.472032793930126,female,0,220.5776969631535
2025_0988,2025,54.93748222089861,94143.4625381188,51.35380103102076,45.10363372491301,51.591347323128744,49.96391812593049,female,0,2.4503968719771323
2025_0989,2025,63.939410050693496,7447.73654214533,68.5374039913398,57.68947938417423,15.0,58.67970919380439,female,0,189.3789435361339
2025_0990,2025,76.48346875329746,37495.78151419336,70.53765027932646,45.295603155954815,43.9143372687611,62.543316332510145,male,0,74.5335977323924
2025_0991,2025,88.44486573810896,21908.43214223441,58.37510673962293,52.100447006405716,46.19214279915891,65.93791177158967,female,0,15.256413926859159
2025_0992,2025,68.10676818325912,11437.799930857493,81.6075731136645,40.9001775788688,33.28004335148985,43.499263361601,male,0,2.426015015720441
2025_0993,2025,88.17017372597567,26481.431199652638,68.39606068347732,62.886673120443824,42.350580899886616,39.98867180311923,male,0,202.8567368308649
2025_0994,2025,64.95676404666398,57922.91404907554,54.95141026829118,52.20834625435858,45.83816794559419,45.246936680935306,male,0,5.385714579781555
2025_0995,2025,38.64487338249306,4243.203203027808,81.20780546282839,58.788250159673936,28.451600659571593,44.343917773047714,male,0,2.605175386993995
2025_0996,2025,79.93810840249921,12559.76137013145,59.76675614732983,39.838066128802375,49.244610087005526,70.66828928678899,male,0,25.059424892933094
2025_0997,2025,77.9039894301076,16237.754033146353,66.78873464322608,53.74424171215084,43.78232140401599,68.40208096980271,male,0,450.90199053534207
2025_0998,2025,94.86184283467914,1870.0446593971674,65.13218776800569,53.72333724688859,37.66567405062144,45.033832668157096,female,1,272.1218652592296
2025_0999,2025,79.47104872073335,17883.32183334349,71.2415309953774,31.561326878313082,41.85243173687774,72.1030908608351,male,0,53.65099419324627
2025_1000,2025,74.4175005442809,21558.818574389512,60.18471712196038,63.680970016033505,47.89313980089979,67.80498643515851,female,0,29.740209934449013
