ID,year,x1,x2,x3,x4,x5,x6,y
2020_0001,2020,0.7578079060025633,-0.0886139452531673,0.569541666538042,3.031400164778503,0.305556474571834,-0.33256318147836006,1
2020_0002,2020,-0.5756422428125659,-0.0886139452531673,-0.203455969480003,-1.032474323917455,-1.6277767925477962,0.33959262325518413,0
2020_0003,2020,1.5346118741852557,-0.0886139452531673,0.7641657561858186,2.0280535653991834,-0.4509640948345192,-0.17810346681963335,1
2020_0004,2020,1.21720425085243,-0.0886139452531673,0.6933027121740628,0.9466971310088457,0.9755221358031246,-1.4135085982481852,1
2020_0005,2020,-1.6061819306225762,-0.0886139452531673,-0.895309970111874,-1.0307438322605298,-0.6123235352852504,0.9890646213755394,0
2020_0006,2020,1.7231220184061662,-0.0886139452531673,2.6965866829708505,0.4159706667779922,2.1606342067426536,-2.7388114369433336,1
2020_0007,2020,2.11681419968978,-0.0886139452531673,-0.3403562080212039,1.1191239293662776,0.26532930531623794,-0.4463651550284352,1
2020_0008,2020,0.5002877713306186,-0.0886139452531673,1.7698568930553547,1.3179986944140474,1.0368804716986164,-0.6201984545539159,1
2020_0009,2020,-2.5415876326212716,-0.0886139452531673,-2.8931711612381052,-1.78425850891518,-0.5498299365801587,0.14817887787141484,0
2020_0010,2020,-0.39532078459747,-0.0886139452531673,-0.7827268417713761,-1.1250444158598842,-1.0030700489004265,0.5616618078027354,0
2020_0011,2020,-1.9123368722047305,-0.0886139452531673,0.5750828276087308,-1.6100988660571138,-0.2045331290002591,1.1267648082610353,0
2020_0012,2020,0.0831579074031259,-0.0886139452531673,1.488668524467307,3.2996640696148387,1.4201833494805716,-0.7124048733521602,1
2020_0013,2020,1.9438127093831046,-0.0886139452531673,1.1706250785397927,0.9102692300883815,1.061928876158032,0.5865823373334818,1
2020_0014,2020,1.963369806032687,-0.0886139452531673,0.43955053119692444,2.5452321516965593,0.5954882359617636,0.1958183878814611,1
2020_0015,2020,-3.0307152572567064,-0.0886139452531673,-0.9689527995114458,-1.1956223308076883,-1.0860240868436282,-1.7115393751832233,0
2020_0016,2020,-1.2705182845363936,-0.0886139452531673,-1.2520628154033564,-0.7407123584650921,-1.8942031190376474,1.9005402554341098,0
2020_0017,2020,2.2355830924283735,-0.0886139452531673,0.21402339206864462,-0.32136407164526926,0.1552657771058467,-1.4387751272401994,1
2020_0018,2020,-1.125613548293737,-0.0886139452531673,-1.2898756154748698,-1.4470725918678646,-1.2976060191213503,0.41949727230971495,0
2020_0019,2020,2.131981483761395,-0.0886139452531673,1.1983811606264396,1.2105346707892468,-0.09917740994354728,0.3899599441977477,1
2020_0020,2020,0.09573090190925093,-0.0886139452531673,0.2327829314693597,2.586003830959867,1.1519391733501314,0.2756367823290771,1
2020_0021,2020,1.8310401549961957,-0.0886139452531673,0.19371817931531587,1.221982777676271,1.757302295189608,-0.4945768821616075,1
2020_0022,2020,-1.8026197594704465,-0.0886139452531673,-2.3602434375921746,0.3837203611929991,-1.52644994586332,0.8272526511405023,0
2020_0023,2020,1.0172098412753552,-0.0886139452531673,1.3907250260888961,1.6407291102029202,1.0267531485957098,-1.5603674739430955,1
2020_0024,2020,2.3705556094197267,-0.0886139452531673,1.5453232619670603,2.6274013394646856,-0.02728891162376819,-0.06582878867392292,1
2020_0025,2020,2.97927451067423,-0.0886139452531673,1.2316604442365175,0.9409577826949446,0.5560622632486704,-0.5638746765524585,1
2020_0026,2020,0.2943700546003589,-0.0886139452531673,-0.03482950727133416,1.3902227106518041,-1.3522636633422207,-0.6772979420670315,0
2020_0027,2020,-0.18519212849409494,-0.0886139452531673,-0.9121323629192725,-1.485396202914123,-0.3184834811148468,0.42874778745354575,0
2020_0028,2020,-1.6097341816301838,-0.0886139452531673,-0.6079890626342432,-1.766461834197669,-1.3430305390737427,1.0774785427196831,0
2020_0029,2020,-1.147279836973657,-0.0886139452531673,-0.6961625743624371,-2.210052849689034,0.009328330965317377,-0.34325576183686607,0
2020_0030,2020,2.266822871784244,-0.0886139452531673,0.9084599805817921,3.3310246715580702,0.6034233810702408,0.7806810899257774,1
2020_0031,2020,1.621177949299462,-0.0886139452531673,0.4691781718703527,1.8194475726178976,0.28031703232413535,0.04974066544459848,1
2020_0032,2020,1.6307641879115444,-0.0886139452531673,3.214152615791911,0.6658792666196915,-0.20264420987613044,-0.8927322092380086,1
2020_0033,2020,-0.676246868123818,-0.0886139452531673,-1.4519509798535086,0.249022696873495,-0.5974363917637202,-0.25795209324106383,0
2020_0034,2020,-1.5592826460259321,-0.0886139452531673,-1.6658777111204364,-0.31230781488221804,-0.08382527821905583,-0.2994858907916149,0
2020_0035,2020,-2.2292869363736614,-0.0886139452531673,-0.565990176549893,0.9661274713755903,-0.5813429947705007,-0.6966599125054466,0
2020_0036,2020,-1.9144730658358586,-0.0886139452531673,-0.7481455847049949,-2.5478328327399113,0.9910653331315391,0.42848292865583376,0
2020_0037,2020,-0.8660896222662576,-0.0886139452531673,-2.404791547610327,-1.2653601083142545,0.34382996197633453,0.23464618770475926,0
2020_0038,2020,-1.4970067088000443,-0.0886139452531673,0.1226782545637386,-1.4625213839428255,-1.0460222117736124,-1.590649698269418,0
2020_0039,2020,-1.159790023131662,-0.0886139452531673,-1.0941945753508333,-2.9736826764086013,-1.0544219470456555,-1.6515259952393577,0
2020_0040,2020,2.1700792422021897,-0.0886139452531673,-0.11093109521572053,2.060327204779694,1.1757573755882826,0.4246844532057544,1
2020_0041,2020,-1.8748414628976096,-0.0886139452531673,0.188784114353874,-1.2703965558033583,-1.470415344340548,-0.8152864287945346,0
2020_0042,2020,2.256248163629806,-0.0886139452531673,1.625675571596154,1.739631204986562,1.7330306452259894,0.302041155100324,1
2020_0043,2020,1.8788426034583945,-0.0886139452531673,-0.26454199194791417,3.3597719343296117,1.089280417474867,0.7809315781091883,1
2020_0044,2020,-2.734813086911479,-0.0886139452531673,0.7771828402577243,-1.3532436918276083,-0.5948328713131737,-1.2709528374055592,0
2020_0045,2020,2.9423047911862446,-0.0886139452531673,1.6587973683661927,0.5788470173428448,1.349562934216653,-1.411537254576185,1
2020_0046,2020,0.9992552562430839,-0.0886139452531673,0.9898038843749539,1.118664169723996,2.178263906695247,1.6744316823952952,1
2020_0047,2020,-3.1550953431851836,-0.0886139452531673,0.5902188056217794,-0.012752647016590402,-0.6632357182499959,0.351570782962459,0
2020_0048,2020,-2.5450437095863023,-0.0886139452531673,-0.8407022161703595,-1.56671302531015,-0.8904322966971076,-0.41924065667327093,0
2020_0049,2020,0.47895483932167804,-0.0886139452531673,0.971916924895968,0.3690384028678694,2.0069756986580627,-0.9339404526462636,1
2020_0050,2020,-1.4478266813424665,-0.0886139452531673,-1.660300116021989,0.057189270241365886,-0.02595966720709173,-0.5104408489072796,0
2020_0051,2020,-1.7738505055462372,-0.0886139452531673,-0.4181495606929214,-0.6213606761619644,-1.0567838723069778,-1.1905723361133103,0
2020_0052,2020,-1.8368319676405929,-0.0886139452531673,-0.5233970326760201,-3.0447282630048207,-0.7958508410727839,0.8834121740905903,0
2020_0053,2020,2.119701965482479,-0.0886139452531673,1.0146801398897114,-0.22539179946910815,0.9563047327510389,-0.7767511536063209,1
2020_0054,2020,1.839875361192704,-0.0886139452531673,0.21001364613239704,2.50123586382721,1.0894503556839863,1.093534588216267,1
2020_0055,2020,1.8160478706442862,-0.0886139452531673,1.1299298541660738,1.4019282830788125,-0.2852798807512912,-0.40062891977001125,1
2020_0056,2020,1.9098284573286928,-0.0886139452531673,0.9302012142378622,0.23780406896275097,-0.43398768624124817,-1.0433501836173147,1
2020_0057,2020,-0.8838653319977617,-0.0886139452531673,-2.333474318734201,-1.1704096572349822,-1.5099120176019631,-0.4263015880138014,0
2020_0058,2020,-0.607953341777443,-0.0886139452531673,-0.47181235132418564,1.0132366728016702,0.02820924559092619,-2.624166777501417,1
2020_0059,2020,-1.8644382522644611,-0.0886139452531673,-0.43484662119023054,-0.2642666397198362,-1.3150592111780022,-0.12076857667400692,0
2020_0060,2020,-3.680210064489474,-0.0886139452531673,-3.601888315051689,-2.358263394858789,-0.2922314863279966,-0.17011919113015858,0
2020_0061,2020,1.5360599267977955,-0.0886139452531673,1.20541052696126,0.15905086132954194,0.6648566749402094,0.8247427465479676,1
2020_0062,2020,-1.5046329722243452,-0.0886139452531673,-1.4780830577538244,-0.7270442451366111,-0.6428843159918495,-1.8863049279833795,0
2020_0063,2020,2.5455322747896805,-0.0886139452531673,2.3082466068799103,0.9001654195045496,-0.1794427280338093,1.1618663608635478,1
2020_0064,2020,2.6876343927211206,-0.0886139452531673,0.5065317908461242,1.5718591826367099,0.4306862376632439,0.820599294997656,1
2020_0065,2020,1.7027750482523674,-0.0886139452531673,1.659484214251896,-0.2295073973595978,1.2698061293958725,1.2520435636986627,1
2020_0066,2020,0.9996389226031002,-0.0886139452531673,0.6030861587622084,1.357128676271321,1.2759619665414415,-0.05272137600413741,1
2020_0067,2020,1.9851611125457378,-0.0886139452531673,1.1137481534861435,2.091583619377472,0.22034093744967365,1.0138968341027554,1
2020_0068,2020,-2.0279176373243137,-0.0886139452531673,-0.2631634690799488,-0.5131814528507166,-0.6706700908963572,-1.4712440349069051,0
2020_0069,2020,-1.5013926514433489,-0.0886139452531673,-1.4625557163245801,-0.8608882602384081,0.9590782827858657,0.713047565204533,0
2020_0070,2020,-0.5138636830392322,-0.0886139452531673,-0.0034451155015959856,-1.0958836025659708,-0.8140783434045106,-0.7711627620999453,0
2020_0071,2020,-2.0577713459894236,-0.0886139452531673,-1.993697877106483,-1.8348511527715017,-1.3545495569139563,-1.6514018324229363,0
2020_0072,2020,-0.6943213607574991,-0.0886139452531673,-0.705407157441621,-1.0719985924397886,-0.9390099114897282,-1.1241405181643607,0
2020_0073,2020,2.177401368692302,-0.0886139452531673,1.922639722787853,2.2597058528804057,0.8737416860214665,0.005531138629270573,1
2020_0074,2020,-2.4547918171308214,-0.0886139452531673,-0.3399625082096651,-1.1190285066001253,-0.9209347045524395,-0.8242992082176034,0
2020_0075,2020,-0.526105871782599,-0.0886139452531673,0.9164448767354103,-1.88980398934841,-0.8250837605412015,0.37607353169579993,0
2020_0076,2020,-0.8014336546284949,-0.0886139452531673,-1.7634393173106604,-1.4922470887653863,-1.9547574375494718,-1.8082375550040173,0
2020_0077,2020,-1.3980741126273426,-0.0886139452531673,-2.379149251348588,-0.7991497027240698,-1.570104380068761,-2.1270975436158617,0
2020_0078,2020,0.7376765419723478,-0.0886139452531673,0.005664891504880587,0.626486002819153,0.680531810342802,1.372387434143576,1
2020_0079,2020,0.64079398142443,-0.0886139452531673,1.660442566548437,1.4853032830631407,0.6677856239820507,0.9038001294014344,1
2020_0080,2020,0.9623374230969776,-0.0886139452531673,1.4979229342693787,1.5228437607490304,0.34704858011199957,-1.0492968359138075,1
2020_0081,2020,2.04259446329196,-0.0886139452531673,1.1022566596474157,1.8889831804046482,0.6583891311388504,-0.002999643470539514,1
2020_0082,2020,-2.455625167401398,-0.0886139452531673,-2.12295704910713,0.4235594722650329,-0.7511881156686357,1.0195070602013239,0
2020_0083,2020,1.93751224861987,-0.0886139452531673,1.7668672933290608,1.995858724372361,1.5115307652196204,0.41920060829060546,1
2020_0084,2020,-2.7417555288783926,-0.0886139452531673,-2.2247047776505404,-1.9342390641479599,-0.8793693881808408,0.1482230961834784,0
2020_0085,2020,-1.704068584438849,-0.0886139452531673,0.15894958237689982,-1.9035344465762722,-0.48071743576139747,1.095154081312597,0
2020_0086,2020,-1.3903522454259913,-0.0886139452531673,1.857438423139865,-1.0757714764598245,-1.2332802411471369,-0.7307124752012204,0
2020_0087,2020,3.9451301450589167,-0.0886139452531673,1.3664511465715505,0.5488246427605855,1.2576765788787856,0.0311784486646287,1
2020_0088,2020,-2.877315655520367,-0.0886139452531673,-0.4168918643422569,-2.1383267269609427,-0.49941576191011466,-0.017848638292391635,0
2020_0089,2020,-0.027985433509866597,-0.0886139452531673,-1.4928597688955594,-1.4416917941729943,-0.10734639745614444,-0.27276204767104256,0
2020_0090,2020,1.64984241398728,-0.0886139452531673,-0.8102133210868163,0.525487066380961,1.3707683699555904,-0.3898055114207521,1
2020_0091,2020,-1.0888280819840368,-0.0886139452531673,-1.6027193630302223,-1.6718477397612057,-0.32901150169508314,0.07286823782849074,0
2020_0092,2020,1.6183479133882046,-0.0886139452531673,-0.09289524109874936,0.6842105138449943,0.7212660730737759,0.03440749598552754,1
2020_0093,2020,-1.055273181804767,-0.0886139452531673,-2.447004576415016,0.17845085031833108,-0.6040486183644255,-1.0484276425345258,0
2020_0094,2020,-1.6536851043620178,-0.0886139452531673,0.7223599419956492,-0.8007619587507607,0.05080714276122116,0.8017959099004475,0
2020_0095,2020,-0.045949818542541765,-0.0886139452531673,-0.727137481974227,1.4718090760554694,-1.3216596555222355,-0.9763852077662583,0
2020_0096,2020,1.0435288557752775,-0.0886139452531673,1.3796875806139837,1.1705081860196493,0.2972737770425075,-0.2182334445471739,1
2020_0097,2020,-0.3677654278207523,-0.0886139452531673,-1.3090223651962496,-1.2900657739372519,-0.6548548816397105,-0.2952804727200515,0
2020_0098,2020,-2.144367120213023,-0.0886139452531673,-1.1728710824434363,-0.9958671173451339,-0.46777624778763727,0.35810361265921586,0
2020_0099,2020,-1.560251846401287,-0.0886139452531673,-0.03544931776066662,-0.74350802155646,-1.4592851994112037,-2.119103940217333,0
2020_0100,2020,0.4280374477097808,-0.0886139452531673,0.9676628813047845,1.4352539571710636,0.7401899492693533,0.8909098149294582,1
2020_0101,2020,1.95502372034752,-0.0886139452531673,1.5306939380247329,3.0767113258590237,0.7248009806169722,-0.6769903476121641,1
2020_0102,2020,2.9451259569265336,-0.0886139452531673,0.8039957021549842,0.15467953502243137,-0.9722240924827766,1.2199632947770542,1
2020_0103,2020,-1.5773561798208542,-0.0886139452531673,-1.3421528907320472,-0.1409539418222644,-0.9756751914070079,-0.4781649245161544,0
2020_0104,2020,1.3031143012960904,-0.0886139452531673,-0.406914165601862,1.2077505976141238,0.674145733721227,-0.04884358573401051,1
2020_0105,2020,0.3853830369320732,-0.0886139452531673,-0.9777490623671281,-0.5710977425706176,0.6717656457415847,1.9137860400684237,1
2020_0106,2020,1.270707346447692,-0.0886139452531673,0.7384380989335981,1.7706987820947633,1.9327314196618146,-0.27733820879366844,1
2020_0107,2020,-3.0927942597215274,-0.0886139452531673,-0.9435033080067673,0.2676235608039048,-1.7726386388071003,1.2388498846734588,0
2020_0108,2020,-2.4128779867188275,-0.0886139452531673,-2.2861300367087907,-1.8571764037774297,-1.4596980569636901,0.03904508556456009,0
2020_0109,2020,-1.2732139538908647,-0.0886139452531673,-1.034474865034633,-1.0089338678919706,-2.8897566386554674,0.4154188302934896,0
2020_0110,2020,2.819013197741396,-0.0886139452531673,1.053752562990502,-0.7253542620077036,0.4152666670606875,0.0699585894113745,1
2020_0111,2020,1.309210861229503,-0.0886139452531673,-3.156008006059379,-2.2588064596843367,-1.1165148433008008,0.8478516263001241,0
2020_0112,2020,-2.086585085070901,-0.0886139452531673,-1.9151246594795013,0.04802957761725257,-1.207981741067405,-0.6855316128530513,0
2020_0113,2020,-0.06469984335456003,-0.0886139452531673,-0.5927361062645315,-1.4664165060074346,0.08614187158700802,-0.9840485230191854,0
2020_0114,2020,1.743752480401648,-0.0886139452531673,1.387058729395744,-0.10880297493803925,1.4884940178695707,-0.6385761903770217,1
2020_0115,2020,-1.651247646746376,-0.0886139452531673,-2.1536749163997606,-0.7705396355415703,-0.7377146205861568,0.09971037632409105,0
2020_0116,2020,1.9325944517261522,-0.0886139452531673,1.158448050499735,0.4775875685689768,0.5035095571681102,-0.22081878555032944,1
2020_0117,2020,1.5619164836799593,-0.0886139452531673,2.022407225360472,0.5291783422244639,1.6209517344854911,0.7102748764711765,1
2020_0118,2020,1.6103957256122186,-0.0886139452531673,1.7770729589908982,1.7393260256749032,0.7841937121313187,1.30473169982152,1
2020_0119,2020,-1.9083331628266693,-0.0886139452531673,-1.0952857870139345,-2.1617333589343466,-1.4546160311347665,-0.9758383372350086,0
2020_0120,2020,0.10189034020114929,-0.0886139452531673,0.5320236866757075,0.09463478731816777,-0.5729989419876412,-0.7339487916139326,1
2020_0121,2020,-0.043625202522081574,-0.0886139452531673,0.3706555156654956,1.1540799921488687,0.4469484048834539,-1.436239418312854,1
2020_0122,2020,2.1532448832812268,-0.0886139452531673,1.467819782909657,1.9694097907482053,1.403714893738087,2.030372990759104,1
2020_0123,2020,-1.7767000900857135,-0.0886139452531673,-0.8048960268571119,0.23816030148984968,1.0212309516344718,0.30466949912182684,0
2020_0124,2020,-2.0960888996561664,-0.0886139452531673,-0.3705959938977996,-1.665061720361623,-0.7507117230484193,0.47980232005157775,0
2020_0125,2020,-1.4914943732768464,-0.0886139452531673,-0.868126186878848,-0.06262303308035211,-1.4122844120962434,-1.3402083850310482,0
2020_0126,2020,-0.7050677470843725,-0.0886139452531673,-0.18123604965255813,-1.784142293470409,-1.7479721666273713,-0.0011699890068746332,0
2020_0127,2020,-1.3196360569736019,-0.0886139452531673,-0.9054074670422998,0.8262093469067999,-0.358436082955521,0.5092479844130853,0
2020_0128,2020,-2.1560549366409676,-0.0886139452531673,-0.21531128386831355,-2.1337710254197284,-2.2116928419074147,-0.252757690534425,0
2020_0129,2020,-0.2737070443510503,-0.0886139452531673,-0.1291772296333611,0.3284788107917309,-0.35972391887608945,1.0757056248263945,0
2020_0130,2020,3.079185502981632,-0.0886139452531673,0.19547336977518648,0.3435138931812761,1.4541692850103298,2.3118311256428297,1
2020_0131,2020,-1.0054433446771467,-0.0886139452531673,-2.808144046870746,1.0132464547946003,-0.4509764374137088,-0.9470628270939518,0
2020_0132,2020,2.47366351134409,-0.0886139452531673,2.543492856014553,1.5913207288524842,0.6242706624491541,-1.0220872459766968,1
2020_0133,2020,2.741959996813811,-0.0886139452531673,1.2566587307122616,-0.016016529408221958,1.2519525228374517,-0.8777560655285767,1
2020_0134,2020,-0.36990068359548633,-0.0886139452531673,-2.7144858954961215,-1.5222384795425068,-0.6632493030973601,1.6061991600164907,0
2020_0135,2020,2.1140991771126236,-0.0886139452531673,0.2861805027812889,1.7811812052237417,0.17750092651152657,1.0423553170296844,1
2020_0136,2020,-0.9016529529251172,-0.0886139452531673,-0.2281257076301716,0.05264441761556138,0.6803298579000207,-0.13552781779364848,0
2020_0137,2020,2.0196605733465027,-0.0886139452531673,0.720323168867107,0.9292844082755374,0.518656496311587,0.03655966440087428,1
2020_0138,2020,-2.5973376745470436,-0.0886139452531673,-1.512061419319127,-0.9553417190365336,-0.1793981596400725,-0.8165436261967214,0
2020_0139,2020,2.2007231568595857,-0.0886139452531673,2.4008818603129667,1.7583530326440655,-1.1348914261565717,0.8900271577431841,1
2020_0140,2020,-2.8558139711265538,-0.0886139452531673,-2.0472871463838107,-0.8682015729891801,0.22117670622474322,-0.3799018241085537,0
2020_0141,2020,-2.294599455125055,-0.0886139452531673,-1.7981533577548339,-2.293504859338376,0.3750109957236655,-0.2600765394549993,0
2020_0142,2020,-0.19643493219191255,-0.0886139452531673,-0.7886135249517324,-1.8129740246401806,-0.7761329702986894,0.6087897715292568,0
2020_0143,2020,2.3402201626941976,-0.0886139452531673,1.3904549320538822,1.235119943151665,1.247016827790207,-0.18799493808322118,1
2020_0144,2020,2.9873982896858626,-0.0886139452531673,1.4963430343407316,2.215482416497694,1.2468121452860503,-0.2349659934978464,1
2020_0145,2020,-1.7716743836872921,-0.0886139452531673,-0.08876195543105314,0.6159824241620477,-1.3142268557125796,0.010575205529075074,0
2020_0146,2020,-2.6522488412767675,-0.0886139452531673,-0.8014213793184831,-0.22047057922854973,-0.3623021556485278,0.7953554137930766,0
2020_0147,2020,-1.7404371970703427,-0.0886139452531673,-0.5106160610615909,-0.7127092389636362,-1.4469043758980444,1.6464930754838332,0
2020_0148,2020,1.6020312972405741,-0.0886139452531673,0.7407907406849168,1.748813885982477,0.3129944610837392,0.585486232246082,1
2020_0149,2020,-1.4210112836599904,-0.0886139452531673,-0.9373016967632858,-1.6667508502068555,0.10155451456983898,0.803314223624267,0
2020_0150,2020,-0.36631952124329836,-0.0886139452531673,-0.8924658199463655,-1.1532309602582143,-0.020273847439837844,-0.19985406210112439,0
2020_0151,2020,1.1387295749965545,-0.0886139452531673,1.215098135819036,0.17586927866052338,0.23489959830736595,-0.707797863168717,1
2020_0152,2020,1.8520344718029242,-0.0886139452531673,1.7725398075827608,-0.24874261070771153,0.21313892519916752,0.6539862322351151,1
2020_0153,2020,-2.488627149434606,-0.0886139452531673,-0.44485431805516895,-0.666450988363795,-1.316477281966138,0.17124082460057136,0
2020_0154,2020,1.950317278043813,-0.0886139452531673,1.0442170029001832,1.1855133065847436,1.3861116531723927,-1.4226286487497493,1
2020_0155,2020,-1.4968914498143633,-0.0886139452531673,-1.8091259849410397,-0.31234751549098716,-1.5999878246483177,-0.32806962342559803,0
2020_0156,2020,0.7501866617154825,-0.0886139452531673,1.0676712580627095,1.546111830892447,1.0853701112287621,-0.08289702348155359,1
2020_0157,2020,-1.7358293621748528,-0.0886139452531673,-1.028017784895744,-0.757355728676138,-0.20252255149256435,-0.5104578670284787,0
2020_0158,2020,1.3158242534847784,-0.0886139452531673,1.1931815798131984,1.5566166656775544,0.7294036397655199,1.4817355945421273,1
2020_0159,2020,1.229844870662904,-0.0886139452531673,3.206525307140402,0.9573169037725233,1.6080509574919422,0.47983903690221674,1
2020_0160,2020,3.2713412422676837,-0.0886139452531673,0.4762272214587646,1.4128913952224007,0.5565518644081661,1.3731749178886479,1
2020_0161,2020,-1.5984460023078797,-0.0886139452531673,-0.5777109808746405,-1.7261444026863595,-0.9710844807951315,0.26342526165215957,0
2020_0162,2020,1.2561038898226622,-0.0886139452531673,2.0684620672442984,1.36970592563913,0.01820301509451481,0.08138783642507771,1
2020_0163,2020,-3.5974509576101417,-0.0886139452531673,-0.9019980859006171,-0.3315823147139906,0.013741878096164228,-0.9365978176102492,0
2020_0164,2020,-2.3942073519794773,-0.0886139452531673,1.3378451191721652,-1.6696814280722032,-1.4132163575830963,0.01192953319656672,0
2020_0165,2020,1.2369265755436472,-0.0886139452531673,0.6219607082685232,1.0518320989928467,1.0798174541720473,0.013053925675440194,1
2020_0166,2020,-2.185852676176643,-0.0886139452531673,-0.6759107776799529,-1.6236025096293596,-0.8570528537007479,-1.3671138840342332,0
2020_0167,2020,2.881707593377797,-0.0886139452531673,0.20119425510701805,0.4734933034838851,-0.042226450489330075,-0.5395274697703949,1
2020_0168,2020,1.3350622246037813,-0.0886139452531673,0.6484752648567069,-0.12492935510215464,0.31271748494134344,-0.3232825985163624,1
2020_0169,2020,-0.2115557506817476,-0.0886139452531673,-0.7510660896033421,0.26577492516655554,0.3062977912325872,0.41347954405572146,0
2020_0170,2020,1.561704634050368,-0.0886139452531673,1.8463040623077296,2.0656851747200475,0.9613260341075844,0.46135011198570613,1
2020_0171,2020,-1.4627721635784234,-0.0886139452531673,-0.6809051659764258,-0.46256614577266286,-1.6073202730934737,-0.5813184819652049,0
2020_0172,2020,1.411203552287499,-0.0886139452531673,2.259114849334736,2.9721959519438137,1.0442626298789535,0.46886960254188487,1
2020_0173,2020,-1.4962037483785409,-0.0886139452531673,-1.0949653105926718,-1.1892456965683917,-0.9168912252756362,-0.182078929348517,0
2020_0174,2020,3.218795003049859,-0.0886139452531673,0.6678314701609946,4.031762415110634,3.5632371217953454,-2.8696200248549566,1
2020_0175,2020,-3.8196107267512183,-0.0886139452531673,1.7039851072793866,-1.2275294153632204,-0.5719009269261821,-0.4847020319515423,0
2020_0176,2020,-3.501545744438679,-0.0886139452531673,-0.6057623505579692,-0.7448066482439836,-1.1044998776530917,1.0789886401423785,0
2020_0177,2020,-2.0431708310561136,-0.0886139452531673,-1.7194815459785477,-1.3977779139402082,0.3360223342296834,-1.6818057566276796,0
2020_0178,2020,1.514527881937569,-0.0886139452531673,0.30573623775193115,1.372325560060305,-0.6728289338342764,0.11269120041554022,1
2020_0179,2020,2.1901044247640122,-0.0886139452531673,0.05732008546865952,1.8356149278862444,0.875456125104878,1.585261214185287,1
2020_0180,2020,1.9730871980274751,-0.0886139452531673,1.936569355856788,0.886083606946916,2.3955427957448583,-0.7606129530104807,1
2020_0181,2020,1.1157540871194298,-0.0886139452531673,0.6356227071067582,2.7767198471176204,0.7070405725121968,0.002149080427685861,1
2020_0182,2020,2.5190436932417626,-0.0886139452531673,1.1273624756564855,1.2391492846334606,-0.586640835718463,-1.3040162572279212,1
2020_0183,2020,2.5301954031527307,-0.0886139452531673,0.9364913255617313,1.2704853861101992,0.4832656284715218,1.627231141663572,1
2020_0184,2020,-1.3159421687284345,-0.0886139452531673,-0.2685075920590654,-1.9089976945137175,0.3636144327672295,-0.08333262699661428,0
2020_0185,2020,2.462657572486841,-0.0886139452531673,0.15325590711597992,1.4184990745503845,1.100855677056617,0.04662684279401815,1
2020_0186,2020,1.7726452634321288,-0.0886139452531673,-0.07557228614301548,0.8659727791906344,0.1289151123899858,1.3543004655056223,1
2020_0187,2020,-2.0614830267828834,-0.0886139452531673,-0.7757026928184058,-1.6082397293372868,-1.3481942457432192,0.6614783946454811,0
2020_0188,2020,-0.8021831609999953,-0.0886139452531673,-0.399040715300103,-1.7764744081483639,-1.2477602169198507,-0.8756287324967398,0
2020_0189,2020,1.6106131225786777,-0.0886139452531673,1.3325323130976408,3.671763379756685,1.088958307243197,-0.6472779240873159,1
2020_0190,2020,-1.498660153245513,-0.0886139452531673,-1.8094537290973276,-1.2634772501790354,0.2705569063509225,0.49493130452329864,0
2020_0191,2020,2.9729535721895743,-0.0886139452531673,1.6774848420913937,-0.4569854207812678,1.6419384102393368,-0.62412105506294,1
2020_0192,2020,-3.9508721285400865,-0.0886139452531673,-1.7438609270956342,-1.6982214597325727,-0.43519025431269726,-2.117243312120527,0
2020_0193,2020,-2.9176841701595695,-0.0886139452531673,-1.5215386447863835,-1.0515678394762136,-1.8653158080459866,-0.05324079863907779,0
2020_0194,2020,0.3129295736256299,-0.0886139452531673,0.056046475277997776,1.5466670326164849,-0.26234601119475304,-1.4802126611248094,1
2020_0195,2020,-1.8632606475688056,-0.0886139452531673,0.30115834865203084,-0.44520347827468654,-0.3733983830289893,1.616281753563726,0
2020_0196,2020,-1.75460816976603,-0.0886139452531673,-0.36657845897265084,-0.3233854482234746,-1.8763768783463155,0.1767876377631527,0
2020_0197,2020,-0.00732564777304745,-0.0886139452531673,1.6049933756788732,0.3551396933626704,0.6195463831451167,-0.9051750567435755,1
2020_0198,2020,0.5148419676891737,-0.0886139452531673,2.2472114211424503,1.3404404435015453,1.0433203569489415,-0.6986324146624537,1
2020_0199,2020,-2.3608416785235704,-0.0886139452531673,1.8126492482387233,-1.8760594641105786,-1.710075196290151,-1.8893975878739204,0
2020_0200,2020,0.9574240920758919,-0.0886139452531673,-2.7092261039101553,-1.6196429830140118,-1.619409867487091,-1.0994618867805037,0
2020_0201,2020,3.3017419477471464,-0.0886139452531673,0.2616234191228919,0.08229102549974054,0.7247031483457451,1.0163232025406992,1
2020_0202,2020,1.0882505823153508,-0.0886139452531673,0.3838249158254762,-0.18838885459826948,1.2029202300192432,2.2317861454923915,1
2020_0203,2020,1.1364167096932012,-0.0886139452531673,0.14918037761730718,2.0642094888580087,1.6492150163310055,0.7263965131989585,1
2020_0204,2020,-2.649203997188294,-0.0886139452531673,-2.0775832476037124,-0.3113882990211123,-0.31435725218355853,-0.09204253862102917,0
2020_0205,2020,-3.4081304132252668,-0.0886139452531673,-1.2996530640553656,-0.023334630021870084,-0.7410747240062444,-0.4319593756539166,0
2020_0206,2020,-1.616880186408524,-0.0886139452531673,-2.2166037152894047,-0.9606869339757037,-1.3969558028456395,-0.9564958135763623,0
2020_0207,2020,-2.4978519832440256,-0.0886139452531673,-0.6649576324625868,-0.22319230113485344,-1.6567255966756154,2.0597658993397405,0
2020_0208,2020,1.4151494683379902,-0.0886139452531673,1.0516983214286146,-0.7612894046425449,0.39129832933668196,-0.1887487018643749,1
2020_0209,2020,-3.100205849043477,-0.0886139452531673,-0.5189713352363448,-0.1369124819546449,-0.4720515320155463,2.1156298300625043,0
2020_0210,2020,0.7380255416897422,-0.0886139452531673,1.5077284516382525,1.1771198300050303,1.0692989653018743,1.393519509610061,1
2020_0211,2020,1.6486270953028308,-0.0886139452531673,1.6030068534266766,1.6271096001491656,-0.879921588580098,-1.7407964313462736,1
2020_0212,2020,1.8662095977839375,-0.0886139452531673,0.6265910631761177,1.3800232990486132,0.17145837738599765,-0.6659523957592918,1
2020_0213,2020,-1.0825280412579854,-0.0886139452531673,1.1211434026336673,-1.9870551545368866,0.1636060412849247,-0.6690451241738223,0
2020_0214,2020,0.1795110158429627,-0.0886139452531673,1.2344311164820978,-0.4980397753910466,0.8633720382433115,-0.07984636410573946,1
2020_0215,2020,2.3546857301355617,-0.0886139452531673,-0.862484752624795,0.28794583381703676,-0.33360713048238877,-0.060314253113753484,1
2020_0216,2020,0.6997883033981497,-0.0886139452531673,-0.002375745766217463,1.5649172812729122,2.684656945278521,2.996239095398143,1
2020_0217,2020,-0.8671420853926936,-0.0886139452531673,-2.7405029890278154,-0.3099085848246046,-0.8231533858518117,-1.0772278744747588,0
2020_0218,2020,-1.5106386766181932,-0.0886139452531673,-0.9826653708486927,-2.3679422773818626,-0.49253283254927366,0.22896993566438997,0
2020_0219,2020,0.12361250092205212,-0.0886139452531673,0.8781947759466664,0.018900632531785422,1.1196198048361077,0.6165077424678032,1
2020_0220,2020,-1.816197704581188,-0.0886139452531673,-1.4684256978994579,-1.7232356859408393,-1.0940763729281489,-0.0015720044691961827,0
2020_0221,2020,-1.1346362579362324,-0.0886139452531673,1.0109261124005142,-1.3573050602668157,-1.3820589454571155,0.11018057778135802,0
2020_0222,2020,-0.887034619525401,-0.0886139452531673,-0.4510171259230892,-2.3620508308526524,0.8973399880527524,-1.0448088943065872,0
2020_0223,2020,1.3590121025555815,-0.0886139452531673,1.7260983614463346,-0.4220517661401326,1.6025646956942006,0.10648619460268177,1
2020_0224,2020,3.0317788906010525,-0.0886139452531673,0.0689265120578968,0.17816470359244607,1.4575497608869412,0.5113989961743719,1
2020_0225,2020,-0.49248922901344105,-0.0886139452531673,-1.9991448913310124,-0.9137461637749943,-0.33896864662543147,0.3276005842711286,0
2020_0226,2020,1.2433458836002471,-0.0886139452531673,1.0368054990969549,-0.1805943397534906,-0.0026539122893476375,0.5702009039120914,1
2020_0227,2020,-0.7498781878630555,-0.0886139452531673,-0.8269928603477742,-1.115803509971766,0.22202415339221898,1.412607900636232,0
2020_0228,2020,3.433793485188187,-0.0886139452531673,-0.856311567114457,2.058552816141815,0.12549387359060057,0.9369665419143417,1
2020_0229,2020,3.460484600783027,-0.0886139452531673,0.819692977150466,-0.30177973741351005,1.0266294385205166,0.07129461349743696,1
2020_0230,2020,-2.7279998808224972,-0.0886139452531673,-0.9859279171264952,-1.2064457584105395,-2.1115119243716554,-1.171758351883278,0
2020_0231,2020,-2.4265331111571506,-0.0886139452531673,-1.2151491657711289,0.024756733750772586,-2.432687080518016,-0.6000052747111194,0
2020_0232,2020,-0.015081213266149085,-0.0886139452531673,-1.8133904123466764,-1.4182683903638094,-0.5453670378775083,-0.21963115191741533,0
2020_0233,2020,0.44171894916236276,-0.0886139452531673,0.46046481807885997,0.4263303091415811,0.15272058624407353,0.25234583134144734,1
2020_0234,2020,0.177458866708321,-0.0886139452531673,0.823140806427204,2.163495814306474,-0.7913340570378186,-0.4783327614993951,1
2020_0235,2020,1.013805869300953,-0.0886139452531673,1.0908000236100477,0.6937979210284522,1.2324876023576605,-0.9357331991843516,1
2020_0236,2020,1.9202267094745857,-0.0886139452531673,1.6047915825505679,2.104495025205568,2.4960646168406315,-1.188198689120337,1
2020_0237,2020,-1.6023967066110965,-0.0886139452531673,0.0808562049508712,-0.5710346088728012,0.31164820686404937,-1.651177759055531,0
2020_0238,2020,0.8494363795944079,-0.0886139452531673,0.7056522764727502,0.6571553470901632,0.594145691787462,-0.23495070377456886,1
2020_0239,2020,-2.174212461724509,-0.0886139452531673,-1.4561561961153577,-0.5203094694024697,-0.7929237546424435,-1.469665442070305,0
2020_0240,2020,-2.2123370644127087,-0.0886139452531673,-0.5623443264656938,-0.6795504861539622,-0.08983499457286942,-1.0005256841573922,0
2020_0241,2020,0.6204903713410574,-0.0886139452531673,1.6108449164108543,2.0208828210024743,1.6977024158679255,-0.3939018728443025,1
2020_0242,2020,3.7816328772760617,-0.0886139452531673,0.5657995667411144,0.4516544621349815,0.525171424939441,-1.3359173093914338,1
2020_0243,2020,-1.2024889288144451,-0.0886139452531673,-0.20960652303382776,-0.9587939332183804,-0.7726578274203406,0.37975218849869696,0
2020_0244,2020,2.3867590544047386,-0.0886139452531673,1.979585341155973,0.9384843203953626,1.0404918454116292,0.7402230636056872,1
2020_0245,2020,1.0109225318810764,-0.0886139452531673,2.291686465658673,1.7041481416397848,1.2431010562230655,-0.5494270197753985,1
2020_0246,2020,1.3140433228139512,-0.0886139452531673,2.7783209067198227,-0.025179194444175712,0.6935388463909865,-0.43702730761000175,1
2020_0247,2020,0.786446018629645,-0.0886139452531673,0.1335838613405611,2.016977048237856,0.7039318039450047,0.5374297701390774,1
2020_0248,2020,-4.151708334919202,-0.0886139452531673,-0.9861017906674888,-0.5336712278295834,0.30386586380351055,-0.713995097234679,0
2020_0249,2020,-2.878009276847866,-0.0886139452531673,-0.9887223033813398,-2.3169250736329463,0.167616561954309,-0.7827339115972951,0
2020_0250,2020,-3.3106186799803945,-0.0886139452531673,-1.0980735685325076,0.20826282548050035,-0.4180715412511294,1.1964984781862904,0
2020_0251,2020,-0.7497837779516074,-0.0886139452531673,0.35073708038986384,3.2340930807977313,2.175287256018343,0.8841877387127871,1
2020_0252,2020,0.3046410257018972,-0.0886139452531673,-0.48556200323107146,2.001833969549408,0.4908433902188664,0.6015500023439195,1
2020_0253,2020,-0.17504432061836916,-0.0886139452531673,-0.9073205539709962,0.4269847672264693,0.49837875890350447,0.9256446213940929,0
2020_0254,2020,-1.5444361677043543,-0.0886139452531673,-1.7683556595479124,-0.9146286183974119,-0.36598764517155963,-1.977278725367363,0
2020_0255,2020,-0.2094362376788259,-0.0886139452531673,-0.914006519252375,-2.66150491973851,1.8168208977716718,1.3538355467931074,0
2020_0256,2020,1.9109825769008753,-0.0886139452531673,0.20595645830114662,-0.8441204511675249,-0.15398554142598223,0.3920621165837422,1
2020_0257,2020,2.2825588257151592,-0.0886139452531673,-0.09965834584434141,1.2550820438677586,0.24852379822612677,1.010781384005735,1
2020_0258,2020,-2.400896995304575,-0.0886139452531673,-0.7657016396231023,-1.59197880772998,-0.4649617374395619,0.3871617791163626,0
2020_0259,2020,-0.9760490458073292,-0.0886139452531673,-0.849078473193504,-1.9145762783273512,-0.4822127576168065,0.048924824680156194,0
2020_0260,2020,2.2287142340743458,-0.0886139452531673,1.579281971320933,0.9372533160313247,2.360111187340015,-0.2753092123620546,1
2020_0261,2020,-2.0766472922336927,-0.0886139452531673,1.1858637664176253,-0.3844147121387118,-1.334699746639627,0.36714437688620544,0
2020_0262,2020,2.0595403706161663,-0.0886139452531673,1.2772895312108468,-0.4527575467621472,1.5239348149551075,-0.3117479089045521,1
2020_0263,2020,-0.9338122414251671,-0.0886139452531673,-0.5149182329358704,-1.4488776202803848,0.12997040374559657,0.8678761000651124,0
2020_0264,2020,-2.0495526211300827,-0.0886139452531673,-2.0775613288673256,0.5098706831203152,-0.23628173422348198,-1.5864566445522004,0
2020_0265,2020,0.377231567729005,-0.0886139452531673,-0.2869074405363745,-0.07528838022137463,0.03120292646054397,-0.5415758617942777,1
2020_0266,2020,-2.6841283318982723,-0.0886139452531673,0.5828294467733337,-0.13023881283504368,0.32620704420335844,2.0448232484766464,0
2020_0267,2020,-1.4134944580785382,-0.0886139452531673,-1.9234797799333037,-1.484730761548994,0.183459945052331,-0.6260804635723924,0
2020_0268,2020,-1.1729901312106852,-0.0886139452531673,-2.0439440714686423,-0.4542062401500473,-0.3203323841676981,-0.23868372306347801,0
2020_0269,2020,-2.2925258304579144,-0.0886139452531673,-1.039098921216553,0.0973275072028672,-0.6365218502328367,-0.8825809333500763,0
2020_0270,2020,-1.4734146586739014,-0.0886139452531673,-1.0901924133773884,-0.2587182330149784,-0.619113591964503,0.3358456728858239,0
2020_0271,2020,-0.9294629638615146,-0.0886139452531673,-1.9025065064432916,-0.09084039778612352,-0.8629886337915023,-0.7362648901421949,0
2020_0272,2020,-0.8818092853346992,-0.0886139452531673,-1.3049732187131,-2.151593533407956,-0.28737189259788654,-0.1856109348070501,0
2020_0273,2020,0.05188012012248855,-0.0886139452531673,0.22937571765010434,0.11365970674129877,-0.775092117644018,0.8488665360350706,0
2020_0274,2020,2.7769808321980434,-0.0886139452531673,0.1940063911682024,0.1473068853651801,0.121180019717887,-0.6987634188148159,1
2020_0275,2020,0.4987085672434559,-0.0886139452531673,-0.39367248436617164,1.2595417655715384,-0.03887331586207363,0.7886111192652209,1
2020_0276,2020,0.18358620953802252,-0.0886139452531673,-0.05740637910020774,-0.7417538130027731,-1.4016290029218337,0.8222293155603565,0
2020_0277,2020,-2.030976504555715,-0.0886139452531673,-0.5077030880619633,-0.5148774411304191,-0.6222942059604386,1.0549560947192937,0
2020_0278,2020,2.5448728124544275,-0.0886139452531673,0.3794813793513384,1.3369566760601905,0.7784353308518341,0.14054099491804029,1
2020_0279,2020,1.5679866260510888,-0.0886139452531673,-0.5821670161269179,0.15619002147527683,0.9722750346309994,3.2412590769767857,1
2020_0280,2020,1.0878506215430324,-0.0886139452531673,0.25537664356143686,-0.34986741229571616,1.200650506836889,1.054533696542082,1
2020_0281,2020,-3.307696859774933,-0.0886139452531673,-1.0547044368492713,-0.12765132003823143,-1.3018567407335033,0.32487762440682655,0
2020_0282,2020,-1.671564510216348,-0.0886139452531673,0.1656720898838191,-0.8141654224810845,0.3725281346762783,-0.8759244140817352,0
2020_0283,2020,-3.059383235305609,-0.0886139452531673,-2.036581974869657,0.14937684095781778,-1.0141686616379795,-0.09705912587414098,0
2020_0284,2020,-0.5327007641572277,-0.0886139452531673,-1.0845198815114734,-1.044732934187868,-1.1467415878252072,1.426326976900034,0
2020_0285,2020,3.016792657139248,-0.0886139452531673,1.675144659894898,-0.4051643606769604,1.185908989865962,1.7095346156262687,1
2020_0286,2020,-2.2969109892966904,-0.0886139452531673,-3.3812673401219207,-0.03387031899589388,-2.269208161900058,1.4783291004402292,0
2020_0287,2020,-1.1980292574807287,-0.0886139452531673,0.03378616793889977,-1.370370609661107,-1.4324275597783356,0.7851923067296196,0
2020_0288,2020,-2.2253915220079756,-0.0886139452531673,-2.182450572206437,-0.6579965425789789,-0.015141761046533642,-1.255660206295572,0
2020_0289,2020,0.8715152698632104,-0.0886139452531673,1.3319954934569345,0.3525405715204808,-0.5899375432496886,0.4871618178256701,1
2020_0290,2020,-0.7255052961346287,-0.0886139452531673,-0.753316850389256,0.6443017102336905,0.09405935754652468,-1.2414023780529977,0
2020_0291,2020,1.4614617381565875,-0.0886139452531673,2.084586391463845,0.12343517581680308,2.008909253087308,-1.4874711933807585,1
2020_0292,2020,0.23964804193101163,-0.0886139452531673,-0.44907561910645966,-1.3374297541061746,-1.0955642702589987,0.23915868457723857,0
2020_0293,2020,1.017767521297079,-0.0886139452531673,-1.377290491729981,1.1074487026973163,1.0334502139410482,0.5231994472697504,1
2020_0294,2020,-0.5006636675255108,-0.0886139452531673,-1.7847792471559913,-2.092182327086958,0.09526966788082128,0.9033770984808047,0
2020_0295,2020,1.597413412957782,-0.0886139452531673,1.13820512935328,1.3305195285875953,0.42656864956518425,0.49713624038609394,1
2020_0296,2020,2.2957780097442333,-0.0886139452531673,0.8050201138802131,2.6119104774674904,1.4942204164209452,0.5315859857427483,1
2020_0297,2020,1.0528423426700533,-0.0886139452531673,1.4776107297567704,0.5095378393062895,0.2630809638954627,-0.9846525849923764,1
2020_0298,2020,1.4504411624484173,-0.0886139452531673,1.7893665556697054,1.3951428190317254,0.41791816533345655,-0.10497668468466637,1
2020_0299,2020,1.3845011207010653,-0.0886139452531673,1.608451736429679,-1.7494353860385554,0.16053082854002101,-1.5071167856344878,1
2020_0300,2020,0.6639428851542128,-0.0886139452531673,0.7857250574455348,0.9610707995151594,1.0741177593558429,-2.0033691294001956,1
2020_0301,2020,2.162081534581753,-0.0886139452531673,-0.8463370111204804,0.6869577140737946,1.7263752420524396,0.7406427098430741,1
2020_0302,2020,-0.8497509944216358,-0.0886139452531673,-1.4554812488548172,-1.818497602410385,-0.9472903456937315,-0.7531243937909587,0
2020_0303,2020,2.0935546949055666,-0.0886139452531673,1.4163681481389552,2.081450469628532,-0.21699932792992255,0.8724985021430535,1
2020_0304,2020,3.036965653917645,-0.0886139452531673,-0.09044725255047759,0.6737563183761719,-0.06616545782945256,1.1083475778800387,1
2020_0305,2020,2.9493448012363035,-0.0886139452531673,1.6312747301215764,0.8225225129064125,1.1156795370964323,-0.6193173246231977,1
2020_0306,2020,-1.8749446898491353,-0.0886139452531673,-0.09160670273269556,-1.3771928747890712,0.6752931307154155,0.5903110945552991,0
2020_0307,2020,-1.1269476815658217,-0.0886139452531673,-0.8731330237041575,-2.9168158717650767,-0.485020000548482,-0.6611567286136416,0
2020_0308,2020,0.8763993107417873,-0.0886139452531673,-2.063779866312396,-0.13198644007696103,0.4904827594789979,-1.845878874626824,1
2020_0309,2020,-1.4766446838854446,-0.0886139452531673,-2.278088362711803,-0.03890651387978372,-0.18705282651977273,0.1233094044424584,0
2020_0310,2020,-2.099749449118865,-0.0886139452531673,0.8861891585560817,-3.109950646879972,-0.9915989084693971,-0.4708738797157607,0
2020_0311,2020,0.1200703091360511,-0.0886139452531673,-1.546537793028378,-1.7663153496157056,-1.1026281738913652,-0.44008901058713173,0
2020_0312,2020,-1.1363018496570372,-0.0886139452531673,-2.9841432231289957,-1.3997200562897638,-1.566767284556211,1.9753431178455254,0
2020_0313,2020,-1.7180291281044222,-0.0886139452531673,0.23524738831027237,0.7436218672915653,0.3267590753970847,-1.5258569827326718,0
2020_0314,2020,-0.306381428143623,-0.0886139452531673,-0.9866444084563272,-0.231396234503631,-2.831366333996531,0.38287113537147105,0
2020_0315,2020,-3.6706154097954116,-0.0886139452531673,0.10494048895772545,-1.5571705270530996,-0.1617126397765846,-0.9948072371447515,0
2020_0316,2020,-3.5141025948652898,-0.0886139452531673,-0.7230413247806347,0.3045136971155511,-1.1709959502380296,0.9082614092673243,0
2020_0317,2020,-0.7041613447802261,-0.0886139452531673,-0.5414408637878312,-1.7405158205011197,-1.1282725851612903,0.2984312361750658,0
2020_0318,2020,1.560468448117368,-0.0886139452531673,1.3630092477145166,2.0090998037340055,2.15385212489425,0.3793443491806136,1
2020_0319,2020,-1.2495536997392394,-0.0886139452531673,-0.302511688079,-2.358877245923016,-1.371304873760041,-0.9448896176022599,0
2020_0320,2020,0.17360389668145126,-0.0886139452531673,3.2774304485560983,2.0732578317891575,0.2559446767772719,-0.7655879132883234,1
2020_0321,2020,1.4767662891496338,-0.0886139452531673,1.971006335959188,0.5938663545290144,0.6956846088643758,0.9272505073458861,1
2020_0322,2020,0.503509410401342,-0.0886139452531673,-2.580339317845535,-2.0285042409412695,-0.46892209135020946,1.7707977217275628,0
2020_0323,2020,-0.6758003802041371,-0.0886139452531673,-0.5533384847210966,-1.217143613076314,-1.1534846258342957,0.48030781722418714,0
2020_0324,2020,1.6697065451428121,-0.0886139452531673,2.141480768103218,1.277344179720215,-0.45908714442870835,-0.8974207207714328,1
2020_0325,2020,1.0609460898950624,-0.0886139452531673,2.202700806536146,0.5052515694742878,0.10744145529458766,0.33893852246206824,1
2020_0326,2020,1.1054271481306062,-0.0886139452531673,0.5733950169409004,1.5539535059953238,1.8250670851716155,2.4274720443376094,1
2020_0327,2020,-0.6291978892000176,-0.0886139452531673,2.1649444451881275,0.41700611633593254,0.8598214313084092,0.1024228107189117,1
2020_0328,2020,1.7576404209211605,-0.0886139452531673,1.9277423995512053,1.620372393931358,1.1608698269630577,1.4618408593935994,1
2020_0329,2020,2.345483108481854,-0.0886139452531673,3.57251743696973,1.4422220620365995,0.5908630342615699,-0.740329365838712,1
2020_0330,2020,-3.075619327170615,-0.0886139452531673,-1.7500017362485116,-1.0609230547079351,-1.3275981569386157,-0.04208605163638678,0
2020_0331,2020,0.838583107693184,-0.0886139452531673,0.49259942359957476,0.5586176876340502,2.142055559900329,0.6195652061255426,1
2020_0332,2020,-2.657464632233422,-0.0886139452531673,-1.3061190484599539,-0.8484592042347339,-0.9505534856408646,0.3973283082628641,0
2020_0333,2020,0.5346488051912365,-0.0886139452531673,0.5097778499612247,1.5502537430336991,0.44530409637829854,-0.7663886801111608,1
2020_0334,2020,1.5534816268219003,-0.0886139452531673,0.10997925023639699,3.0617991527316084,1.6769138930842717,-0.8095174571305996,1
2020_0335,2020,-3.5844021549884744,-0.0886139452531673,-3.762675505673743,-0.06057957820181903,-1.3778882870939082,0.9882844031026585,0
2020_0336,2020,2.114270438357064,-0.0886139452531673,0.5653005262768659,1.9759899498158413,0.32421812498080266,1.191550812650145,1
2020_0337,2020,-0.7461449300663178,-0.0886139452531673,-0.6306419403000956,2.0885121948602836,-0.7918026527864817,1.51214355812192,0
2020_0338,2020,1.2488974119630876,-0.0886139452531673,0.5067781544940893,1.5159584767678442,0.8002160832705438,1.8039304832528678,1
2020_0339,2020,-3.9807085099845416,-0.0886139452531673,0.9353811835291097,-0.5153564886882978,-0.5923109216774285,0.13461943632259646,0
2020_0340,2020,0.5035813739976104,-0.0886139452531673,1.0133758127158625,1.7040150743216542,2.4733352715163903,-0.3111992442315934,1
2020_0341,2020,-0.26709806589730345,-0.0886139452531673,0.29102905518413547,-2.008965977588253,-0.5310014029181037,1.3509909387784689,0
2020_0342,2020,-1.2779942807285725,-0.0886139452531673,1.2614204127299684,0.5560983635812438,-1.1024431702006403,0.7130692818515867,1
2020_0343,2020,1.1524765878064809,-0.0886139452531673,1.8264073098932578,0.493830733307666,1.0610391547452487,-0.9824552586675914,1
2020_0344,2020,0.31999922153274096,-0.0886139452531673,1.2792415539335622,1.6476139772195617,0.8303039955916791,-1.0336356655189114,1
2020_0345,2020,2.3045703015848367,-0.0886139452531673,2.368784631903563,0.8258254377788014,0.8347600194811662,0.4919302013563091,1
2020_0346,2020,0.8248860478565386,-0.0886139452531673,1.0559393501324008,1.1382234254743029,0.9967578475169366,-0.17727466148399962,1
2020_0347,2020,1.9039540207356116,-0.0886139452531673,1.4961207080887857,2.0874546201484643,0.7770573698601605,-0.02642995474069754,1
2020_0348,2020,-0.9345395808309069,-0.0886139452531673,-0.6336670663499563,-0.13684926129586117,-0.8420896744443113,1.0725333647101947,0
2020_0349,2020,3.33622583973002,-0.0886139452531673,0.7117145418726811,0.838278996958753,1.290435367816629,0.7590371449850357,1
2020_0350,2020,-1.7029419436753703,-0.0886139452531673,-0.5950176810753232,-1.6699950968782225,-1.2336646377556009,1.3298732484184317,0
2020_0351,2020,1.8760443696226115,-0.0886139452531673,3.234386246197682,2.1352747316531886,0.04185093148865953,-1.9315361063733665,1
2020_0352,2020,-2.985055479127436,-0.0886139452531673,-1.270396942095442,-0.22610881909013425,1.619025162097913,0.2533979172212008,0
2020_0353,2020,2.690413563293744,-0.0886139452531673,1.4194648928532483,-0.6062568182953822,0.22731404497501329,0.6946885223972068,1
2020_0354,2020,0.7394911519286353,-0.0886139452531673,2.257778950869443,0.6868460610917192,0.8801143299680613,-1.526585856687684,1
2020_0355,2020,-2.0607541640877454,-0.0886139452531673,0.14025328094428025,-0.8344845379832376,-1.996528200700294,-0.6548956413099721,0
2020_0356,2020,1.4777522051507892,-0.0886139452531673,1.0117164177193652,1.7788297171210314,0.8931747320411376,-0.840485162328919,1
2020_0357,2020,-0.06288434533984955,-0.0886139452531673,-1.3833887029573617,1.9101014949397712,0.05341955944853192,0.021698171059916185,1
2020_0358,2020,1.728770028928938,-0.0886139452531673,1.5167028186484663,1.2839060011754735,0.44602164571999126,1.6278539686940638,1
2020_0359,2020,-0.5325337270749892,-0.0886139452531673,-3.2194742586230527,-0.414752468641144,0.03605173261689903,2.0225894046649007,0
2020_0360,2020,1.7929338234972916,-0.0886139452531673,2.4699372309412313,1.0641368023781537,1.177607654702459,-0.8142875530732823,1
2020_0361,2020,-0.08889756417872507,-0.0886139452531673,1.1694738711932606,0.3261483118194394,1.2547276196598554,0.5265572504935742,1
2020_0362,2020,-1.6238092943296596,-0.0886139452531673,-0.0003259801280109942,-1.261264391041254,-2.2169638707134904,0.5587978521423151,0
2020_0363,2020,-0.7579710970205094,-0.0886139452531673,-1.9021111381810512,-0.9810088133598918,0.6695161358632102,0.38762577151474775,0
2020_0364,2020,-3.377988765965908,-0.0886139452531673,-2.5525074733000546,-1.03467925001859,-1.7535050487535002,0.39897963473923403,0
2020_0365,2020,0.42523398618228603,-0.0886139452531673,1.2607543841411673,-0.8855729044434706,2.022848651435092,0.30374250245132806,1
2020_0366,2020,-0.62345639591848,-0.0886139452531673,-1.033603439956142,-1.397483334929431,0.01723509278518893,1.6875701208064198,0
2020_0367,2020,1.7700954341972865,-0.0886139452531673,0.5084591738428343,1.056205653089152,1.2618661934277442,1.1024665143680576,1
2020_0368,2020,1.9119715821267538,-0.0886139452531673,1.0846612807327638,0.718630008094299,0.11601217527329483,-1.0601538975982672,1
2020_0369,2020,0.35949480762331154,-0.0886139452531673,1.76743589203226,-1.2468237955115857,-0.6787281241443817,0.7957210808805493,0
2020_0370,2020,1.9685527785062025,-0.0886139452531673,1.8345255473690578,1.4879913708045873,0.4232628714841122,0.8923733745114522,1
2020_0371,2020,2.1578880104331795,-0.0886139452531673,2.049498605863319,-0.07895718704863386,0.8232316572042335,0.3149672871517889,1
2020_0372,2020,1.210745527218326,-0.0886139452531673,-0.1560631084466444,-2.628042213951211,-0.9998978072684479,1.1314243705027294,0
2020_0373,2020,-1.7138045580904908,-0.0886139452531673,0.4794621438521929,-1.3481697908366748,-2.4308884052579267,0.18807403429903718,0
2020_0374,2020,-2.297882763618495,-0.0886139452531673,-1.190071672900745,-0.23588559449821034,0.09742732078767045,0.20046772107625074,0
2020_0375,2020,-1.0722036017528673,-0.0886139452531673,-3.0547613076752937,0.6875530394866385,-0.864885725239489,0.1212405446770433,0
2020_0376,2020,-1.061008970611105,-0.0886139452531673,-1.1885861330060097,-0.21787176090525995,-1.1878403196017897,-2.018244085799669,0
2020_0377,2020,0.9732846080537918,-0.0886139452531673,1.8117357099965017,-0.4682637598688473,0.35173821373618586,-0.080398393905874,1
2020_0378,2020,-2.5323970195548475,-0.0886139452531673,-1.9698003951150738,-1.2323672393767713,-0.5132323389065855,-0.6682505744545707,0
2020_0379,2020,0.809844422090078,-0.0886139452531673,-1.1763659504893305,-0.7433656189184705,-1.5150050706355778,-1.1864479781925572,0
2020_0380,2020,1.826843470388023,-0.0886139452531673,0.3082302569976869,1.1775911169235922,-1.0041404467792348,1.4340182847395226,1
2020_0381,2020,0.7677146185979243,-0.0886139452531673,2.5020292518431306,1.5393045529428742,1.125703842566621,0.5042075185344578,1
2020_0382,2020,2.4159303022795986,-0.0886139452531673,1.7494570154065636,0.08295105353923926,1.2152823983654575,-0.029831080944547807,1
2020_0383,2020,1.3908548484386656,-0.0886139452531673,1.6515406206439591,1.0649430875507426,0.6402945402578937,-0.5648033511024263,1
2020_0384,2020,-1.7528814463178313,-0.0886139452531673,-0.37839868687902867,-0.579677170223871,-1.7183223001520072,0.2961695846287402,0
2020_0385,2020,-0.9377271280855067,-0.0886139452531673,-1.0372492525521269,-0.17432904669634053,-0.7288515672885718,0.9914360933175131,0
2020_0386,2020,0.20811773176831005,-0.0886139452531673,1.1975562825275035,0.19428183338720795,-0.371625894650871,-0.8269658435469408,1
2020_0387,2020,1.8526272039171725,-0.0886139452531673,-0.18518458053231757,0.654843132757102,-0.021784477350127496,-0.0048283722766100075,1
2020_0388,2020,3.412954807731752,-0.0886139452531673,-1.1864419787505676,-1.7038176800733402,0.1994416507966711,0.8680664988511725,1
2020_0389,2020,-1.0338223378026892,-0.0886139452531673,-0.849918869654976,-1.6214619675777742,-0.12484874328675516,-1.93600112908413,0
2020_0390,2020,1.1237878962165355,-0.0886139452531673,1.3239902562721444,0.47558510702895695,0.5099112396504664,-0.05756976240540404,1
2020_0391,2020,0.992894719571758,-0.0886139452531673,2.2092645684253776,-0.01958450816744306,0.44170687057883157,-0.4292913705475386,1
2020_0392,2020,-1.9103399733451094,-0.0886139452531673,0.5713358160823676,-0.8343878497673483,0.763754012328997,-0.13382985775503398,0
2020_0393,2020,1.246037321952219,-0.0886139452531673,2.569998484998947,0.9440545679547317,1.0819699977509711,-0.501628556371903,1
2020_0394,2020,1.122193467241728,-0.0886139452531673,0.0019764067061222024,-1.2592138775776114,1.0711956083798608,0.1376246052072956,1
2020_0395,2020,-0.5836885589254333,-0.0886139452531673,-1.3522650349497694,-0.7844920306982435,-1.09576059616702,1.923627220422718,0
2020_0396,2020,-3.233209103208983,-0.0886139452531673,-0.5196657041186205,-1.9283241307890275,-1.2770973341094223,-0.323922473928551,0
2020_0397,2020,2.362000050412134,-0.0886139452531673,3.5319046777421774,1.4856889591905151,-0.9491251520137205,0.29171100909410663,1
2020_0398,2020,-1.8796865251425612,-0.0886139452531673,0.480099203713916,-2.2818512477286657,-0.025007574461153405,1.9947464184091128,0
2020_0399,2020,-1.1230522143046278,-0.0886139452531673,0.11939716199838024,-0.9699934614690598,-0.4413522353948967,-0.5500155783725553,0
2020_0400,2020,-2.6269879102008638,-0.0886139452531673,-1.3877879555492907,-1.2831633288865059,-0.9433327945707307,1.814675348928969,0
2020_0401,2020,-0.1713689331505639,-0.0886139452531673,-1.8831996311551245,-0.6968981150496696,-0.9097813614690047,0.005323006627107235,0
2020_0402,2020,2.745634960171873,-0.0886139452531673,1.7889078833832395,1.1246972776513469,1.388915409808844,1.7818962258649262,1
2020_0403,2020,2.4595905257500736,-0.0886139452531673,-0.10066126423436006,0.7448358249785456,-0.4437680584638825,0.7502011249463191,1
2020_0404,2020,-3.0147547757935396,-0.0886139452531673,-1.2384363509803027,-2.5362723140442447,-1.2719050652430446,0.3071083625824217,0
2020_0405,2020,2.329121071066053,-0.0886139452531673,0.8852220509980774,-0.47720796346103156,-0.10904229031402438,-0.06563068188658654,1
2020_0406,2020,1.9048550876357089,-0.0886139452531673,2.592912089122808,0.416113060907781,2.2172074259893972,-0.6240414398792106,1
2020_0407,2020,-3.105271247132568,-0.0886139452531673,-1.3546973029596776,-1.008279883929587,-0.09947557451735944,0.07579154996435276,0
2020_0408,2020,1.4757026162291844,-0.0886139452531673,-1.4392496385726155,0.391752052800883,-0.9621541129082914,0.8973614590200242,1
2020_0409,2020,-1.1354655109667375,-0.0886139452531673,-0.4955553523375317,-0.37478806942053444,-2.0110093013119807,-0.013111430996670575,0
2020_0410,2020,2.0560752738231507,-0.0886139452531673,0.3009781468960736,0.7207790807883163,0.694123461314011,-0.3166228050618577,1
2020_0411,2020,1.6772613669488556,-0.0886139452531673,1.0426310244377468,0.03498727522048972,0.4220478303420603,-0.2507825341777729,1
2020_0412,2020,1.7912314168473797,-0.0886139452531673,0.9132952991578763,0.7219037070120906,-0.2595057664615107,0.9924766135830533,1
2020_0413,2020,-0.026388607746904436,-0.0886139452531673,-1.2737039958177683,-0.7741401636834476,0.7558097901203915,1.2251614550998557,0
2020_0414,2020,2.72603390991068,-0.0886139452531673,1.790340581784704,1.3248847188245845,1.0500319311860633,-0.6671505137683704,1
2020_0415,2020,-4.367054953782743,-0.0886139452531673,-2.532864878352707,0.8783791319931293,-0.4201469417095268,-0.6685878574474897,0
2020_0416,2020,-1.8174385548376821,-0.0886139452531673,-1.5170142249543601,-1.6689093400034194,-1.3536119593857712,0.3793589196671123,0
2020_0417,2020,-1.6646510275439512,-0.0886139452531673,-0.31596208688261873,-1.0734786615904004,-0.22218068225759807,1.5275320647572548,0
2020_0418,2020,-0.2520985727269711,-0.0886139452531673,0.38591522465563177,1.4261239468194264,0.49565379121439057,1.14599030831256,1
2020_0419,2020,-1.4058169417676878,-0.0886139452531673,-2.608806709269972,-1.0234229592008153,-1.0266745389659995,-1.2518522121799116,0
2020_0420,2020,2.7487577724105066,-0.0886139452531673,1.668555343256736,0.4993818540113468,1.288801567860208,-0.2640759699918621,1
2020_0421,2020,0.4134321404094097,-0.0886139452531673,2.123094630441539,-0.5492571763442435,-0.5031980520482398,-0.9306035546895123,1
2020_0422,2020,-1.1635990613101277,-0.0886139452531673,-1.0449952076430062,-1.5108345590530154,0.4776222878807861,-0.26751252191525826,0
2020_0423,2020,-2.4158234772964375,-0.0886139452531673,-2.9608455984695325,-2.073702412717801,-0.6540886282208994,1.6044099960353544,0
2020_0424,2020,-2.1719120236796767,-0.0886139452531673,-0.2940302533011838,-2.726606681123778,0.22475536702433951,-1.4226006487830172,0
2020_0425,2020,2.977393634170035,-0.0886139452531673,-0.659887881419688,0.20432115832941355,-0.060335805295054716,-1.6188652932801901,1
2020_0426,2020,0.957442179888175,-0.0886139452531673,1.3087992768481658,-0.047091720766454515,0.06146790077744555,-0.8285541534336024,1
2020_0427,2020,-1.0377875109893753,-0.0886139452531673,-1.8874638247421598,-0.41621345470705184,-1.7295201772798499,0.2873106025759928,0
2020_0428,2020,-0.3712181160609871,-0.0886139452531673,-0.15983928576696527,1.6010918374142937,1.0002381381318712,0.6207548206407568,1
2020_0429,2020,0.36231756139488014,-0.0886139452531673,-1.4419100170796901,-1.9038792895808747,-0.7472133584654032,0.4374484348615332,0
2020_0430,2020,2.102652446306499,-0.0886139452531673,0.8167024435727401,0.7397713694368788,0.4284705446150556,1.1756854032310164,1
2020_0431,2020,1.3175001573497382,-0.0886139452531673,0.35579174961355176,-0.8582426621125354,-0.011255354308223532,-1.7630855942339292,1
2020_0432,2020,2.075546509999895,-0.0886139452531673,1.5887032782151507,0.5056600498173058,-0.21327701578467392,1.188336538358937,1
2020_0433,2020,0.09018057105218968,-0.0886139452531673,0.5539306215411662,1.3989819007023456,0.7612128796234753,-0.3120953200462915,1
2020_0434,2020,2.6825307417526574,-0.0886139452531673,1.980190871671822,1.8249378896141026,0.42753057632911995,0.7314943098048676,1
2020_0435,2020,-1.8239847754964302,-0.0886139452531673,-0.7188268343565205,-1.7130470816913137,-1.3484855938866098,-1.3234254267632044,0
2020_0436,2020,-1.7040695150484346,-0.0886139452531673,-1.697557206596308,0.05185486052751975,0.4376715889052877,0.004956697009070176,0
2020_0437,2020,-1.9916556149654845,-0.0886139452531673,-1.865939883832286,-2.5156919215134717,-0.8658605425541872,0.23627077058901358,0
2020_0438,2020,0.9193485972544153,-0.0886139452531673,-0.6474962990474387,-0.24762779914379252,1.8160343471415403,1.1557510374984181,1
2020_0439,2020,2.1946706116284087,-0.0886139452531673,1.2907331778668225,1.7096618656378761,0.37339825385384273,-1.5852546226077653,1
2020_0440,2020,1.755906850104223,-0.0886139452531673,0.6454124527486419,2.6711212285632473,0.9958210270389255,0.03075254853490416,1
2020_0441,2020,2.15174814140304,-0.0886139452531673,-1.3721955280635143,1.4934319881836955,0.7556191869949321,-1.085235291142143,1
2020_0442,2020,-1.5087946894855715,-0.0886139452531673,-1.5357148727694,-1.0403423865340125,-2.1580978476144983,0.5054960442082751,0
2020_0443,2020,2.013199811077181,-0.0886139452531673,0.09896597074504798,-1.1951837465222086,1.9426706450111304,0.7772165364561262,1
2020_0444,2020,-1.9188487439250383,-0.0886139452531673,0.5756775921706603,-3.0224470560434793,-0.9081228856259328,1.2871702425080878,0
2020_0445,2020,0.7297318414095484,-0.0886139452531673,-2.7027786118933097,-0.870590463104131,-0.2028654242936316,-0.5350294543083745,0
2020_0446,2020,-0.06793041643049857,-0.0886139452531673,-0.4413507997340538,0.6419373304288254,0.1983770220307525,0.9272264856887904,1
2020_0447,2020,2.7609373235629846,-0.0886139452531673,2.1099696431057,-0.10583518215211796,0.6681244947361883,1.3609015874770531,1
2020_0448,2020,2.8679074507209705,-0.0886139452531673,2.356763157463963,1.0655325808300506,0.10651811206131621,-1.6432469698554668,1
2020_0449,2020,-2.352158805965594,-0.0886139452531673,-1.7449829387256415,-0.8848686324921904,0.18879878621071475,0.6123449200984505,0
2020_0450,2020,3.7292736105559734,-0.0886139452531673,0.3679141771910891,1.9444158685402726,1.0491274779605406,0.958511253780106,1
2020_0451,2020,-0.5045097170546818,-0.0886139452531673,-0.38376460344668717,-0.8633977169872993,-0.5063571786552895,-0.2587263863874374,0
2020_0452,2020,2.4711390068229115,-0.0886139452531673,-1.3270997969453102,2.2283943683343845,1.8865473176839833,-1.2107735775251085,1
2020_0453,2020,1.5280221870258768,-0.0886139452531673,-0.8611936845055561,1.0079940295488135,1.7250730375192185,0.9429557561096632,1
2020_0454,2020,-1.7172261582186765,-0.0886139452531673,-1.2807334008507119,-1.115334994807336,-0.18772597109097175,-1.1995088275577568,0
2020_0455,2020,-1.7094088270396082,-0.0886139452531673,0.549890566129126,0.06431218624718227,-1.9373818776299703,-0.17835143451090235,0
2020_0456,2020,-1.1094694036804829,-0.0886139452531673,-1.4357300881667396,-1.9784408800414344,-1.356543295613347,-0.040124057803329026,0
2020_0457,2020,2.901186275033896,-0.0886139452531673,1.1009367917351547,3.8144474532661614,-0.003110508809082191,0.7155380517039994,1
2020_0458,2020,-1.3186857821385805,-0.0886139452531673,0.13378927256401196,-0.6247425218332642,-0.21797304509936063,-0.6266315595125326,0
2020_0459,2020,0.5885563768627097,-0.0886139452531673,3.106884733278146,1.380829252837673,0.9365215534000412,-0.684583688827855,1
2020_0460,2020,2.32442706238498,-0.0886139452531673,0.42315152685168744,1.5250959739725976,-0.3124099469044758,0.09891547876311091,1
2020_0461,2020,2.421150746394792,-0.0886139452531673,0.983163276266574,2.8771364753316426,0.649004629591018,1.0063904776197492,1
2020_0462,2020,-0.8453404715522139,-0.0886139452531673,0.8220552213428425,-0.20749258832739337,-1.9952898685750229,2.287450000653147,0
2020_0463,2020,2.2454989065249826,-0.0886139452531673,-0.5221992751914284,-0.6050559790039236,0.7574748095441921,-1.5074811997787745,1
2020_0464,2020,-1.7709281301578081,-0.0886139452531673,0.02758107055382175,0.4034703847675043,-2.124298003189748,0.3153420177865781,0
2020_0465,2020,0.5710108328694204,-0.0886139452531673,-0.01831553236125827,0.6591034205549827,1.2230619947076904,-1.0865350262342919,1
2020_0466,2020,0.6318065693592202,-0.0886139452531673,1.1024723671031567,1.1071550728393236,1.1023701008272588,1.0188112432067427,1
2020_0467,2020,-0.13546324845785795,-0.0886139452531673,0.7573809525997257,-0.2792539721752665,2.3263587946775055,-0.938544547309233,1
2020_0468,2020,1.7369486115459498,-0.0886139452531673,0.04198839929877074,1.5262020181238958,1.4782986315978741,-0.6746482181823238,1
2020_0469,2020,-1.5834487832265935,-0.0886139452531673,-1.983101927658275,-1.6513742900675523,-1.1383314046580022,-0.5892708590639962,0
2020_0470,2020,1.0600122954702913,-0.0886139452531673,1.2764143642537544,1.1001696379934738,1.454456074619589,-0.07619893871980389,1
2020_0471,2020,-4.45561882434507,-0.0886139452531673,-0.004460671837317909,-1.284099005360783,-1.918131104756143,0.32319759685870747,0
2020_0472,2020,-2.7473174696941687,-0.0886139452531673,-1.1297362031885032,0.9250128017358519,-1.5699780829448684,0.4837013936085136,0
2020_0473,2020,-0.3791593485968332,-0.0886139452531673,-0.9298868412667837,0.9822603001455896,-0.533485974339912,-0.0057675461827832435,0
2020_0474,2020,-2.164626000063131,-0.0886139452531673,-0.42882593370895283,-0.9534868297852586,-2.526599730198342,-1.3298910224405813,0
2020_0475,2020,-1.1394083223431586,-0.0886139452531673,-1.9716187730129597,-0.9360222886311452,-0.8297286279471064,0.7277861503101892,0
2020_0476,2020,-2.8906854299752562,-0.0886139452531673,-0.260307491587077,-1.3734429663495151,-1.6162106336947366,-0.05295866366302793,0
2020_0477,2020,-0.061294517640768875,-0.0886139452531673,-0.18065690294025305,0.10600629150278618,-0.7189543558773892,1.1617347900146988,0
2020_0478,2020,1.3559723399453236,-0.0886139452531673,3.60362629875041,0.6710801296666229,-0.06218908643781074,-0.7077387794799367,1
2020_0479,2020,1.7900403964835352,-0.0886139452531673,0.6238958094404177,0.5786627253543006,1.139398509964151,-1.6022747273509945,1
2020_0480,2020,0.8257797918816849,-0.0886139452531673,-1.4580818016681276,-0.021407136335035548,-0.7845380610660884,-0.03402600268307527,0
2020_0481,2020,0.016440100589403706,-0.0886139452531673,-0.23103412842625448,-1.5382990953166495,0.32029273350506443,1.295952688284265,0
2020_0482,2020,-1.8065656212870578,-0.0886139452531673,-0.18089583108786167,-1.0377550344485307,-0.7946123727187023,0.1609421366160508,0
2020_0483,2020,0.9067798151296408,-0.0886139452531673,0.464912846623288,-0.5813107815109928,0.18508575603082697,-0.19966979917285654,1
2020_0484,2020,-1.8255450115195317,-0.0886139452531673,-1.403162676930049,-0.2958096548768331,-0.9975086846618264,-0.8703470176574332,0
2020_0485,2020,-0.9901017515234644,-0.0886139452531673,-0.4588691617819596,0.9408669391818687,-1.8753891176133852,1.7577664666808224,0
2020_0486,2020,-1.605224134250871,-0.0886139452531673,-1.8275842407346614,-0.27877462720020807,-0.475090196235648,-1.0296025948847793,0
2020_0487,2020,-1.8952441450034716,-0.0886139452531673,-1.410533988015015,0.461799167547305,-0.3281198029477822,-0.72539425762824,0
2020_0488,2020,-0.03281874929095774,-0.0886139452531673,-0.9104072326315653,-1.8461021361773309,1.1753568293542542,0.5700341960840228,0
2020_0489,2020,1.385790108222163,-0.0886139452531673,1.9959386848222582,1.2363242820282008,0.3025312075164762,-1.8560206898867897,1
2020_0490,2020,3.7995890930373193,-0.0886139452531673,0.3954013838204592,0.05684007563061044,0.5857643410598539,1.2745906653813397,1
2020_0491,2020,1.590742563752173,-0.0886139452531673,-0.842384462030672,0.7722344544186571,0.3393931804494275,0.6241931142173556,1
2020_0492,2020,3.2853183942247277,-0.0886139452531673,-0.9165974675182109,1.7722114773525048,0.9696909609049793,0.8992310718111097,1
2020_0493,2020,1.8573194227106269,-0.0886139452531673,-0.2594130667061334,1.1018206131032986,1.105352427583691,0.5581170119496541,1
2020_0494,2020,-0.5370394267505522,-0.0886139452531673,-2.3131677181999373,-2.4126410226012216,-0.8426998755428087,-0.16112351745637007,0
2020_0495,2020,0.7753889484822756,-0.0886139452531673,0.845389241380091,-0.31502910553775343,1.6690607334984258,-1.063148710155423,1
2020_0496,2020,0.6462407774125882,-0.0886139452531673,-0.18888015359760502,-0.38116393149077377,0.306416396996178,-0.14007544122496063,1
2020_0497,2020,-1.0402940449850124,-0.0886139452531673,-1.702754959821204,-0.5085474100604097,-0.011060761687430355,-0.9752363117526348,0
2020_0498,2020,2.488553242465315,-0.0886139452531673,0.22591411501795022,3.0638945356566682,1.230798282912866,0.4861553100763835,1
2020_0499,2020,-1.4597434979995372,-0.0886139452531673,-1.4405078608479935,0.36245824400021287,-0.8096239359191573,0.8067798305481017,0
2020_0500,2020,0.21360666491630287,-0.0886139452531673,2.322504331523122,-0.8959851991460643,0.5480506873942836,1.4768086311982076,1
2020_0501,2020,0.13974163371067294,-0.0886139452531673,1.6619475894305167,2.4210759380697837,2.741334206985096,0.3717676405528632,1
2020_0502,2020,0.07286359781375884,-0.0886139452531673,1.0161294152760039,1.9364004170146472,0.14639307940633647,0.9245753565951862,1
2020_0503,2020,-0.267622112939381,-0.0886139452531673,0.538973719419162,-0.5452999455287577,1.0383465415747317,-0.2971447372301422,1
2020_0504,2020,1.6094853594470875,-0.0886139452531673,0.5667673433769789,0.6967983832895025,0.199824743806294,-0.47827713800819477,1
2020_0505,2020,2.6250439217080253,-0.0886139452531673,1.3277464699519494,2.0955224114958098,2.2284965988970447,0.47367189081680144,1
2020_0506,2020,1.4865842130751912,-0.0886139452531673,1.5841690733522902,1.5504335109347853,1.509461063039363,-0.3864728727169088,1
2020_0507,2020,-3.7604147573378524,-0.0886139452531673,-1.9076175061006004,-2.3090950523879856,-1.3426799030729153,0.2691857888276577,0
2020_0508,2020,1.3092395396654513,-0.0886139452531673,1.0364807556142315,1.6107421557961943,1.2100759947449828,-1.061192189335421,1
2020_0509,2020,-1.662798996632607,-0.0886139452531673,-3.031619568663027,-3.1375005960805877,-0.5938434229787557,-0.8816276824763011,0
2020_0510,2020,0.5959987502254394,-0.0886139452531673,-0.788286215829403,-1.2228221757572113,-1.213299809579791,0.6354093010182902,0
2020_0511,2020,-2.9571379129195563,-0.0886139452531673,-0.23785075804131395,0.13795676940004875,-0.1934686262174614,0.8866900754060961,0
2020_0512,2020,1.1093223974008044,-0.0886139452531673,0.7199313731191246,1.01839421557132,1.111444312883528,-0.9856561689666805,1
2020_0513,2020,0.20585268054456418,-0.0886139452531673,0.8165269961401054,-1.498937549961946,-0.6274410288912382,0.6706143105064207,0
2020_0514,2020,-1.0500216586534519,-0.0886139452531673,-1.8812384474360504,-0.11065374622765078,-0.8335357689938631,-0.5327356730352747,0
2020_0515,2020,-0.9366869264835753,-0.0886139452531673,-0.7825595846967387,-0.025248184913418514,-0.45515640592027906,0.016505176200309918,0
2020_0516,2020,-1.3854155629761218,-0.0886139452531673,-1.0358247466659556,0.3100396928669502,-0.6164898708060325,1.416944415790647,0
2020_0517,2020,-1.1700564613427353,-0.0886139452531673,-1.1002976674434084,-0.12565757155361268,-0.7527253335799862,0.8074872340229485,0
2020_0518,2020,2.2776095302785357,-0.0886139452531673,0.8856778319952524,2.0813747939371465,0.28718726720994925,0.7958719880221928,1
2020_0519,2020,-2.309486318892766,-0.0886139452531673,-0.8928949699905283,-0.2670914425624654,0.555012992609994,1.9087903584569665,0
2020_0520,2020,2.3780585789082,-0.0886139452531673,1.8479587434636997,1.265528649116472,-0.04033595467883764,-0.7038793410497978,1
2020_0521,2020,0.12699698311446084,-0.0886139452531673,2.3777362362747443,1.089508999763814,1.142108975103796,-0.9858749749925457,1
2020_0522,2020,-1.171632027168462,-0.0886139452531673,-1.0022502445041575,-1.237259719097402,-1.0561925938411463,-0.7221222702285907,0
2020_0523,2020,-1.321259036713673,-0.0886139452531673,-0.18468392782836685,-2.2123682930597255,0.6076378155594399,-0.25450105340661505,0
2020_0524,2020,0.8837069118078921,-0.0886139452531673,0.2982330537332175,0.04468849118019125,0.07721397022092749,-2.3545506142918935,1
2020_0525,2020,-1.5226852753256468,-0.0886139452531673,-0.234044547273767,-1.2820144819352097,-1.3882106094082658,-0.20742823669681038,0
2020_0526,2020,-2.122540152665553,-0.0886139452531673,-1.7619915238269903,-0.7585478403975707,-1.5758544506094603,-0.5445707318949119,0
2020_0527,2020,0.42829867313825565,-0.0886139452531673,2.090659936088132,2.440812598004263,1.0587720407604884,0.783759767397799,1
2020_0528,2020,1.1463852583863556,-0.0886139452531673,3.2106408773932396,0.9582027721244875,-0.29844052765491347,0.35241937901004006,1
2020_0529,2020,0.3960113646283385,-0.0886139452531673,0.8779161120286082,2.003476290877664,0.417177204193787,-0.600696627769337,1
2020_0530,2020,-1.177202535906752,-0.0886139452531673,-3.1925434908074086,0.07931565643212068,-2.521892658283428,0.5899608453629039,0
2020_0531,2020,0.3499145058476365,-0.0886139452531673,0.451927066755177,0.7685532023112089,0.9923370833024725,0.7232630598237696,1
2020_0532,2020,2.2119770229910514,-0.0886139452531673,2.2318751342893033,1.594690211370184,0.39982811299498994,-0.7685457897914107,1
2020_0533,2020,-2.6814790679288203,-0.0886139452531673,-0.4469232129747551,-1.2435280417248615,-1.9904453951454826,-0.49302425538241845,0
2020_0534,2020,0.9337050844189937,-0.0886139452531673,1.2489135986750295,2.322135894078477,1.668487522379247,-2.2253631870979826,1
2020_0535,2020,-2.124603408215179,-0.0886139452531673,0.008668355954839058,-0.3641566617340678,-1.8461335187079515,-1.0906599743692849,0
2020_0536,2020,-0.17485327112516114,-0.0886139452531673,-0.515546560751578,-2.1904837546883553,-0.16244504797742776,-0.7424695604235784,0
2020_0537,2020,1.8302899456165918,-0.0886139452531673,2.217725187451136,1.1615246521538467,0.23916734080975646,0.07416617660602177,1
2020_0538,2020,-1.7117338025443942,-0.0886139452531673,-0.08057632335301446,0.6481121618238797,0.4812571023163408,-0.9453826793598152,0
2020_0539,2020,-1.0012805589302767,-0.0886139452531673,0.5217004527369589,-1.1812310345467012,-0.20035956885908304,-0.513451987049109,0
2020_0540,2020,-0.6071923473296881,-0.0886139452531673,1.3587960839062543,1.447715030095068,-0.006438296699222513,-1.225330681582599,1
2020_0541,2020,1.4568664103590925,-0.0886139452531673,1.9052594014939546,1.5458788377391453,0.06633395823175495,0.17111389853127063,1
2020_0542,2020,3.4975141778047627,-0.0886139452531673,0.6928729269142146,-0.036622899164600486,1.2844201641794482,0.4257145945849076,1
2020_0543,2020,1.6323465064026725,-0.0886139452531673,0.3985391884409941,1.510707949213514,0.5900974954318666,0.40236534841982236,1
2020_0544,2020,1.5679131691693355,-0.0886139452531673,2.706767640418973,-0.3938351520346257,0.6645259943829076,0.01236113190525933,1
2020_0545,2020,-0.9518716203578039,-0.0886139452531673,-0.783795323677312,-1.625624106401396,0.21779108941767833,-1.5410729965013943,0
2020_0546,2020,-0.6043947566856545,-0.0886139452531673,-0.195119434137621,0.07572296749419194,-1.3989510986959652,-0.6199536638928509,0
2020_0547,2020,-3.4974666928898595,-0.0886139452531673,-0.8762599855886098,-0.643243709691642,-0.7269649822596365,-0.4073066723184845,0
2020_0548,2020,-3.182326481791027,-0.0886139452531673,-1.5865156509199643,-1.3044778077465269,-0.03629776507815521,-0.4032953129206253,0
2020_0549,2020,1.7102912910861465,-0.0886139452531673,1.0109828925824014,1.4464610212451874,1.4472939907084803,0.07498121798983637,1
2020_0550,2020,-2.2148765618975097,-0.0886139452531673,0.4359940177677142,-1.0600922477551316,-0.927690134016538,1.4255413723710189,0
2020_0551,2020,-0.18797473778008578,-0.0886139452531673,-0.444759925720576,-0.9874214976481668,-1.0311247046821266,0.8120962126845997,0
2020_0552,2020,-1.815174389885224,-0.0886139452531673,-2.711473159730459,-0.34318147327986237,-2.1910523700167452,-0.9875177798486946,0
2020_0553,2020,-3.4345307357131176,-0.0886139452531673,-1.2152444565761547,-1.727367740659132,-1.6449959941321568,0.6784028752966336,0
2020_0554,2020,0.231986083156003,-0.0886139452531673,2.7822937927047118,1.0403364055546906,1.054687381259787,0.6403023676657362,1
2020_0555,2020,-4.249676019630575,-0.0886139452531673,-1.2137968618499562,-1.312268194606653,-0.910305751153789,-0.8060674729515649,0
2020_0556,2020,-1.7341255372829125,-0.0886139452531673,-2.8004786917341806,-2.5856033746002556,-0.740058337147019,0.848865922635439,0
2020_0557,2020,-1.6883841272643834,-0.0886139452531673,0.8930488854225436,-1.9204557562492997,0.03140288770724844,-0.16037663594526336,0
2020_0558,2020,-1.9244627097818978,-0.0886139452531673,-0.31760749018720735,0.5682064470638322,-1.7498584872498197,-1.4099534900144448,0
2020_0559,2020,2.5788790390297387,-0.0886139452531673,0.9299871411871996,1.384723314585234,0.61105575821388,0.45520272463714184,1
2020_0560,2020,-0.3014801634833064,-0.0886139452531673,-1.3714177360820687,-2.323588301401389,-0.6490312292710259,0.2169618236145243,0
2020_0561,2020,-1.6703884233561113,-0.0886139452531673,0.08235192979173545,-2.540354375848411,-1.363327950059613,-0.22767762918582773,0
2020_0562,2020,-3.634693667476856,-0.0886139452531673,-1.5419834002261925,-1.1121639001105839,0.3451816911419336,-0.03745308498329951,0
2020_0563,2020,2.1172815804922585,-0.0886139452531673,2.1482564245159885,2.5611865331764823,1.5268694412905182,-0.719085478888462,1
2020_0564,2020,2.0553602285085755,-0.0886139452531673,1.542195285724256,0.8132418651956473,1.0321066616710044,0.6101305037971094,1
2020_0565,2020,1.809391570156945,-0.0886139452531673,1.24468192548735,2.306999553404016,2.235385423462869,-0.04345063450892596,1
2020_0566,2020,2.4814797493081158,-0.0886139452531673,1.1455148053355955,1.3519307708186574,-0.39911622368811384,0.16644884394822793,1
2020_0567,2020,0.33517190353896,-0.0886139452531673,0.8250319632858218,1.4712504578458936,0.7938189751154546,0.3571419244288725,1
2020_0568,2020,0.5087553861851388,-0.0886139452531673,0.04564012020926578,-2.3357205093045694,-0.5069304248527512,-1.154585614426325,0
2020_0569,2020,-2.459427753141868,-0.0886139452531673,-1.8653428321018342,-0.0624770782502424,-1.5316440374351377,-0.894283021882052,0
2020_0570,2020,2.2492229272008544,-0.0886139452531673,-0.6219251268302093,0.6650679627263928,1.0405716334541828,-2.2099444596162092,1
2020_0571,2020,-3.1873476944133516,-0.0886139452531673,-0.3855598771075254,-0.13690754638909175,-1.6852659950303026,0.564742258490407,0
2020_0572,2020,0.5697353127299492,-0.0886139452531673,1.6312383280671479,0.185830018013887,1.3524458546194027,-1.2122100237467663,1
2020_0573,2020,0.01636864672533611,-0.0886139452531673,-0.5197588474882333,-0.8229506524900875,0.04626781450312532,0.1325697098956523,0
2020_0574,2020,1.23910017699915,-0.0886139452531673,1.407728369618039,1.3520029539376315,1.0178667209026626,0.3709882249395528,1
2020_0575,2020,2.3399226051327977,-0.0886139452531673,0.6794596216624522,0.8459666834241335,-0.6822382520519567,0.6023528388925202,1
2020_0576,2020,1.7369553887192462,-0.0886139452531673,1.7874827043855253,1.4045451930861568,0.02656518306717235,-1.2040169138360592,1
2020_0577,2020,1.3950418439998273,-0.0886139452531673,0.9544418732454591,0.7336029248074912,1.2517680025705287,-0.06516161814069105,1
2020_0578,2020,2.86385032493269,-0.0886139452531673,0.5128864391848219,0.3509402469587206,0.8169589148098927,1.670280420787749,1
2020_0579,2020,1.2633411753480996,-0.0886139452531673,0.6881086877446001,2.6054833827939645,-1.3552020941539906,1.7143146799843163,1
2020_0580,2020,-3.2807381075634705,-0.0886139452531673,1.020639698775832,0.04895286636144225,0.19426430709459233,0.9873230940269508,0
2020_0581,2020,-2.303240091951705,-0.0886139452531673,-2.7349760820454327,-1.7608647450481767,-0.6906747949969342,0.3374931388188395,0
2020_0582,2020,2.0511917287016943,-0.0886139452531673,1.4997881042957988,1.568444305594613,0.144740268799964,-1.0051063888453775,1
2020_0583,2020,-1.1044908936374918,-0.0886139452531673,-2.6791104276237174,-1.7426788547011531,-0.004035521946668653,0.718621625391053,0
2020_0584,2020,-3.067058250235438,-0.0886139452531673,-1.1082333383229732,-2.184684643662324,-1.3420320103255192,-0.15802122874684088,0
2020_0585,2020,0.775657480591799,-0.0886139452531673,0.5663725148458123,2.0338094413989762,0.2492383059166283,0.5605282752728444,1
2020_0586,2020,0.9182786507977534,-0.0886139452531673,-1.0850282966798779,-0.7040996256474057,1.086682120811229,-0.6328434548521167,1
2020_0587,2020,-1.865469594114225,-0.0886139452531673,-0.6109624095662369,-0.07314408642345882,0.6248307673938358,-0.17293311283992888,0
2020_0588,2020,-2.875913588601551,-0.0886139452531673,-1.380038062192196,-1.2527223125730584,0.49886974237830906,0.16414736007642475,0
2020_0589,2020,-2.1283711081194787,-0.0886139452531673,-3.099206342561244,-1.2115466030805286,-0.5122308008767147,0.2462780914938584,0
2020_0590,2020,-2.2286104852595274,-0.0886139452531673,-0.1604319092257479,-0.5902487803767102,-0.43009147291974426,0.4937227144602481,0
2020_0591,2020,2.2715332597619193,-0.0886139452531673,2.435006177988935,1.5811988119942524,1.43319914566786,-0.5791949845248994,1
2020_0592,2020,-0.6908786890097562,-0.0886139452531673,0.490124342296572,-1.8263431768289082,-1.8055869402954794,-1.3432844521102028,0
2020_0593,2020,-1.645810458088816,-0.0886139452531673,-0.6410435593485289,-0.2822743912499366,-0.284681330278414,1.6247850398997947,0
2020_0594,2020,1.1079602041292684,-0.0886139452531673,1.0460581385771155,1.1133705380252235,0.2127412254851775,2.489254169023358,1
2020_0595,2020,-1.3600756879608866,-0.0886139452531673,0.3281566208957969,-2.256054792868038,-0.5452175465627355,0.44742071120237864,0
2020_0596,2020,-2.316575107455575,-0.0886139452531673,0.6823835853400984,-1.1698744835797392,-0.9819741020858699,-1.3239920947301105,0
2020_0597,2020,0.3531679178325591,-0.0886139452531673,2.1335687028756247,2.381279015558926,1.2009666616913717,-0.7731951168428768,1
2020_0598,2020,0.5597787910742831,-0.0886139452531673,0.058462397770198904,2.676594798245697,0.8944827720051681,0.509117569050969,1
2020_0599,2020,0.8651868360285433,-0.0886139452531673,1.201344853214922,1.7173484576086773,-1.65842421665704,1.341115611681286,1
2020_0600,2020,0.33652620020772894,-0.0886139452531673,1.4395161442914286,-0.1903434881683701,0.9431133693641446,-1.2128906345418562,1
2020_0601,2020,-1.3379404409371252,-0.0886139452531673,-2.8096169689172292,-0.5093930975441118,-0.2862776381605898,-0.12433282084890122,0
2020_0602,2020,2.2297156737837085,-0.0886139452531673,1.469360659620774,1.8508609038591928,1.156742678670763,0.19593206444396905,1
2020_0603,2020,-0.08709830079824177,-0.0886139452531673,3.272991825979389,1.725707983318722,0.7179312430331364,0.8645784512858746,1
2020_0604,2020,1.5251287112160334,-0.0886139452531673,1.6399361658007914,1.7849542886879182,2.113729353544325,-0.34360109440037934,1
2020_0605,2020,1.2800642047336643,-0.0886139452531673,2.4734130814417563,1.3632630792475309,1.049098503297329,-1.5638146913219246,1
2020_0606,2020,1.841508685536803,-0.0886139452531673,1.182914730128705,0.9275876611694563,1.150138640154485,0.6211975594529023,1
2020_0607,2020,1.487061231896412,-0.0886139452531673,0.9267816760161786,0.3916325040959816,1.635593515240455,1.124795965171238,1
2020_0608,2020,-2.953599279931631,-0.0886139452531673,-0.6187286099190246,-2.8979355185014963,-0.5099256002427209,-0.08259146174516069,0
2020_0609,2020,0.23761070114283456,-0.0886139452531673,0.1841733520155674,1.339641766713351,0.08158579726863718,0.40524009130643124,1
2020_0610,2020,-1.4705764244150272,-0.0886139452531673,-1.9637751872343885,-0.8139471563478115,-2.750669931023698,-0.47449122942707067,0
2020_0611,2020,2.5287809197455093,-0.0886139452531673,2.2663045571693656,1.557575842824816,0.4183032783855349,-0.8457727947258943,1
2020_0612,2020,-0.7141873710430029,-0.0886139452531673,2.372342342866518,-0.33754369329289413,1.4087564207048933,1.0264256805472187,1
2020_0613,2020,1.84572657980158,-0.0886139452531673,0.008893684412649594,1.6450166893150602,0.5175229348657554,0.38749584781446095,1
2020_0614,2020,2.689622005287643,-0.0886139452531673,1.9679988045538646,3.054545094620777,1.4409426978253836,0.49036859940188254,1
2020_0615,2020,-1.653025876206213,-0.0886139452531673,-1.0869599756060209,-0.9215498692220887,-0.6810174592637817,1.502115147994613,0
2020_0616,2020,2.050202496026441,-0.0886139452531673,1.3398085744904304,0.9383346807934592,1.8304528562097477,-1.054842334318573,1
2020_0617,2020,0.7969309191021978,-0.0886139452531673,1.4602186394350634,1.309002356085701,0.5638266343034711,-0.5520262681594221,1
2020_0618,2020,-1.6193661992768769,-0.0886139452531673,-0.005649531875681624,1.0323370247103378,-0.4259081387458496,0.15793334883469554,0
2020_0619,2020,-3.120913518308152,-0.0886139452531673,-0.9172817981368111,-2.023647761699891,-0.39529194837171266,-0.5643132377612419,0
2020_0620,2020,-3.844343308418874,-0.0886139452531673,0.410161995301936,-0.7967930666060951,0.40128149810495445,0.7831365352724501,0
2020_0621,2020,2.442765801225275,-0.0886139452531673,1.3094128397599247,0.20034257770235586,-0.5653098450674223,-0.18739922090398406,1
2020_0622,2020,-2.4849949277244416,-0.0886139452531673,-0.37581572753046744,-1.547004720844995,-1.166726619642526,-0.9925328074971896,0
2020_0623,2020,1.0444721549965694,-0.0886139452531673,0.16673740846275353,0.9504096921180607,1.4788128843108033,0.06577167518766158,1
2020_0624,2020,-2.886442253270193,-0.0886139452531673,1.158659010704834,0.34732324161355876,0.43671718382291846,0.17033877080678794,0
2020_0625,2020,0.09003029691612419,-0.0886139452531673,1.4698249232049663,2.8009906006887366,0.9920572101136643,0.9346820628963304,1
2020_0626,2020,-1.6738377000946163,-0.0886139452531673,-0.28700257465490076,-0.5518578553732937,-1.0341633315371896,0.39314090314742434,0
2020_0627,2020,0.7704228058643535,-0.0886139452531673,-0.6081858112115415,0.6234052769765147,1.405694694939556,0.46114639135983565,1
2020_0628,2020,-1.1220290020053016,-0.0886139452531673,-1.822702023079101,1.4927388666385184,-0.10503785981465362,0.3202916840072248,0
2020_0629,2020,1.952538418979592,-0.0886139452531673,2.2378836879187305,0.5724455186704798,0.5122706570661543,-0.18822252129193043,1
2020_0630,2020,1.820849646324607,-0.0886139452531673,1.2868911182926048,0.4288640856402627,1.064245849742037,-0.7162191151112647,1
2020_0631,2020,1.7386007909284438,-0.0886139452531673,-0.913779734828926,-0.7749430445787269,1.7444218099295756,0.288838351659376,1
2020_0632,2020,3.0777682049318864,-0.0886139452531673,2.038289928983819,2.3960915692447435,2.3123671946195614,-0.33312476588364065,1
2020_0633,2020,-2.567593769044886,-0.0886139452531673,-1.5437828043527233,-0.03175440762870596,-0.2059160326117665,1.6898226204410154,0
2020_0634,2020,-1.5549348662029177,-0.0886139452531673,0.41131698587671206,1.4178055361164459,-0.7646888826675255,1.3421822947732187,0
2020_0635,2020,-0.3673101794804112,-0.0886139452531673,-1.0878356786036996,-2.389523352218126,-0.8432601408303266,0.6328391323516083,0
2020_0636,2020,-0.23546019066196355,-0.0886139452531673,-0.79529331397947,0.45817080747910954,-0.3540827542451017,0.3784669392929856,0
2020_0637,2020,0.07823635065542711,-0.0886139452531673,2.1789545785916484,1.0701355183661274,0.7074617260164399,-0.08795905098117711,1
2020_0638,2020,1.1876445583441302,-0.0886139452531673,0.10250702914533771,1.8061002168001363,0.9517123992179106,-1.261123731347135,1
2020_0639,2020,2.8581210958672605,-0.0886139452531673,0.007153192166060363,-0.647777141104471,-0.046301011624699843,-0.2161722233219656,1
2020_0640,2020,2.0080791051990654,-0.0886139452531673,0.8035015796018927,2.4680818226652974,1.8376457571929272,0.10140003340525669,1
2020_0641,2020,1.6952630314797728,-0.0886139452531673,1.8271727996212221,1.7865167513318303,-0.11214778171894278,0.2294564744446623,1
2020_0642,2020,1.2823153065653432,-0.0886139452531673,-0.33087725261349066,0.9610899652137824,0.45431059163758997,0.4695363670158261,1
2020_0643,2020,-1.8838009257077455,-0.0886139452531673,-2.6680345998890966,-0.3548873123388786,-0.7219253913185489,0.9213301978776851,0
2020_0644,2020,-1.2117809369096757,-0.0886139452531673,-0.1762790729562077,-1.7654953010422492,0.7927895039109111,-0.6921540716928671,0
2020_0645,2020,1.2476258750155167,-0.0886139452531673,0.39702168743299626,0.42055991441830065,0.46185361211813813,-0.6830756072090113,1
2020_0646,2020,1.457421378955556,-0.0886139452531673,0.607773987079717,0.5365553863746038,0.26718734883168294,1.4508566797431588,1
2020_0647,2020,-1.4214012938849627,-0.0886139452531673,-2.856810401940166,-2.852727861690278,-1.240653533867035,0.7709815891931486,0
2020_0648,2020,0.8219284715065008,-0.0886139452531673,0.3210206856480179,1.8617584942033671,2.12711773408905,-0.3907709421333212,1
2020_0649,2020,2.032129373881438,-0.0886139452531673,0.9924327033688494,2.1915936141825663,-1.449877594804817,-0.10721116895223676,1
2020_0650,2020,1.4142446484154196,-0.0886139452531673,-0.06962214237710784,-1.7013441497638415,-1.6021904097188697,-0.10271394667489854,0
2020_0651,2020,-3.276986639326075,-0.0886139452531673,-1.7712301662346388,-0.6517969840551812,1.3850309673276415,0.03157412228138299,0
2020_0652,2020,1.8240125241899798,-0.0886139452531673,2.6573761202324966,0.7344595253707638,1.2727056587933097,0.47268309223861316,1
2020_0653,2020,0.7398099113810944,-0.0886139452531673,0.31544397582019934,1.3282739620810304,-0.08478795947137599,2.534992746099831,1
2020_0654,2020,-0.92259742248075,-0.0886139452531673,-1.6830918015851748,-1.6275772412110292,-0.8335343857398173,0.18975656116265244,0
2020_0655,2020,1.5465574733278609,-0.0886139452531673,2.537357551897802,0.11657484391236417,0.8539636528542894,0.6625981504252507,1
2020_0656,2020,-0.7381452259575365,-0.0886139452531673,-0.7885398476360829,0.05207488602374255,-0.12309980327551528,-1.6864767061901427,0
2020_0657,2020,2.6755065765087798,-0.0886139452531673,0.4479752709884234,0.9361294148755074,2.271601602258051,-0.484899992778835,1
2020_0658,2020,-1.3075788822318186,-0.0886139452531673,-1.1551331311805935,1.0221089508534758,-0.48915865497662764,1.2288150027166052,0
2020_0659,2020,2.632052288414178,-0.0886139452531673,2.3530735775420593,1.04630996479414,0.36816935758963143,0.40231539135661587,1
2020_0660,2020,-3.8442978937886774,-0.0886139452531673,0.4662028196256818,-1.9260780403504922,-0.1703324463214366,-4.389114584864837,0
2020_0661,2020,0.09045229791602316,-0.0886139452531673,-1.816793179270256,0.22694087643593885,-1.358602157490289,0.6740232023161967,0
2020_0662,2020,1.87506215189234,-0.0886139452531673,0.9575661899208918,1.6308001641460197,-0.026669996791223484,1.918164394628769,1
2020_0663,2020,-0.42215664425481814,-0.0886139452531673,-0.909843172332427,-0.27312713630357643,-2.207927097565156,-1.9959075861197932,0
2020_0664,2020,-2.719875744841522,-0.0886139452531673,-1.9862401105165977,0.19060067886791865,-2.052102715600321,1.5193876756455122,0
2020_0665,2020,-2.3307698816053355,-0.0886139452531673,-1.0556850526499943,-1.6527962938457945,-1.5171561248994176,-2.771955630625928,0
2020_0666,2020,1.6459382941447742,-0.0886139452531673,1.0053228604517004,0.8727466910147125,-0.14223181416069686,0.9379989450534133,1
2020_0667,2020,1.482962110662537,-0.0886139452531673,2.1402094789367356,0.8285501685122068,1.0505892218997739,-0.008648626012240201,1
2020_0668,2020,1.7830685880099897,-0.0886139452531673,2.207425028311201,-0.29074653691561836,-0.15952146065922826,-2.3499712152446164,1
2020_0669,2020,-0.41548483907003386,-0.0886139452531673,-1.329209398359008,-1.2635901501582434,-3.3149330416197955,0.4461378272397865,0
2020_0670,2020,-3.265220315302849,-0.0886139452531673,-1.2139531438608118,0.3363794578768242,-1.6351294196715727,1.1508397491520586,0
2020_0671,2020,-0.5261809282826909,-0.0886139452531673,-0.3357076979443644,-0.762661896206153,-1.1774877181771355,0.36388700382157313,0
2020_0672,2020,1.508281909957927,-0.0886139452531673,0.4148115510729885,-0.3460613278449878,0.3156404097024277,0.584827637059613,1
2020_0673,2020,1.2962181388754523,-0.0886139452531673,1.5886401517374027,-0.555839411664935,2.0156197434473477,-0.41167611233906165,1
2020_0674,2020,0.028884765615109664,-0.0886139452531673,0.9120935126307853,2.6647760587482714,0.3091659525686799,-1.861389755221022,1
2020_0675,2020,2.003048668376865,-0.0886139452531673,0.030601422261379296,0.90968098974487,1.5047387705593585,0.6918640223370642,1
2020_0676,2020,-3.914107851031037,-0.0886139452531673,-1.9568367128796464,-1.6474102057016173,-0.8151860797446894,1.7497539194462957,0
2020_0677,2020,2.1483940112387128,-0.0886139452531673,2.4470586960311023,0.7260082351029968,0.766156219461921,1.129580854227459,1
2020_0678,2020,-2.9921058354729917,-0.0886139452531673,-1.1564214791432985,-2.477307754317332,-1.4683042310784296,-1.9878758296013461,0
2020_0679,2020,-1.4465420873825259,-0.0886139452531673,0.640354093898311,0.42309514951161975,-0.8470261212646137,-1.5148944072109338,0
2020_0680,2020,-1.6191688373279205,-0.0886139452531673,-1.51363626071491,-1.3930529375860297,-1.4120769015179335,-0.8459677417973405,0
2020_0681,2020,-0.3304618527061163,-0.0886139452531673,-0.7087947988685066,0.36740152773842194,-0.6639805485963436,-1.5929754512801433,0
2020_0682,2020,-1.6786551690138902,-0.0886139452531673,1.3926767230182415,-0.9483482855526848,-0.9889997060989506,0.044189919556039105,0
2020_0683,2020,-2.1941385611456656,-0.0886139452531673,-2.057386744663279,0.42953197456843983,-1.5557023465532802,0.3934158051805228,0
2020_0684,2020,-2.006602695971203,-0.0886139452531673,-2.8978144998997766,-0.7433055009569146,-0.00648452823952379,-1.4302532832423676,0
2020_0685,2020,2.7728827687546636,-0.0886139452531673,2.286590131287233,1.8532326628690758,1.1414723840171404,0.7771284592755282,1
2020_0686,2020,-0.9637030308191064,-0.0886139452531673,-1.8268091053930737,-0.2809069539116632,-1.1584501873137987,0.601103944020014,0
2020_0687,2020,-1.8856299815231612,-0.0886139452531673,-1.0207063641062337,-0.3767089337480293,-0.6836055623717521,-0.5481591248437031,0
2020_0688,2020,1.2635535800354867,-0.0886139452531673,0.4140817895484151,1.3479344771827106,0.7329419827984291,-0.17252198598398413,1
2020_0689,2020,-0.06717709058544696,-0.0886139452531673,1.2681627809553162,0.7671492838844152,0.10592725018938093,-1.9498011756530316,1
2020_0690,2020,1.888474200851541,-0.0886139452531673,0.049463792814257834,2.91543469157286,0.8563969832169311,-0.3322621562870741,1
2020_0691,2020,-3.2598157076954655,-0.0886139452531673,-1.1799400878833062,-1.9069369850959008,-1.2968094038458997,0.007384974130325764,0
2020_0692,2020,2.251796465835456,-0.0886139452531673,1.4498153265565343,1.0043076423431596,0.0440529315039206,0.16874759522818958,1
2020_0693,2020,-1.371378407508734,-0.0886139452531673,-2.008308886274262,-0.9851141247924046,-2.09821386421322,0.37887691202017393,0
2020_0694,2020,0.8869517995739225,-0.0886139452531673,-1.7000840296458888,-0.5975592466564785,-1.0868858828309047,0.24424174323057224,0
2020_0695,2020,0.3998644462756942,-0.0886139452531673,0.6526171664014682,0.5705273541054989,1.2535765276669788,-0.26434369726567053,1
2020_0696,2020,1.3973379089593672,-0.0886139452531673,-0.4288154342262782,1.3147463055895878,0.2442725172969123,0.2861949425543167,1
2020_0697,2020,3.298287700923063,-0.0886139452531673,0.5774390172012536,0.8311574147970339,2.816566953726376,1.002031993310248,1
2020_0698,2020,2.6913896402914146,-0.0886139452531673,1.1187965399029018,-0.5819525174378992,1.508548522922186,-0.09549807330964437,1
2020_0699,2020,0.8037879484201003,-0.0886139452531673,0.6004510584115715,1.0095522862568465,1.8434641061283825,0.31759489083167675,1
2020_0700,2020,-1.2760325716265521,-0.0886139452531673,-1.2713764929317246,-2.1005653330301515,-0.16380559034099315,-0.18617106266411843,0
2020_0701,2020,-1.4980006435849127,-0.0886139452531673,-1.0199016709065853,-2.734385762448901,0.6822919799508583,-0.6467589164795713,0
2020_0702,2020,-1.2180441326058429,-0.0886139452531673,-1.655743462432314,-0.863126679310615,-1.4296015867780338,0.5228796669176042,0
2020_0703,2020,-2.19868043598483,-0.0886139452531673,-0.3089374341331228,-0.5121166579804335,-2.8485899085268973,-0.5552259441702052,0
2020_0704,2020,1.4106795972992654,-0.0886139452531673,2.4359781248017756,1.5266980421045764,0.4430995133176936,0.38614690099219057,1
2020_0705,2020,-3.0980523752767137,-0.0886139452531673,-1.4643803921954484,-0.4328292929803058,-0.3534251395619699,0.02825537151004551,0
2020_0706,2020,1.6351234518680822,-0.0886139452531673,1.485198231477707,-0.9325890209406105,0.9212135773983828,-0.3039346765201432,1
2020_0707,2020,1.950020673421832,-0.0886139452531673,0.7603828445653531,-0.36101692790746953,1.020378088774227,-0.3281428321466607,1
2020_0708,2020,1.272580587356116,-0.0886139452531673,1.3654873450385048,2.973521436813671,1.856728002135898,-0.5081209924156869,1
2020_0709,2020,-3.115050890584788,-0.0886139452531673,0.5657795312032543,-2.0472087600770363,-0.49435394043000036,-1.6458011720890138,0
2020_0710,2020,-0.5114681371485376,-0.0886139452531673,-0.4913404569819012,-0.3891589688633109,-0.1608696579271828,0.38289509516169207,0
2020_0711,2020,1.8645250379928022,-0.0886139452531673,-0.7734145388096807,0.31306237833415396,0.04834980651779289,0.2315468252783205,1
2020_0712,2020,0.7739849022990232,-0.0886139452531673,1.4539956314469589,1.0796727392675645,-0.0763149513728294,0.8496702524484937,1
2020_0713,2020,1.219399553161936,-0.0886139452531673,2.232863743309009,0.3667457977264059,2.09129113841959,-0.5314569023067949,1
2020_0714,2020,-0.0006694027818388015,-0.0886139452531673,0.7784038300018973,1.5615411546196447,0.8807212281176543,1.8953836254766674,1
2020_0715,2020,0.4745898722220956,-0.0886139452531673,1.9956348061178324,1.136774117316699,0.30141665324309214,-0.3797359478496331,1
2020_0716,2020,-2.0378113463571395,-0.0886139452531673,-1.690115541151946,-1.4482897736442335,-1.2971155948376947,-0.8751096421946959,0
2020_0717,2020,2.7284208122801514,-0.0886139452531673,-0.4855391595222738,-0.050172119680710336,0.2807015026893939,-0.9936849198426648,1
2020_0718,2020,-2.1395033908874757,-0.0886139452531673,-0.8588309811673598,-0.7322258025074889,-1.3671672168366735,-1.7339224032296623,0
2020_0719,2020,2.140213659328759,-0.0886139452531673,-0.7564767207463141,-0.21271879904259006,-0.22651824208292784,1.5326278923931278,1
2020_0720,2020,0.9616837971384202,-0.0886139452531673,0.7602289871064083,1.4274810421208386,-0.4003363217764069,1.371067390768662,1
2020_0721,2020,1.7479475608518749,-0.0886139452531673,2.2868422626455027,3.6264849090369,0.6439964978764647,0.600745162884758,1
2020_0722,2020,-1.6413955021438023,-0.0886139452531673,-2.909762905746281,0.35017005126201206,-1.2743406962563197,-0.8960888077757798,0
2020_0723,2020,-0.6269433999072566,-0.0886139452531673,-2.279496795913898,-0.28165211310583715,0.08572742835463619,1.8112676815591198,0
2020_0724,2020,0.9651886617814421,-0.0886139452531673,-0.032032245161577544,0.9143927022588523,1.0344613226135333,-0.35171916152165594,1
2020_0725,2020,-3.072528250002441,-0.0886139452531673,-1.0633198597109599,-2.9387526270035256,-0.5877458559376135,-0.26902583122665236,0
2020_0726,2020,-2.8819490313636327,-0.0886139452531673,-1.3657167856462094,-2.3222863959001843,-1.3944963260435606,1.437259080436076,0
2020_0727,2020,-2.0318774939427575,-0.0886139452531673,0.39913638169608734,0.28279285610271354,-0.8968227326239806,0.6589105844808723,0
2020_0728,2020,-2.7490599706780525,-0.0886139452531673,-0.04565167090830258,-1.7897560801247798,-0.5111991170948478,2.2011031387545934,0
2020_0729,2020,-1.0897879843204488,-0.0886139452531673,-0.504727053931402,-1.6992520981640467,-0.22704340822985972,0.24872226031901956,0
2020_0730,2020,1.0342318351419222,-0.0886139452531673,1.1456303143438848,0.8343495243159785,0.7248865387853076,-0.3970307995787248,1
2020_0731,2020,0.8746065500264315,-0.0886139452531673,-0.6067702230151727,-2.0620462588465545,0.0632990234593672,-0.6118048834597958,0
2020_0732,2020,-3.237714595137132,-0.0886139452531673,-1.861982355313375,-2.2267687345516363,-0.7936085528736458,-1.846996177190627,0
2020_0733,2020,-1.2963668212901989,-0.0886139452531673,-0.14278964644338776,-1.050474072781422,-0.16572230518585612,-0.27859577280620446,0
2020_0734,2020,-2.627953023505669,-0.0886139452531673,-2.1120442543592013,-1.8915294546720363,-1.1918817668713202,1.1445933388273806,0
2020_0735,2020,-1.9934013403826785,-0.0886139452531673,-0.16462300609776914,-1.7410185797788948,-2.2500706932549135,0.5988341726560692,0
2020_0736,2020,1.641419473340544,-0.0886139452531673,2.186142502118831,0.21880897385299403,1.0146871904148183,0.020308006560405812,1
2020_0737,2020,-3.825371374874287,-0.0886139452531673,-0.7891353979119128,-0.4776397861655314,-0.21974074948269956,-0.9949344438163292,0
2020_0738,2020,-1.2631738832119725,-0.0886139452531673,-1.176213058961976,-1.2321256904953573,-0.33972213455394445,0.22687301801273724,0
2020_0739,2020,0.40290746227416774,-0.0886139452531673,-0.5996900916903267,-1.1785719678938538,-0.462250670850048,1.0128137051953732,0
2020_0740,2020,-1.9534382983685927,-0.0886139452531673,-3.861518370100673,-0.40305410269111674,-1.0788695727639899,0.4307192564699845,0
2020_0741,2020,-1.2401921431944904,-0.0886139452531673,-0.6977417815145388,-1.14203960823294,-1.4453970011564738,0.16673516963335916,0
2020_0742,2020,-0.47507830687460073,-0.0886139452531673,-1.113353997839807,-1.2782537684571729,-0.3586173847649756,-0.796957653281206,0
2020_0743,2020,1.3360464999730035,-0.0886139452531673,0.949371886943009,1.470450355570171,1.1411579329586201,0.8671818141120127,1
2020_0744,2020,-2.080960188531483,-0.0886139452531673,-0.2934674871021725,-0.331802156442369,-1.248719272675061,-3.131904818744181,0
2020_0745,2020,-0.7757364037217522,-0.0886139452531673,0.9252310784352722,0.8529265004913958,1.6875393513536456,0.382845708865145,1
2020_0746,2020,-0.8590092806050267,-0.0886139452531673,-2.140206856651158,-0.9193922243794784,-1.5062924116380805,2.5703219809445987,0
2020_0747,2020,-1.6131684097288972,-0.0886139452531673,-1.1414026708253782,-1.781790229733328,-1.2668187030328324,-1.508373387331847,0
2020_0748,2020,-2.5126838513881617,-0.0886139452531673,-0.9324445159191755,-1.8606830431645256,0.509140169873332,-0.241369454701366,0
2020_0749,2020,1.6265967102776935,-0.0886139452531673,1.1149339115810126,1.7691475019668077,1.4948655501871302,-0.00791099012472641,1
2020_0750,2020,0.9163196431938186,-0.0886139452531673,1.161919367285068,1.4449420625446217,0.513592555287182,-0.4625828140565771,1
2020_0751,2020,-2.0284261311155256,-0.0886139452531673,0.03936904491855331,-0.5447015615834239,-0.5700954322851596,1.0363742425589795,0
2020_0752,2020,-0.8937088438912918,-0.0886139452531673,-2.0860345530341475,-0.7191456512744778,-0.6761662043809293,0.472451014355301,0
2020_0753,2020,-2.8383824113238445,-0.0886139452531673,-0.8242995438351501,-0.9537967241850465,-2.9964910919819028,0.1523003725473193,0
2020_0754,2020,-0.45268471392624154,-0.0886139452531673,0.2899296986182409,-0.3035881091772308,-1.5251791595787054,0.7972725611692801,0
2020_0755,2020,0.10231383688159634,-0.0886139452531673,-0.7346114969371953,1.935108761022784,0.7593227063125748,0.0167507090717422,1
2020_0756,2020,-2.1627014083552636,-0.0886139452531673,-0.8203533192199465,-0.08877199480935238,-1.085289181247445,3.179864488823514,0
2020_0757,2020,0.4229461940665773,-0.0886139452531673,-1.5853785019730435,-1.1007779159459867,-0.6023179481356636,0.15134693365674112,0
2020_0758,2020,2.6273547616424224,-0.0886139452531673,0.629289615526895,2.386992729908838,1.703585850358336,0.19528209848970435,1
2020_0759,2020,-1.4023960075045598,-0.0886139452531673,-1.904807503214422,-0.7715393182676789,-1.057228627723142,-1.7104680495732754,0
2020_0760,2020,-2.4405302155012167,-0.0886139452531673,-1.169550715700444,-0.36762380743420153,-1.646123836898292,-0.5434503273034238,0
2020_0761,2020,0.9707276933001068,-0.0886139452531673,2.8412556144269043,1.2820878908348798,1.0598813268088363,1.1473776817998096,1
2020_0762,2020,-1.4267246854143036,-0.0886139452531673,-2.2644303611772134,-0.7529932925158259,-1.0612986668542428,-1.3354568503598725,0
2020_0763,2020,-1.4624767676604016,-0.0886139452531673,-2.1696100024788274,-1.7357519902503196,-0.9248508006575221,-2.157557174301955,0
2020_0764,2020,-1.5908709296259629,-0.0886139452531673,-2.3019345701635046,-0.29864916165517397,-1.033418975322463,0.03231547118757482,0
2020_0765,2020,1.4691674859158157,-0.0886139452531673,2.727418286628101,3.845294394907639,2.593470240008789,1.370744507474978,1
2020_0766,2020,-1.714375109705114,-0.0886139452531673,-1.462339705521287,-1.3747950747900832,-2.5925634087983562,0.042381228696125636,0
2020_0767,2020,-2.9419787356400127,-0.0886139452531673,-1.0256390603476742,-0.9290052845750518,-1.1106671225061169,-0.3361246026263436,0
2020_0768,2020,-2.0165107421608326,-0.0886139452531673,-1.4027829411062398,-1.4462052643472623,-0.8029512205187137,-1.85848793774098,0
2020_0769,2020,-0.5853759460131535,-0.0886139452531673,-1.9444228784030915,-1.4880199015619344,-1.4249139938262232,0.45225412270219334,0
2020_0770,2020,0.13166570244888254,-0.0886139452531673,0.7648493533855646,2.544449478118673,1.5198606657026266,0.6612751088830449,1
2020_0771,2020,-1.6895555115392784,-0.0886139452531673,1.45824360573656,-1.6729710177274648,-0.1493938570242885,-1.7817324991011003,0
2020_0772,2020,0.680246071229156,-0.0886139452531673,2.392070920974255,0.5259195266336387,0.7617963052091675,1.1345324486972188,1
2020_0773,2020,1.6113504293981114,-0.0886139452531673,0.1470621822077277,-0.5874928237313013,0.5834609957250447,0.7656955258921091,1
2020_0774,2020,1.1113668189331818,-0.0886139452531673,1.6475741030616857,0.24238827545775266,0.7104345326146825,1.1323159425473455,1
2020_0775,2020,-0.022606335025330937,-0.0886139452531673,-1.8315227726663763,-2.7083998929533477,-0.8838293229182487,0.5835250918333419,0
2020_0776,2020,2.006583154190254,-0.0886139452531673,-0.7763676388462208,1.6318046992119288,0.73730157749939,0.6536827088113185,1
2020_0777,2020,0.18819683422278866,-0.0886139452531673,2.0195109176646295,3.7996972218373095,0.6496007187865604,0.5207208987017389,1
2020_0778,2020,-0.8287719883863014,-0.0886139452531673,0.16009284664355072,-1.366678793650522,-0.5980405483260858,0.8684723215011957,0
2020_0779,2020,0.725348143737937,-0.0886139452531673,2.0460522510478993,-0.6667579329902373,1.402569651862292,-1.8187577691239185,1
2020_0780,2020,0.9230036286224664,-0.0886139452531673,0.5301347507804273,1.8999996644297332,-0.18420811807886148,-1.5010594336215146,1
2020_0781,2020,-1.1861809798928782,-0.0886139452531673,-1.1667757340019862,-1.726924958930157,-1.6405311193865193,-0.7360079001897717,0
2020_0782,2020,1.0082525802698652,-0.0886139452531673,1.7497655536581234,2.2993469305535403,-0.5988144235868189,-0.12982017167255325,1
2020_0783,2020,-0.6071441836770447,-0.0886139452531673,-0.6085039626518929,-1.2820290477899448,-0.10688207971392041,0.3881369233081794,0
2020_0784,2020,0.7254899384866046,-0.0886139452531673,0.6063625287029557,0.36818431091721926,1.0002586345523705,0.32468165322885006,1
2020_0785,2020,0.8810534474086368,-0.0886139452531673,-0.6190718201181646,0.8220424442543135,1.2042140127462166,1.1171058114560313,1
2020_0786,2020,-2.1563708935481087,-0.0886139452531673,-0.8861248058579877,-0.24222323906381282,-1.943598590690775,1.148495298580351,0
2020_0787,2020,0.9343612516449611,-0.0886139452531673,2.079009639236113,0.7725793692443436,2.2279584983041105,-0.8723851082937929,1
2020_0788,2020,-0.4008084444521871,-0.0886139452531673,-2.197588289034157,-1.4967247027937054,-1.2870807265162862,0.23857611005047125,0
2020_0789,2020,2.128796293610303,-0.0886139452531673,1.638759381675977,0.8011683970211282,0.9345646456890048,-0.8478315477218382,1
2020_0790,2020,3.209943954012071,-0.0886139452531673,1.3315416951336927,-0.27185518450088497,1.4835077285426976,-0.18824703835356665,1
2020_0791,2020,0.7676442038992546,-0.0886139452531673,-0.24985173676766637,-0.6029683977060198,-1.5895838046368576,0.32179136904849476,0
2020_0792,2020,-2.5307170319323395,-0.0886139452531673,-0.12802450028099277,-2.78672659384491,-1.2370594868101334,-3.4087120764716907,0
2020_0793,2020,-1.429580872672711,-0.0886139452531673,-1.694465241925353,-1.4441214543655154,-0.6566625803193007,2.4112440396396844,0
2020_0794,2020,-2.676200316643433,-0.0886139452531673,-2.616959400164946,-0.24061479116925677,1.485978460371765,0.5664086773974751,0
2020_0795,2020,-2.277605927748267,-0.0886139452531673,-1.5335195256828793,-0.6969517170672832,-0.5591002057183806,-0.595703275413406,0
2020_0796,2020,-2.1300825102556695,-0.0886139452531673,-0.11087268247299265,-0.4096794270136097,0.48508892050457464,1.927369755230228,0
2020_0797,2020,-2.5571548741382744,-0.0886139452531673,-1.5420039035259712,-1.0650456727188091,0.16453851615356446,-0.3474311704861944,0
2020_0798,2020,-2.551887272898414,-0.0886139452531673,-1.6940433238576418,0.16974618098551675,-0.505591970804385,0.13251938582805775,0
2020_0799,2020,1.3557156214797452,-0.0886139452531673,-0.8213503419246384,1.924699196769792,0.008643382695457015,-0.48711581039762725,1
2020_0800,2020,0.28328158161359296,-0.0886139452531673,2.752647554550939,1.4461410042476746,1.6478028886545881,1.6519918374433393,1
2020_0801,2020,2.342126959137633,-0.0886139452531673,1.82571364142531,1.9275457773135432,-0.3984882733184376,-0.10498470630588037,1
2020_0802,2020,-2.4177535374175143,-0.0886139452531673,-0.23010401872523556,-0.24957644559642322,0.4807000989416736,0.14948410073950924,0
2020_0803,2020,4.309568970096392,-0.0886139452531673,1.9677253867794737,0.5605364866531097,0.9600042465746043,1.2037821530254462,1
2020_0804,2020,1.0486155490356048,-0.0886139452531673,1.5767083615434017,-0.3438989116913336,-1.320178837838541,0.5851394574610765,1
2020_0805,2020,-1.4279823580829478,-0.0886139452531673,-1.244328855179529,-0.5796378741573762,-1.0724048760254712,-0.054348065134071935,0
2020_0806,2020,-2.795341184466035,-0.0886139452531673,-1.1637641041222015,-0.4539107691685713,-0.2768417432616476,1.110390972357463,0
2020_0807,2020,3.2060917581276396,-0.0886139452531673,0.5724356354078752,2.0904719911385654,0.6103809015681867,2.538483229427952,1
2020_0808,2020,-0.3804993191970838,-0.0886139452531673,1.634740754415,-1.9363212750452936,-0.22799535120514136,0.3174104487994213,0
2020_0809,2020,1.7969158707361126,-0.0886139452531673,1.5559120312994426,0.09356894072283672,0.1199806658301636,0.11676008787256639,1
2020_0810,2020,0.15319745122043438,-0.0886139452531673,0.5361995586485655,1.4599002663077703,-0.24478589823008595,0.17062708361908155,1
2020_0811,2020,-1.2893331222753797,-0.0886139452531673,-0.5345032258337201,-1.0711669888530866,-0.8571563224380844,1.3104295008315177,0
2020_0812,2020,-2.621431046017255,-0.0886139452531673,-2.0108689178563175,-2.8857616105711283,-0.7747474661680682,-0.5991977350329224,0
2020_0813,2020,2.962355263473361,-0.0886139452531673,2.504506718589227,1.3751081637541906,0.5212925191501429,-0.278317559711661,1
2020_0814,2020,2.3091947318531725,-0.0886139452531673,0.33893090419285987,-0.8524229149889546,1.7818329173137541,-1.5374429491266413,1
2020_0815,2020,-1.4045609615122638,-0.0886139452531673,-0.49891456737753426,-1.9452565518733762,-1.4801659001112462,-1.1838678626399737,0
2020_0816,2020,-0.9363756632473224,-0.0886139452531673,2.0659776297431343,2.3516813728601074,1.0505324858658796,-0.5178000026979704,1
2020_0817,2020,0.5165840213409694,-0.0886139452531673,1.3847685442049928,2.824879017807115,0.8543759769309003,-0.05593699406042271,1
2020_0818,2020,2.1877611315998724,-0.0886139452531673,1.094469991819638,-0.21565636847196168,-0.44537276170886675,1.7690833257701195,1
2020_0819,2020,2.712883691723156,-0.0886139452531673,1.010802084856015,0.6706084625873057,-0.2552241469348099,0.5359928049252244,1
2020_0820,2020,-0.39083018850786844,-0.0886139452531673,-1.0564410968871072,-0.957377476921294,-0.7904711870010949,-0.9120785101897938,0
2020_0821,2020,-3.0920130022414556,-0.0886139452531673,-1.5766984889275022,0.781226927581568,0.7849599989495712,-0.7279804853641153,0
2020_0822,2020,1.801552306812904,-0.0886139452531673,0.5505165702302958,0.5071310521755985,1.2634158495190488,1.3747486832306544,1
2020_0823,2020,-0.48448478351707047,-0.0886139452531673,0.47959037365093504,-1.476884023033278,-2.180507860115706,1.1266103486291923,0
2020_0824,2020,-0.15833556558224515,-0.0886139452531673,0.8914633673148433,2.548725558462862,-1.6883904520954702,0.028149910224203063,1
2020_0825,2020,1.4920954846267636,-0.0886139452531673,0.21420373061722686,0.6252108472817419,1.386442874403504,-0.44252646553883224,1
2020_0826,2020,-1.2261576016915439,-0.0886139452531673,-1.5162975968615084,-0.2777982910335425,-0.8769707863425593,1.1249328357046429,0
2020_0827,2020,1.1992354151532651,-0.0886139452531673,2.100370680697223,-0.4771429651124275,1.7130127756082958,-0.9933271267246865,1
2020_0828,2020,-3.3521618554012016,-0.0886139452531673,-0.32439336683552156,-1.1712327440923263,-1.5045743365691533,0.39203039805752304,0
2020_0829,2020,1.1743018899262714,-0.0886139452531673,1.5603291782322568,-0.6595968383264046,1.080169998286821,2.2726589908933312,1
2020_0830,2020,-1.827305430255024,-0.0886139452531673,-1.2575211989097914,-2.0554337809557044,-0.12306122957770987,0.20535568225145748,0
2020_0831,2020,1.3519275954522458,-0.0886139452531673,1.573362470172945,1.8392013551522632,0.44202908943481456,-0.7756094792616043,1
2020_0832,2020,0.9365285745749304,-0.0886139452531673,0.356438875049352,0.9500946089132873,0.4591315438151477,0.4103687026715378,1
2020_0833,2020,-1.9430121532414673,-0.0886139452531673,-1.2596140313457744,-1.3191057405529747,-0.7797897351212877,-0.4700087190153476,0
2020_0834,2020,1.4602937176530222,-0.0886139452531673,1.9698044873917455,0.2512503760190824,1.234141077248263,-1.3941158437534145,1
2020_0835,2020,1.9424546049697111,-0.0886139452531673,1.8742776789190643,0.7793439267587172,0.7885327963904712,0.7010360268721068,1
2020_0836,2020,1.1955732371433327,-0.0886139452531673,0.018090154049196783,1.3011131671006937,1.5791970702075893,1.1178344005497223,1
2020_0837,2020,1.0903510716319982,-0.0886139452531673,0.14447354709142424,1.9829162064617618,0.43045184858637603,-0.31090667207257267,1
2020_0838,2020,1.592354038254458,-0.0886139452531673,1.1087021528134096,-1.6251466840968023,-0.2627161643704877,-0.37723567409627334,1
2020_0839,2020,-3.420915925895182,-0.0886139452531673,0.7261323746695099,-1.8317611742628097,0.7815802944905439,-0.9615653911218296,0
2020_0840,2020,1.9770351272264581,-0.0886139452531673,-0.9155651644689942,1.1590962421890056,0.31629301076604294,-0.1499356004675666,1
2020_0841,2020,-1.5005630971229589,-0.0886139452531673,-0.7216670604294957,-1.098863115962286,-1.2547536669741979,-0.5623683829231909,0
2020_0842,2020,1.5396935265975618,-0.0886139452531673,-0.3760433315731482,1.403376242526725,0.7473573431422526,-1.0110326867032555,1
2020_0843,2020,2.460734307594464,-0.0886139452531673,0.36566900647445444,1.267540286126554,0.853744887723185,1.892168830399606,1
2020_0844,2020,-3.452815530048248,-0.0886139452531673,-1.3644284180642414,-1.3048678629934072,-1.1093469139906262,0.4664928167495073,0
2020_0845,2020,-3.4738338698589635,-0.0886139452531673,-1.4205083434368908,-1.5268531959871772,-0.8139471175592072,0.5723951080293523,0
2020_0846,2020,1.7738038453235196,-0.0886139452531673,0.46620406034079154,0.7544985102644991,0.7681902148574609,0.8833995689324271,1
2020_0847,2020,-1.5071168551285157,-0.0886139452531673,-0.9927929396236298,0.1487423498227427,-0.6601445383833545,0.7710362167598054,0
2020_0848,2020,1.6701769431919322,-0.0886139452531673,0.4647444333694216,0.2679920670942856,-1.085989967189853,-0.4131099527967148,1
2020_0849,2020,-1.9621270751724456,-0.0886139452531673,-2.4624573848541527,-1.0628067231439555,0.7047010456062796,0.2725526229714672,0
2020_0850,2020,2.164353674239931,-0.0886139452531673,1.7798696125227764,1.183342213998421,0.6821693491723541,-0.2690304842606603,1
2020_0851,2020,-0.56736115700888,-0.0886139452531673,-0.2471278328511195,0.560350929874458,-0.33550190444241174,0.43846362477666,0
2020_0852,2020,-1.016017706048473,-0.0886139452531673,-0.15682568997733104,-1.3003082582363132,-1.9024810732272195,0.3416908859581642,0
2020_0853,2020,1.2391715415954168,-0.0886139452531673,-0.5407344962640819,1.958806656010961,0.42319979100059985,-0.3826602608642019,1
2020_0854,2020,-0.6076893876144029,-0.0886139452531673,1.2989181525841509,2.231979403265022,0.2621473069436684,-1.3292987229217992,1
2020_0855,2020,-0.7307637919628719,-0.0886139452531673,-0.3240211441930766,-1.0637542649906482,0.37577901160683624,0.14623705696550768,0
2020_0856,2020,-0.2782713337824072,-0.0886139452531673,-2.031202068439585,-1.2107189790767625,-1.2686508854687064,-0.20426948780729892,0
2020_0857,2020,2.1445584119839802,-0.0886139452531673,1.0091732481821292,0.6709463279517839,1.4064639895520732,-1.8903722477087583,1
2020_0858,2020,0.6203575726324935,-0.0886139452531673,0.8837333546896342,0.7441768657574177,0.2796636378614439,0.5076617688887175,1
2020_0859,2020,-0.8262056063322422,-0.0886139452531673,0.8421506585682637,-0.14576013942316723,-1.1620951517231553,0.9653421122427754,0
2020_0860,2020,2.3605297079614456,-0.0886139452531673,2.924496037012573,1.2310099772555139,0.6035598678394513,2.5283564752089505,1
2020_0861,2020,3.0588162477990855,-0.0886139452531673,-0.6643563933302008,1.2352897091698694,1.8270761014634402,-0.39119750332066106,1
2020_0862,2020,0.6238900757720424,-0.0886139452531673,3.4939270057279894,-0.12522351037983492,-0.7118821272240949,-0.5387118965490677,1
2020_0863,2020,1.2735454154558616,-0.0886139452531673,0.0847742788466761,0.032509922624765486,-0.25253084421954614,-1.1094210304392413,1
2020_0864,2020,2.2472720511434554,-0.0886139452531673,1.980673294327426,3.14344682477698,-0.7578441325518535,0.2086419064870071,1
2020_0865,2020,-1.4425899285618422,-0.0886139452531673,-0.029502019136269153,-1.1778257252886897,-1.6700016958091604,0.2023181805583551,0
2020_0866,2020,0.3826723979487252,-0.0886139452531673,0.004309773158193253,0.22522800442163982,0.15071995904631424,-0.8112963347867491,1
2020_0867,2020,1.914616285026703,-0.0886139452531673,1.493267793839099,2.4310991655892975,-0.49158500327231125,-0.1749298820038401,1
2020_0868,2020,2.078661633815167,-0.0886139452531673,0.892466255733936,1.2818085486835522,0.21268180270826484,-1.9786656668893567,1
2020_0869,2020,-1.412037103668998,-0.0886139452531673,-0.4456699953676093,-0.4218450831354784,-2.4117715847467323,0.9263767478332465,0
2020_0870,2020,-1.2804150728200558,-0.0886139452531673,-0.7693276976193744,-1.1380470752815337,-1.614390979014145,-0.7706792596721668,0
2020_0871,2020,1.24129409831427,-0.0886139452531673,2.196339485370247,0.6813269094231958,1.7603363199281605,-0.03465635141297929,1
2020_0872,2020,-0.021721064283940716,-0.0886139452531673,-0.9246004568539378,-1.1695863724972904,-0.47712954377511774,-1.426693421297779,0
2020_0873,2020,0.5993078162873234,-0.0886139452531673,0.8321259305736888,-0.3827381702986268,0.9499741377380222,-0.5823535994615734,1
2020_0874,2020,-2.087320762763779,-0.0886139452531673,0.09606423305718037,-1.0879274094198974,-1.6022228450232916,-0.2795911535175272,0
2020_0875,2020,1.5109855135275256,-0.0886139452531673,1.5803959648586035,1.2960330770426174,-0.4288679672357793,-0.011290846960830136,1
2020_0876,2020,2.3789540277008925,-0.0886139452531673,1.7318133943208878,2.8504632338437537,-0.11132486042742454,0.4797325155225118,1
2020_0877,2020,-2.9973731700945367,-0.0886139452531673,-1.6645866722585967,-0.9140009349947845,-0.8345678615168121,1.4390750834862203,0
2020_0878,2020,-2.810296749765439,-0.0886139452531673,-2.045262781398474,-3.334177042210305,-0.10545857621866538,0.7327109427693562,0
2020_0879,2020,-0.5377285077347178,-0.0886139452531673,0.43227785674729846,0.9060145672153785,1.5218939337082564,0.9621645431462449,1
2020_0880,2020,1.5326952252532708,-0.0886139452531673,0.37917861431941136,3.739504133108306,1.3044898899866664,1.4461041099431382,1
2020_0881,2020,-2.6183058172065437,-0.0886139452531673,-0.21380073134708566,-0.13363376501496027,-1.3900454912543554,0.5697078815226975,0
2020_0882,2020,1.1154498899820833,-0.0886139452531673,1.9759840502940518,0.18911105619141133,0.8196398659231905,-0.03670719561899534,1
2020_0883,2020,2.161378189891708,-0.0886139452531673,0.8448697104675996,1.5911065144305567,0.5429259759702033,1.0091119062550553,1
2020_0884,2020,-2.1415427207828466,-0.0886139452531673,0.43091901882435235,-1.7420134248897403,-0.9609518107958003,1.0730092859616567,0
2020_0885,2020,-1.2687179772566355,-0.0886139452531673,0.36846939376512977,-2.3538075195468577,0.8297023175678504,0.6485658379660353,0
2020_0886,2020,-1.799337907751722,-0.0886139452531673,-0.7566010835994608,-1.348369363234072,-2.2096001896028903,-1.454627597036103,0
2020_0887,2020,-0.8278856849035632,-0.0886139452531673,-1.82189177154304,-0.9084735607611388,-0.9877414527378088,-0.8414601530946475,0
2020_0888,2020,-1.0248719326519913,-0.0886139452531673,0.5753766494355401,-2.8721555024333956,0.16939912575692537,-0.274854104030484,0
2020_0889,2020,-2.19193369617461,-0.0886139452531673,-1.0610173510284082,-2.149159290538636,-1.9727131960268307,0.7796210207358992,0
2020_0890,2020,1.3313482465995474,-0.0886139452531673,1.1261651964309747,1.0103355631823547,0.2850020597869997,-0.021346419070559747,1
2020_0891,2020,-0.4562566022795056,-0.0886139452531673,-1.3396050256065686,-1.4081731759889542,-1.2232307980541117,1.1368686334505633,0
2020_0892,2020,1.893376870254097,-0.0886139452531673,0.11020967370280244,1.3948112711460907,0.6213682223568124,1.3152366287442812,1
2020_0893,2020,-2.8969620577511312,-0.0886139452531673,-2.468639430315292,-2.2146683273085612,-2.076765727684974,1.1991704686772062,0
2020_0894,2020,-0.8443819388286173,-0.0886139452531673,-0.36713167644271194,-0.2858862514466993,-0.3237711517295685,1.2055405644802868,0
2020_0895,2020,0.4153893775637618,-0.0886139452531673,0.2165989461033796,-0.183759097060195,1.3330298260105153,-1.0369939046587182,1
2020_0896,2020,2.912513069961006,-0.0886139452531673,4.059531228996823,2.64273430193763,1.2067002600143582,0.4826354994557758,1
2020_0897,2020,-0.4759011601589751,-0.0886139452531673,-2.086073582612479,-2.7157582843783166,-1.4962989394328652,-0.6075290409554163,0
2020_0898,2020,-1.2101145240815991,-0.0886139452531673,-2.25738247498137,-2.0925542703834124,-0.7307913673701639,-1.6490663313591984,0
2020_0899,2020,-1.3427671565638066,-0.0886139452531673,-0.48986128438655885,-0.5826291969681707,-1.5195521916552701,-0.2874711320558362,0
2020_0900,2020,1.29096774397258,-0.0886139452531673,2.5293134789672953,2.664233251497638,0.5339226713827899,1.3247369656272514,1
2020_0901,2020,-0.8214760485999719,-0.0886139452531673,-0.9354103430567784,-0.6849569638838293,0.9227743417367024,0.4607420101184635,0
2020_0902,2020,-1.8707781694620618,-0.0886139452531673,-0.42775757981272566,-0.4371420798176089,-0.7234436979229952,2.017809371605892,0
2020_0903,2020,-1.2644301293601061,-0.0886139452531673,-2.8435474174587094,-0.9824630983269416,-1.7500212607897387,0.17723014526811154,0
2020_0904,2020,-0.6280656334805489,-0.0886139452531673,-1.6775115456917669,-2.0263984541151934,-0.655731727468869,2.4478027535929074,0
2020_0905,2020,0.9381934564744103,-0.0886139452531673,-0.07361572913756698,0.5098616517606207,-0.28143674085064774,0.17752122551705124,1
2020_0906,2020,0.8838072600093054,-0.0886139452531673,-0.8950458499478811,-0.21190971998127672,-0.1592083140120094,0.022480296153736364,1
2020_0907,2020,-2.694365480724459,-0.0886139452531673,-0.8830197659761131,-2.2787099677768716,-1.6328985087590329,-1.2793900879214963,0
2020_0908,2020,-2.5644727461261723,-0.0886139452531673,-3.2428276216104335,-0.5982510806802536,-1.155447561756547,1.1105627402927678,0
2020_0909,2020,-3.3283953114415024,-0.0886139452531673,-2.322195966087449,-2.1231779820879617,-0.05042480352863876,-0.5021251289404789,0
2020_0910,2020,-0.7701712109844704,-0.0886139452531673,-1.537193794013418,-0.6804459932766387,-0.33728144158652873,-0.647047639408727,0
2020_0911,2020,3.308914542082771,-0.0886139452531673,0.1687141640489237,-0.30182275222109767,1.2183962625978628,1.281230563762572,1
2020_0912,2020,2.925328943470306,-0.0886139452531673,1.3964085022070676,1.2963830201167545,-0.07913965247243393,1.1582226687959571,1
2020_0913,2020,-0.12608448862651644,-0.0886139452531673,1.30558019190248,0.5113174310370374,0.3669485156514811,1.132051367210679,1
2020_0914,2020,2.2248546715562,-0.0886139452531673,1.8937987459354568,2.4066155336506445,1.0176008855065508,-0.36219113405498116,1
2020_0915,2020,2.9221063499235562,-0.0886139452531673,1.752383732712678,1.323718895579065,0.29734401168926966,-0.05097586530525164,1
2020_0916,2020,1.043190019261336,-0.0886139452531673,2.140812789361381,2.2357828929941412,0.5773068477591213,-0.059854397695851456,1
2020_0917,2020,-1.3985525693499505,-0.0886139452531673,-1.0019184000090542,-1.7556467164251925,-0.4469130459760404,0.7825181806723981,0
2020_0918,2020,-3.5078930508046704,-0.0886139452531673,-0.6965330991833303,-0.9438566597558327,-1.0790181449610416,1.55356466849423,0
2020_0919,2020,-1.2332638320233584,-0.0886139452531673,-0.4884862980808087,-1.9810871581162783,-0.6191523287183799,0.36814655519840694,0
2020_0920,2020,0.43644027056528256,-0.0886139452531673,1.1416566973910256,0.5863947572555819,2.074182764815655,1.9748910853573585,1
2020_0921,2020,-1.3003649820884855,-0.0886139452531673,-1.3971943099170738,-1.262104222744629,-0.9374870391895981,0.8971944180330614,0
2020_0922,2020,-0.06120292218888035,-0.0886139452531673,0.6675574656602298,0.27414177931286077,1.743470247775365,-0.23479939411441825,1
2020_0923,2020,2.042858224477596,-0.0886139452531673,0.18244160167003454,-0.2155028588456951,1.2474960538458866,0.8287114061289749,1
2020_0924,2020,2.52451267542669,-0.0886139452531673,1.4216168299098295,-0.4135173236526528,-0.3737935947894133,1.7059402787087732,1
2020_0925,2020,-2.2831798617151677,-0.0886139452531673,-1.0940151740851556,-3.339748115707397,-1.6817096234108195,1.9982889833413344,0
2020_0926,2020,-2.6369225814104347,-0.0886139452531673,-1.6631737506367648,-2.056346463503458,-1.4668767064559172,1.1868913445990807,0
2020_0927,2020,-3.656023042549981,-0.0886139452531673,-1.6622448193245927,-0.3725061033281555,-1.4838679335462268,0.025674453657999224,0
2020_0928,2020,1.233586465924823,-0.0886139452531673,-0.21039872778278856,-0.598498532013283,0.7277682031145487,-0.21669325405592046,1
2020_0929,2020,0.9184060657183949,-0.0886139452531673,1.9788413412371997,-0.36812284625330505,1.291715238465458,0.5760695035613909,1
2020_0930,2020,-0.05101941234805474,-0.0886139452531673,1.0786176695317875,2.790898571232915,1.8041267333637783,1.6739744952710462,1
2020_0931,2020,-1.0469812436878283,-0.0886139452531673,-1.8628000195732701,-1.6364960498482541,-0.5534599290199342,0.4337691222144516,0
2020_0932,2020,-1.9499703818646492,-0.0886139452531673,-0.19145225039798175,-0.6789539908351643,-1.1565436448425679,0.4545318718688109,0
2020_0933,2020,-2.5757359586452324,-0.0886139452531673,-1.560448809794373,-0.35768285349950535,-2.4657929949038997,0.05139785431709231,0
2020_0934,2020,0.9454275943595529,-0.0886139452531673,-0.40650062701223266,1.6625261297812801,0.8564716603338705,-0.3278910626312124,1
2020_0935,2020,2.5713045389296156,-0.0886139452531673,2.021222289219133,-0.5223142306080597,0.820616154955993,-0.1621345066439178,1
2020_0936,2020,-0.8970630562447778,-0.0886139452531673,-1.537096989566113,-1.2310596798994902,-0.6536569971688339,0.13542598524553,0
2020_0937,2020,1.3699739385015102,-0.0886139452531673,0.5911009097912105,-0.6182272695183921,2.4849922381626666,1.7180999962398222,1
2020_0938,2020,-0.8808949815351474,-0.0886139452531673,-0.9588199796508226,1.4463178589103234,0.19247723695445773,-0.23971377853080178,0
2020_0939,2020,0.33908804361326106,-0.0886139452531673,2.142589222790115,-0.5948752640156001,1.4280487345999888,0.05261207591138063,1
2020_0940,2020,-1.4676298992729695,-0.0886139452531673,-0.9799627091336883,-2.04784021886982,-1.56966170405728,-0.8653776604065087,0
2020_0941,2020,-1.3526776695135294,-0.0886139452531673,-2.1991171261452305,-2.0406008548415047,-1.2103957993573948,0.7166310664731552,0
2020_0942,2020,1.0301634915012732,-0.0886139452531673,1.54387700411218,-0.4966604767228804,0.7241243144571983,1.3666791787182826,1
2020_0943,2020,-1.0645416640425822,-0.0886139452531673,-1.484989724261724,0.35259390975654537,-1.4203256992082829,1.6244978459567558,0
2020_0944,2020,-2.2804334546444514,-0.0886139452531673,0.8879239715294662,1.4224479010834958,-0.3996283800119056,0.20336452469571042,0
2020_0945,2020,-0.9901792922238821,-0.0886139452531673,-1.0011197219978902,-1.4757491193126173,-0.5144729206274364,0.5743542832792355,0
2020_0946,2020,-0.9481412284687081,-0.0886139452531673,-3.235035497898666,-2.3204231468444103,-1.670646234443754,-0.15355032217003803,0
2020_0947,2020,-1.4171598806970662,-0.0886139452531673,1.357364972155674,-1.2369254987260212,1.7574533672768995,0.5280186796945225,1
2020_0948,2020,2.6903057035101177,-0.0886139452531673,2.9445977922602284,0.7558912814778985,0.8818482670470883,0.3139651524992144,1
2020_0949,2020,-1.547632565352754,-0.0886139452531673,2.5759202885453893,0.6836345768385561,-0.583256917393801,0.05826438725148733,1
2020_0950,2020,-2.1160490255561255,-0.0886139452531673,0.8309542887565653,-1.6512961263601444,-0.8410742866759756,0.13775369227712947,0
2020_0951,2020,2.525348034257755,-0.0886139452531673,-0.019760185381463513,1.2213752539762284,1.024965164738324,0.45192228339364876,1
2020_0952,2020,-1.8172867252524407,-0.0886139452531673,-0.08784760402322123,-0.6048268571845137,-0.02176611085140756,-0.29415243484556425,0
2020_0953,2020,-2.966185982469542,-0.0886139452531673,-1.7219945397367118,-0.6769167420620994,-1.0699811225012932,-0.2424967920780333,0
2020_0954,2020,-2.593737061716671,-0.0886139452531673,-0.7757106005830755,-1.3161248719684873,-0.13764938604223423,1.7073620136715535,0
2020_0955,2020,2.5269057463206197,-0.0886139452531673,-0.27295242873973247,-0.10162182957426191,0.9497135894161726,2.710546768846383,1
2020_0956,2020,-0.42150453054863823,-0.0886139452531673,0.3555442351172837,1.6658330978067157,-0.25204368723006354,-1.2043669485340438,1
2020_0957,2020,2.6289911009620175,-0.0886139452531673,0.3237533026363847,1.0125137594215305,-0.332133418786011,-1.2594712043760588,1
2020_0958,2020,1.4448979009577108,-0.0886139452531673,1.8985552801426162,1.8883575248346502,1.698047896119479,-0.9571528278081498,1
2020_0959,2020,-2.6923953304424337,-0.0886139452531673,-0.19928087833034458,-0.20992445052776865,0.15678734270541528,-0.10328841503855507,0
2020_0960,2020,0.9168849276973089,-0.0886139452531673,1.2768197293308208,-0.42176206904711555,1.0583273843237784,0.895780511037257,1
2020_0961,2020,0.4827756588983587,-0.0886139452531673,-0.3504214180553855,-0.4342222074576032,1.996565376944023,0.591252942048272,1
2020_0962,2020,-0.6337747991414714,-0.0886139452531673,-1.31163943394972,-1.7555407187405283,0.045287879233285366,0.17203113678046833,0
2020_0963,2020,-0.7675721902371617,-0.0886139452531673,-1.746116482942726,-2.0562654082906677,-0.2530970164162231,0.5289355469578989,0
2020_0964,2020,-3.219161133876047,-0.0886139452531673,-0.13032424330550896,-0.24474822402389929,-1.5290491909869375,-0.6920861566283695,0
2020_0965,2020,1.096407881480666,-0.0886139452531673,2.1781848528171848,1.3513096759879177,2.185143000825875,-0.2441227717526189,1
2020_0966,2020,-2.363185662344277,-0.0886139452531673,0.05638558603088306,0.09918399378531073,-0.37095885423338165,-0.020094548375796818,0
2020_0967,2020,2.7935099684593703,-0.0886139452531673,0.24478058058297947,1.3964868174109184,0.4913289803107027,-1.5842163388718526,1
2020_0968,2020,-2.850099118126421,-0.0886139452531673,-3.739533122289479,-0.791350418126631,-1.3346160042442385,-1.161310204722596,0
2020_0969,2020,3.1042291046850137,-0.0886139452531673,-0.7669618981300543,2.19972978034417,1.0054270252110855,-1.121566061277659,1
2020_0970,2020,-1.5332947395169376,-0.0886139452531673,0.4216269780822084,-0.5302726602649515,-2.1368472678707637,0.7641082236837743,0
2020_0971,2020,-2.6619344063800874,-0.0886139452531673,-1.401254939319824,-0.9318990365622812,-0.24026137971770992,0.24535494857241638,0
2020_0972,2020,-2.1772741840092777,-0.0886139452531673,-1.7507246182651124,0.4804530339306854,-1.5628566517552216,0.611061200073943,0
2020_0973,2020,-2.301618840768451,-0.0886139452531673,0.642660293436234,-0.8848191168472099,-0.5035135129405707,-1.8396549898024643,0
2020_0974,2020,0.22538159798449398,-0.0886139452531673,2.265159945488327,0.6956593950820784,0.3827037301134724,-1.4835666860516032,1
2020_0975,2020,-1.4051731402696244,-0.0886139452531673,-0.9755512780802134,-1.8378232587776497,-1.011534970179763,0.6632154402564954,0
2020_0976,2020,0.2720844493081567,-0.0886139452531673,0.7065969089360261,1.7030254590454112,0.19447210178794816,-2.778669641666051,1
2020_0977,2020,-3.6803662087381888,-0.0886139452531673,-1.1321012128131251,0.23705054184246888,-0.9289835449446413,1.2246293575998046,0
2020_0978,2020,-1.879676470848173,-0.0886139452531673,-0.772837201612534,-1.05058740143343,0.7115036368138832,-1.82331714352279,0
2020_0979,2020,-0.30285619641788264,-0.0886139452531673,2.600047281319608,2.307915623779839,1.9080477016389126,0.8433448919249784,1
2020_0980,2020,-2.2521608680675205,-0.0886139452531673,-0.5775325757627733,-2.9700150319715757,-0.5164168360036346,-0.8885846247569626,0
2020_0981,2020,0.5908971113966441,-0.0886139452531673,1.7260290330391412,0.9445466251920852,0.7797645875480381,1.0489037151715825,1
2020_0982,2020,0.6287839279741858,-0.0886139452531673,2.1692701090701716,0.9599050878955638,1.475360952554308,3.208160913916495,1
2020_0983,2020,3.5009631015901537,-0.0886139452531673,-0.16967600102441893,0.273005627592653,1.7039763152860452,-2.2731776301211255,1
2020_0984,2020,-1.4435884328304291,-0.0886139452531673,-0.2451381075259571,1.3838610379818732,-1.4638547057660234,0.6953771478606484,0
2020_0985,2020,-1.254628991004668,-0.0886139452531673,-1.2945687546616114,-1.0661926326887612,-0.8619510941057618,-1.8081627135937397,0
2020_0986,2020,-0.2763982963422946,-0.0886139452531673,-1.516095195772766,0.5922692283955667,-0.6575665836544643,0.4267689222175041,1
2020_0987,2020,-2.153963133636922,-0.0886139452531673,-3.128169541985812,-0.9740378865664949,0.09848168820871593,-0.20677216355189393,0
2020_0988,2020,-1.284697370058488,-0.0886139452531673,-2.0181176115186856,-3.0028137385258296,0.8520194061606845,0.1297823224618433,0
2020_0989,2020,-2.5245289129130066,-0.0886139452531673,-0.4687767714074186,-1.7598679253449152,-0.7359339003015316,-0.911686276328237,0
2020_0990,2020,2.4080628435179854,-0.0886139452531673,1.1137995653402963,1.9832399694454041,-0.9000080999224132,0.7805411094965004,1
2020_0991,2020,0.2973034140989699,-0.0886139452531673,1.184366707175664,0.3710546450672253,1.287112413261625,-1.448357837970381,1
2020_0992,2020,1.2136338641348243,-0.0886139452531673,2.950943482686692,0.17112483719972849,0.07672866708073577,1.2416372628987402,1
2020_0993,2020,0.9139483600244414,-0.0886139452531673,-0.2690896148598123,2.3095256365144,0.269320446668432,-0.40925030661018263,1
2020_0994,2020,-1.335679340618084,-0.0886139452531673,-1.0274333541837235,0.3402544009518289,-0.29873888816719696,-1.4026906774030896,0
2020_0995,2020,0.859509928144574,-0.0886139452531673,1.3044355228138156,1.5169904721611418,1.0036433004101795,1.5949368233406982,1
2020_0996,2020,-1.7708936270709374,-0.0886139452531673,-1.7362731165383356,-1.4551173340386674,-1.1904870202708815,-0.06734265280915312,0
2020_0997,2020,1.2638699082220144,-0.0886139452531673,1.028326745082941,0.7605289348836765,0.2803154939186685,1.9076359704420263,1
2020_0998,2020,-2.234387757391301,-0.0886139452531673,-2.5999493340843447,-1.804149961574959,-0.6993311558233338,1.2213561293133421,0
2020_0999,2020,1.9850938684971127,-0.0886139452531673,2.4099062172750276,0.005226880971355152,0.47242755799010605,-0.798145704786435,1
2020_1000,2020,-1.2616116251625746,-0.0886139452531673,-1.6816145525304338,-2.0444164883084324,-1.687389706882406,-0.0849898009367489,0
