ID,year,heartbeat,income,indoor_time_hours,body_weight,age,screen_time_hours,gender,has_office_job,medical_expenses
2022_0001,2022,57.57807906002563,34273.19147335023,63.043776691923114,36.42469891445465,23.684606248167764,37.934007394325036,female,0,104.06336578541527
2022_0002,2022,74.24357757187434,39854.85714051237,67.59287641534908,26.322461012029407,59.80540255434109,47.04411668556099,male,0,300.7411716570004
2022_0003,2022,95.34611874185255,13034.893740469433,56.786359283547306,51.94082221382308,24.81224872759801,15.212434820991657,female,1,9.070251567856412
2022_0004,2022,62.1720425085243,23298.412587365325,60.529274081321354,33.77992476098312,44.99497272309715,45.68311308965879,male,0,34.123967614754356
2022_0005,2022,63.938180693774235,11182.874956646077,67.10534670789247,28.76028237570566,44.699599441977476,38.386472956308864,male,0,385.1951157242529
2022_0006,2022,97.23122018406166,16069.6749610438,85.86003830959866,64.39923966687664,41.956367823290776,35.185599771094914,male,1,1.429750566448063
2022_0007,2022,71.1681419968978,115623.16540020687,67.21982777676271,51.9662786898701,35.85423117838392,41.80959957421132,female,0,364.5814560972286
2022_0008,2022,55.002877713306184,35352.71638060764,78.83720361193,30.919375676708498,49.07252651140502,35.04174746187972,male,0,4.360121831608429
2022_0009,2022,54.58412367378728,145887.48825482113,71.4072911020292,42.83441435744637,25.196325260569044,18.76125080111644,female,0,49.96136466317907
2022_0010,2022,76.0467921540253,15928.322307985762,81.27401339464686,29.6588886047029,40.141712113260766,49.22247941171938,male,0,2.582479541485933
2022_0011,2022,60.8766312779527,1381.2971768909977,64.40957782694944,36.950778290608376,35.16125323447541,42.43017561348193,female,0,197.6010304246862
2022_0012,2022,80.83157907403125,58128.63047123208,93.90222710651804,53.09670420822224,32.427020579329685,36.86057545252148,male,1,1.0631646721341013
2022_0013,2022,69.43812709383104,125873.47750993414,60.14603797085877,46.01895648606442,45.08747787453545,30.338146279275627,male,0,29.114897943687204
2022_0014,2022,99.63369806032686,5256.316378267743,62.33538165802331,53.21211826157822,49.974785427196835,25.30142483892865,male,1,73.60772651145182
2022_0015,2022,49.69284742743294,105044.22017152459,52.89947150310966,50.11660413706647,37.367442381631335,42.238927070680575,male,0,3.3284275990603165
2022_0016,2022,67.29481715463606,6522.699722915133,88.3102467155807,37.54279226337801,48.60681089925777,56.13440960225359,female,0,1.242965429507731
2022_0017,2022,72.35583092428374,21591.363436461084,73.19447572617898,33.50396290405169,41.29740665444598,42.03166476741038,female,0,24.167288405845095
2022_0018,2022,68.74386451706263,63009.49677442366,61.658792666196916,27.46694737654837,31.872677907619913,26.17238393907174,female,0,53.91992092076752
2022_0019,2022,101.31981483761395,5335.725283796369,82.49022696873494,62.5320451029535,36.620479067589365,42.25116727038402,male,1,2.098557072019587
2022_0020,2022,50.957309019092506,82608.79553257066,71.87692185117783,48.952184022261804,37.80514109208385,39.46657037753272,male,0,42.41491206278107
2022_0021,2022,68.31040154996195,57009.43169080293,84.6612747137559,42.733212565368746,33.83340087494553,48.640436260742305,female,0,1.6100254720173377
2022_0022,2022,61.97380240529554,96076.89609454476,49.52167167260089,62.38831666414424,45.08482928655833,46.067331774117264,female,0,1.894111759214356
2022_0023,2022,90.17209841275356,4171.680435632068,67.34639891685745,74.29787452470418,41.5464618770476,10.141774658900765,female,1,342.9209657290444
2022_0024,2022,103.70555609419726,16886.10589475668,65.37478616057174,56.924722352829846,23.293503017305824,45.45242204428457,male,1,312.62362783005443
2022_0025,2022,79.7927451067423,209321.1895977154,45.26317323591398,36.819725661929304,24.28474004760642,29.965205904959163,female,0,1.2776213132048866
2022_0026,2022,82.94370054600358,1202.7943656199284,75.60327204779693,44.696967194853535,45.04684453205754,25.78271258551301,female,0,10.859062664920515
2022_0027,2022,78.14807871505906,235273.06416330056,62.29603444196641,31.619808195743147,32.64713571205465,38.11526589626436,female,0,72.06006447067344
2022_0028,2022,63.902658183698165,134346.54763730365,72.39631204986563,51.66288306532487,43.82041155100324,44.10971109030012,female,0,33.44826778394491
2022_0029,2022,68.52720163026343,5094.833653129071,88.59771934329612,43.61600521843584,48.60931578109188,23.592653897131758,female,0,1.2168310750802838
2022_0030,2022,72.66822871784244,9116.710934150107,61.46756308172392,42.56458910858533,28.090471625944406,47.04576417057552,female,0,49.77436039783525
2022_0031,2022,66.21177949299462,174692.46977645322,60.78847017342845,46.86953667770816,26.684627454238147,47.633388475315996,male,0,38.139481292956766
2022_0032,2022,96.30764187911544,46766.05294052508,71.18664169723996,77.22829883369059,55.94431682395295,40.46976196299498,male,1,54.94045706604922
2022_0033,2022,73.23753131876182,36531.05525942963,74.8724735298341,41.70955352187505,44.315707829624586,31.323763697729515,female,0,13.531225302747648
2022_0034,2022,64.40717353974068,18251.2522523489,59.3328697468985,38.86959629128616,36.60759343326729,30.20621995810708,male,0,21.16819882407055
2022_0035,2022,57.707130636263386,38606.651657994196,58.69038402867869,55.08719623322578,31.46059547353736,50.259321315802275,female,0,17.35273272927178
2022_0036,2022,60.85526934164142,27925.987819961578,75.57189270241366,49.675504159911355,35.6955915109272,24.887773135040952,male,0,10.94081181100648
2022_0037,2022,71.33910377733743,34834.395385041185,68.78639323838036,36.790201596162774,28.894276638866895,50.64470460819179,male,0,169.2285215421025
2022_0038,2022,65.02993291199955,245514.6942959171,44.55271736995179,40.0518644865902,49.6341217409059,38.348008408695634,female,0,1.2414126933831036
2022_0039,2022,68.40209976868339,1769.5877795640272,52.74608200530892,41.95380915938799,33.03248846393679,39.04165500357143,male,0,3.2099327924779915
2022_0040,2022,71.7007924220219,395397.24565409025,80.0123586382721,43.61812944604983,51.73534588216267,22.91912294586675,male,0,3.295309191095809
2022_0041,2022,61.25158537102391,20113.012809385396,69.01928283078813,26.43400149060886,36.793710802299884,38.532833698714136,male,0,151.6006862631794
2022_0042,2022,102.56248163629806,19680.513462843377,62.37804068962751,44.575153921984395,28.766498163826856,46.135855160113756,female,1,75.47111497961843
2022_0043,2022,68.78842603458395,105041.46147230154,63.29590342765018,31.126099779975462,36.536984119861984,26.63589912148019,female,0,116.45442561142498
2022_0044,2022,52.65186913088522,305990.4318913412,65.1323667280167,30.352615569886577,15.0,44.986358672518456,female,0,272.46223027461986
2022_0045,2022,109.42304791186244,63211.58475341672,77.35733360280163,53.561759860274975,37.99231423325993,40.89012253679023,male,1,6.296538261026657
2022_0046,2022,89.99255256243084,15924.233667164184,56.4173660514121,66.34710642090005,37.49880808869842,33.56244386167693,male,1,8.034542024564802
2022_0047,2022,48.44904656814816,5770.765957548925,56.59050861329542,38.31070843675262,49.04742746547967,48.546730864913044,female,0,8.478215573436374
2022_0048,2022,54.54956290413698,35807.68693272463,67.72955754863389,41.96394605010188,21.9369507201662,17.97743231021444,male,0,277.6190915880462
2022_0049,2022,54.78954839321678,4014.2591919654337,64.0016541950455,27.756965899577384,52.41866360863548,43.46680748743709,female,0,160.9751491556009
2022_0050,2022,65.52173318657533,285968.39929710596,70.7185918263671,35.38357797079055,49.00599294997656,56.19435158073292,female,0,68.46002511783902
2022_0051,2022,62.26149494453763,20739.582362170648,52.704926026404024,45.8725766174484,53.32043563698662,54.399431391006615,male,0,3.1779934275388384
2022_0052,2022,61.63168032359407,132098.578982812,68.57128676271321,45.94952458176802,40.27278623995862,43.898067205385225,male,0,186.32640475274295
2022_0053,2022,71.19701965482479,206887.31942322812,75.91583619377472,32.75426171812092,50.938968341027554,36.983192238691544,male,0,9.740086514429944
2022_0054,2022,68.39875361192703,67947.80797377892,69.86818547149284,41.61662386379554,26.087559650930945,33.64197443452369,male,0,102.51406411049346
2022_0055,2022,68.16047870644286,137790.52540075872,66.39111739761591,61.98847853482332,47.93047565204533,36.97074206094358,male,0,509.6631411815277
2022_0056,2022,69.09828457328693,65183.866903369344,64.0411639743403,39.824020707443616,33.088372379000546,45.43807247917906,male,0,164.63814417426335
2022_0057,2022,71.16134668002238,26485.99046116798,56.65148847228498,33.068130538575545,24.285981675770635,31.927561945405838,female,0,8.692842622510005
2022_0058,2022,43.92046658222557,126226.78020986778,64.28001407560211,38.2623761063784,29.55859481835639,47.57423818050381,male,0,184.01182097964656
2022_0059,2022,61.35561747735539,110734.36314288409,77.59705852880406,40.92177107526833,40.855311386292705,61.331605180033236,male,0,5.959579947582587
2022_0060,2022,43.197899355105264,8256.30494720627,63.80971493399875,38.488316193094505,32.55700791782397,39.38116764872605,female,0,146.56954123087107
2022_0061,2022,65.36059926797796,156496.57612002085,56.1019601065159,39.68645299323498,44.560735316957995,26.556051967166947,female,0,7.251802074643821
2022_0062,2022,64.95367027775654,28393.361246768207,60.077529112346134,25.565532030631605,22.717624449959825,26.552552536835872,female,0,28.325147094540903
2022_0063,2022,75.4553227478968,681027.9006453363,67.0085029727593,30.37369524914049,19.529024563841382,47.76565551711575,female,0,403.9333947947114
2022_0064,2022,76.87634392721121,267675.45559227985,61.26486002819153,38.50664762928503,54.52387434143576,39.40253821039556,male,0,45.83280036633347
2022_0065,2022,67.02775048252367,52961.04312207448,69.8530328306314,38.34732029977563,49.83800129401434,48.76830896064053,female,0,103.67385894549811
2022_0066,2022,59.996389226031,77522.22290670878,70.2284376074903,34.3381072514,30.307031640861922,34.6636575084065,male,0,87.68492572020412
2022_0067,2022,69.85161112545738,7609.7723611442725,73.88983180404648,38.22986413923563,40.7700035652946,48.30623547539832,female,0,19.03444057272182
2022_0068,2022,59.72082362675687,48135.873095897405,79.23559472265033,40.61014855414205,50.995070602013236,38.417008265502744,female,0,3.9402729596139814
2022_0069,2022,64.98607348556651,39717.33238803651,74.95858724372361,48.89413456524525,44.99200608290605,32.67495944676051,female,0,13.213644896919401
2022_0070,2022,74.86136316960767,29218.12095633542,55.6576093585204,39.00788264773949,42.282230961834784,35.99001521197616,female,0,6.472095917328692
2022_0071,2022,59.422286540105766,42386.77967381595,55.96465553423728,43.99103205298253,51.75154081312597,28.029456445767636,male,0,7.019907209988459
2022_0072,2022,73.05678639242501,3109546.156080714,64.24228523540175,34.58399698566079,33.49287524798779,59.893595585816115,female,0,181.0457931327568
2022_0073,2022,101.77401368692303,8121.631309483453,65.48824642760586,65.72095723598481,39.51178448664629,39.03618186441513,female,1,333.61912567456767
2022_0074,2022,55.45208182869178,4714.40278938511,53.616732730390574,43.75730297612357,40.62151361707608,46.44514088682196,female,0,3.905945970806452
2022_0075,2022,74.73894128217401,41139.55967877362,60.58308205827006,48.65817003179819,38.07237952328957,34.631308671292004,female,0,35.075398945721304
2022_0076,2022,71.98566345371505,24646.178363145053,60.25487066380961,47.134604624444876,36.901944885792474,29.48072178020177,male,0,30.83807105856924
2022_0077,2022,66.01925887372657,91033.80644019651,58.281522602387945,45.88735622881146,41.528682378284905,37.661194890820646,male,0,14.73167592044257
2022_0078,2022,57.376765419723476,16208.689996773193,61.842105138449945,39.0158259134222,41.144074959855274,51.011925333791986,female,0,59.21944791385203
2022_0079,2022,56.4079398142443,297115.7474444475,76.7845085031833,42.44939227044468,30.31572357465474,34.792682086017166,male,0,7.242742985161012
2022_0080,2022,59.62337423096977,208346.4331956609,66.9923804124924,50.63508928451527,48.81795909900447,31.294680272705847,female,0,406.46588429810106
2022_0081,2022,70.4259446329196,11541.635148129806,89.71809076055469,33.479254305972056,31.036147922337413,41.554642443691435,male,0,1.161834242728283
2022_0082,2022,55.44374832598602,7211.144158651878,66.70508186019649,33.71592221303134,38.61766555452826,44.99022600717744,male,0,469.3036498539783
2022_0083,2022,99.3751224861987,105148.3052244315,67.09934226062748,61.814313979503616,36.24719527279949,56.42848168853183,female,1,386.6423092000562
2022_0084,2022,52.58244471121608,1717.5798472666731,65.04132882654866,44.152796902654536,44.38103612659216,43.53750478372495,male,0,259.1740905023077
2022_0085,2022,62.95931415561151,17919.88559991749,67.5649197844354,31.758935007359955,19.60896059782667,46.43992678531235,male,0,304.1436126838734
2022_0086,2022,66.09647754574009,322774.6289505116,69.35253957171064,39.25237436586691,49.709098149294576,47.19275236920321,female,0,130.32091689645884
2022_0087,2022,89.45130145058917,7328.489355399092,85.76711325859024,39.06001225771215,34.030096523878356,28.4698461806737,male,0,1.4387144905718285
2022_0088,2022,51.22684344479632,68321.40310077253,56.546795350224315,17.847198843965295,52.999632947770536,30.366679295304557,male,0,8.393855918970289
2022_0089,2022,79.72014566490134,43254.69819019814,73.59046058177735,37.804060107412404,36.01835075483845,29.161037103943496,female,0,20.905243235092758
2022_0090,2022,66.4984241398728,1340713.458653375,67.07750597614124,38.426821671515334,40.31156414265989,26.678542443083543,male,0,390.04027382107915
2022_0091,2022,69.11171918015962,28905.854809880806,49.289022574293824,38.39707057176981,59.93786040068424,47.954598748704036,male,0,1.8358360668430085
2022_0092,2022,66.18347913388205,222535.51009770436,72.70698782094763,54.159142745772684,38.026617912063315,42.900500916637554,male,0,29.62889299690223
2022_0093,2022,69.44726818195232,479166.00429518137,77.67623560803905,27.842017014911246,53.18849884673458,40.794960630914495,male,0,5.8708533613826015
2022_0094,2022,63.463148956379825,8875.270139236069,56.4282359622257,31.753774287953874,41.1904508556456,14.072834845977313,male,0,8.095027627233044
2022_0095,2022,79.54050181457458,45747.81131935131,64.9106613210803,13.87804201680666,44.954188302934895,60.554768586186185,male,0,245.61124965299038
2022_0096,2022,60.43528855775278,55295.64610865629,47.746457379922965,35.19083333825859,41.49958589411374,31.05727995846444,male,0,1.5200602922113005
2022_0097,2022,76.32234572179247,45012.41377802482,52.41193540315663,36.04356445873999,49.27851626300124,60.518127559389576,female,0,2.9742740725630656
2022_0098,2022,58.556328797869774,236508.10708502395,75.48029577617253,34.90022823665744,33.944683871469486,25.50758519348684,female,0,11.288110458694254
2022_0099,2022,64.39748153598713,2614.4659862891517,60.335834939925654,51.0767733948376,30.95951476980814,31.87598841443463,male,0,31.697886286474372
2022_0100,2022,84.28037447709781,15466.372231959886,58.91197025061961,68.60617522336963,32.814238096229786,17.971506174903702,male,1,18.379758912452964
2022_0101,2022,99.5502372034752,11770.920798835652,72.2946036445843,60.77856724267304,40.19710376324091,43.62124975942697,female,1,35.20717862423569
2022_0102,2022,79.45125956926533,4595.918001010423,59.77587568568977,36.29386946460138,38.5918121444967,28.987431791887676,male,0,25.153574155818365
2022_0103,2022,64.22643820179145,14793.38165730576,60.29178342224464,50.26189668106864,47.90274876471176,29.269998459016456,male,0,31.18695816830946
2022_0104,2022,93.03114301296091,23158.127957988345,77.39326025674903,59.80242140164148,52.247316998215204,26.274857828256025,male,1,6.2416838891017195
2022_0105,2022,53.85383036932073,23992.75627887858,53.38266641065653,31.81729961081542,31.041616627649912,47.77355062737863,female,0,3.6327865557528094
2022_0106,2022,62.70707346447692,1582.874194028835,55.94634787318168,22.837513225154485,33.46051208386067,47.11463651567547,male,0,6.941375821197036
2022_0107,2022,49.07205740278472,53519.77600661333,66.54079992148868,35.586855061043174,26.437605816871457,58.12033891078785,female,0,498.94706102834203
2022_0108,2022,55.87122013281173,9440.165978540808,74.69409790748205,47.546436171726086,61.10372990759104,33.142933789270266,female,0,14.33207453458093
2022_0109,2022,67.26786046109136,34843.95819868727,77.3816030148985,62.76538689543089,43.846694991218264,42.188193710468006,male,0,6.257307620351177
2022_0110,2022,108.19013197741396,46070.327206222464,63.34938279638377,60.61610346189476,43.99802320051578,27.106648025980483,male,1,119.10435004481388
2022_0111,2022,93.09210861229504,73513.5953161816,74.37376966919648,32.346444848796956,27.397916149689514,36.64960977264682,female,0,16.139182322446413
2022_0112,2022,59.13414914929099,30546.24463553732,57.15857706529591,28.15034791715786,40.78830010993125,34.81154686718823,male,0,10.459388540532034
2022_0113,2022,79.3530015664544,4501.003489326825,83.262093469068,45.51954896305599,45.89247984413085,44.64449957495421,male,0,1.9275504501675447
2022_0114,2022,67.43752480401648,596.143678067015,53.66228974580272,22.353839476157315,38.27242309465575,50.17021806418191,female,0,3.950135965633559
2022_0115,2022,63.487523532536244,32337.092548989982,78.28478810791731,45.503451014048885,51.55705624826394,49.910666908315,female,0,4.934493335321137
2022_0116,2022,99.32594451726152,194283.9122775196,63.43513893181276,68.17711606262912,62.3183112564283,31.57187727782389,male,1,123.65556512115893
2022_0117,2022,65.6191648367996,1605447.2761633606,85.132464547946,44.36279453232864,31.32937172906048,49.98467904622999,male,0,1.5219615556186337
2022_0118,2022,66.10395725612219,135770.72519993075,70.91320728852484,37.803383280614426,30.57912754023303,39.55914862892203,female,0,62.41152788128516
2022_0119,2022,60.91666837173331,27863.84193121199,54.83983470591778,45.649406535468145,32.02243934471423,36.75403104102985,male,0,5.246178988994604
2022_0120,2022,51.018903402011496,675611.8926521562,59.77761520457493,41.709383711283,56.861991600164906,32.91488513181081,male,0,25.18503578293351
2022_0121,2022,49.56374797477918,499763.6526463413,72.81181205223741,32.218761581394084,51.22355317029684,34.40064205638448,male,0,28.2544226691719
2022_0122,2022,71.53244883281226,163784.12990909966,75.52644417615561,58.504123223750256,39.444721822063514,57.42313846196233,male,0,11.092286978670202
2022_0123,2022,62.232999099142866,539366.2727634758,64.29284408275538,36.48320620389484,41.16559664400874,43.074107664940236,female,0,185.62898920635328
2022_0124,2022,59.039111003438336,147616.28637262608,65.44658280963466,47.75752300449909,32.63456373803278,41.74611847501205,female,0,326.60451346801017
2022_0125,2022,65.08505626723154,55306.87359100511,72.58353032644065,15.813857173042853,49.700271577431835,37.37753141463053,female,0,31.304128819101535
2022_0126,2022,72.94932252915628,185406.14281132055,66.3179842701082,52.76470882780929,37.00098175891446,64.45978611438028,male,0,494.6003189739166
2022_0127,2022,66.80363943026398,85168.39493922036,52.064951406616245,54.68763744654582,38.19923460545,53.05010488846425,male,0,2.8045693562372267
2022_0128,2022,58.439450633590326,445369.37832208123,56.87025975359819,40.298337871266384,46.88789771529257,32.78937885201207,male,0,9.311498180631563
2022_0129,2022,77.2629295564895,13930.048981664771,67.35119943151665,45.58771034737759,38.92005061916779,37.26384945295376,female,0,342.06473405027407
2022_0130,2022,80.79185502981632,8093.3371680678965,77.15482416497693,45.58515181607563,38.450340065021535,37.857554566290894,male,0,6.619368681043077
2022_0131,2022,69.94556655322853,41959.400958445985,81.15982424162048,33.57216430359276,40.90575205529075,41.458719782825995,female,0,2.6280706925152155
2022_0132,2022,104.7366351134409,6412.294532292681,77.7952942077145,65.4712230543934,47.15355413793077,32.98774007368565,female,1,5.704469554855064
2022_0133,2022,77.41959996813812,43302.0308127959,67.87290761036364,31.913695301274448,57.26493075483833,44.38816523361697,female,0,256.59526521390165
2022_0134,2022,76.30099316404514,105476.04004900892,72.48813885982477,33.91243076354674,46.654862322460815,54.520881320393144,male,0,32.3786741228279
2022_0135,2022,71.14099177112624,286326.08810051606,58.33249149793144,51.269431432122985,48.833142236242665,26.86371890995837,female,0,15.029275514875401
2022_0136,2022,70.98347047074883,1604881.7115480965,63.46769039741786,49.74657690700203,38.80145937898875,28.71853262907933,male,0,126.15357323837218
2022_0137,2022,100.19660573346502,23051.58479693416,61.75869278660523,52.936244978842076,32.122021368312836,35.16841444702693,male,1,56.61364308118896
2022_0138,2022,54.02662325452957,30960.68225361628,52.51257389292289,32.664236564989594,47.339862322351145,35.63204439892171,male,0,3.0572016374777493
2022_0139,2022,72.00723156859586,27455.906776748496,68.33549011636205,33.544033975423275,42.51240824600571,59.98465874745931,female,0,207.4727488079392
2022_0140,2022,51.44186028873446,2389.7289436864535,66.85513306584744,47.32639566465491,26.573713512502504,50.01709220014839,male,0,439.2198126730846
2022_0141,2022,57.05400544874945,9460.451024578462,71.87652484509013,30.000152191896028,37.51930376574402,49.44322352118264,male,0,42.46796385332083
2022_0142,2022,78.03565067808087,5613.753571551261,70.46111830892447,43.567126390359526,39.97102976518446,37.356343064865996,female,0,77.8668253368281
2022_0143,2022,103.40220162694197,63907.65931246001,72.42644271323861,67.46846810634294,34.095421329715215,37.13686593213186,male,1,33.11545195869231
2022_0144,2022,79.87398289685862,37550.908715133446,70.56616665677554,39.117545497068996,55.617355945421274,25.482945862346014,male,0,72.87531739531711
2022_0145,2022,62.28325616312708,779357.3961596637,64.57316903772524,50.100636968649276,45.59839036902216,47.81740228047817,female,0,210.08243472482212
2022_0146,2022,53.47751158723233,1437.380195765673,69.12891395222401,36.95689830510207,54.53174917888648,44.91054604808785,male,0,144.02688737091955
2022_0147,2022,62.59562802929657,18755.23246519424,57.73855597313641,37.861443990060856,43.43425261652159,52.859973646782834,female,0,12.537824057338915
2022_0148,2022,66.02031297240575,32863.31546284988,68.6970592563913,30.227537688681434,41.61387836425077,37.89170286643833,female,0,177.46084623649742
2022_0149,2022,65.7898871634001,74276.75384646506,71.68417685286009,50.171773476202056,31.434021823897506,38.58220853799603,male,0,44.981441788135015
2022_0150,2022,76.33680478756702,14992.80244968169,58.30318571927797,32.334795530211295,40.919295331965664,41.70045528560636,female,0,14.89834301916451
2022_0151,2022,91.38729574996555,22709.75532223193,70.51832098992847,63.497718177150595,39.330539256754406,48.91897575507095,female,1,74.90719894575221
2022_0152,2022,98.52034471802924,15267.842718348329,63.763974903706405,59.286839328740655,25.528861159657673,25.29784377902521,female,1,144.38740504867448
2022_0153,2022,55.11372850565394,108044.73076493079,59.73493303483885,29.472169368883375,35.40472530229605,47.36056133738374,female,0,24.59393825068574
2022_0154,2022,69.50317278043813,15053.528704297461,53.750706448978455,33.90896856176679,37.567174014836375,39.7950443782717,female,0,4.019871753469375
2022_0155,2022,65.03108550185637,123199.97904525606,77.65774925166555,53.82872239040734,44.93479544055721,29.413627320463036,male,0,5.8929103925731905
2022_0156,2022,57.501866617154825,124247.75599901377,75.65685174720048,42.01657542634481,45.41350111985706,19.153942473459335,female,0,10.724169222047431
2022_0157,2022,62.64170637825147,56938.36510791952,70.37433854227338,29.90849658633158,34.986815180347946,38.63526288121647,female,0,81.65475058283938
2022_0158,2022,63.15824253484779,22044.66790930337,84.72195951943814,43.05328287348692,45.48869602541885,54.4771298327407,male,0,1.5900254143940056
2022_0159,2022,62.29844870662904,6222.430700402537,63.10754303431608,38.53885968405455,38.97921070651483,56.74684666741395,male,0,106.16558522197516
2022_0160,2022,82.71341242267684,38033.51923892717,95.31762415110634,74.54046402244181,15.0,43.553762106700965,female,0,1.0421126011324575
2022_0161,2022,64.0155399769212,103686.63904663787,62.7247058463678,42.85123841342273,35.952979680484574,59.620056638422476,female,0,91.03554184594466
2022_0162,2022,92.56103889822663,680150377.0153236,72.55193351756016,56.19375152933635,49.98988640142379,39.57058917043255,female,1,31.65828868227485
2022_0163,2022,44.02549042389858,22612.466285061768,61.02222086059792,54.20027917787104,23.9819424337232,49.53303551642781,female,0,42.57426658600401
2022_0164,2022,56.057926480205225,7713.454221819672,68.72325560060305,21.589638327071544,41.9269120041554,35.48769111093573,female,0,175.03745857179763
2022_0165,2022,62.36926575543647,4754.664782905585,73.35614927886245,40.94320156381097,56.65261214185287,34.85401160715851,male,0,22.618089353735954
2022_0166,2022,58.14147323823357,409408.41253220785,63.86083606946916,59.944284946810726,33.19387046989519,33.22490883119364,male,0,151.22215790511913
2022_0167,2022,108.81707593377797,49331.29302378791,87.7671984711762,58.83800715640246,39.22149080427686,19.394710528756875,female,1,1.2664908933156662
2022_0168,2022,93.35062224603782,21170.951954399854,72.3914928463346,42.666989553519215,26.15983742772079,52.87092259946912,male,1,33.57393426552229
2022_0169,2022,77.88444249318252,39860.67005368589,67.704853861102,36.04082035589402,57.07231141663572,33.583675608619835,female,0,283.22736925513556
2022_0170,2022,95.61704634050368,25088.40552116149,60.910023054862826,74.54518040959037,38.36667373003386,31.985612202448035,female,1,40.4473043600674
2022_0171,2022,65.37227836421576,36983.40106632635,69.18499074550384,43.76069596320771,41.266268427940176,28.200283183873246,female,0,139.59564589807647
2022_0172,2022,64.11203552287499,82478.5279317,63.65972779190634,31.611438904874824,54.34300465505622,37.95640563463717,female,0,137.86156093454505
2022_0173,2022,65.03796251621459,14527.963737442831,58.91760270662713,33.14757192820976,47.41478394645481,57.63492310559742,male,0,18.54128745974687
2022_0174,2022,112.1879500304986,142613.74018501848,62.23525591851636,54.402997288501865,30.443712675032604,60.93778850822717,female,1,70.54494327724882
2022_0175,2022,41.80389273248782,192504.6659516789,91.71763379756685,43.61197884053996,34.32722075912684,23.391331241979167,male,0,1.095542856739789
2022_0176,2022,44.98454255561321,7784.796125567217,62.36522749820965,53.381961329386534,45.74931304523298,36.455520040237175,female,0,74.81362344394297
2022_0177,2022,59.56829168943886,8539.882420867041,50.430145792187325,50.52423012799171,34.5587894493706,29.656422299063014,male,0,2.1064414349807272
2022_0178,2022,95.14527881937569,38091.55959875699,63.01778540267428,64.56012182109129,18.027566878794733,49.883377412115195,male,1,102.77066989435072
2022_0179,2022,101.90104424764013,144769.19413582742,69.48432160523787,46.68355239942517,38.66759201360922,42.86593547293927,female,1,121.35862438730834
2022_0180,2022,69.73087198027476,28299.164800925075,70.46667032616485,26.720674860065586,25.997873388751902,33.63430672620165,female,0,77.57537155919536
2022_0181,2022,91.1575408711943,8466608.7977963,75.54796521725314,65.33252021213764,55.36281753563726,40.72573080591019,male,1,11.023176380641601
2022_0182,2022,105.19043693241763,209139.88078219496,76.76614551776525,46.545289020671056,40.96787637763153,35.22581378592292,male,1,7.2790473854534135
2022_0183,2022,75.30195403152732,2775.8538891988983,58.551396933626705,37.74432978931396,31.748249432564243,56.142460943748965,female,0,16.403586500892615
2022_0184,2022,66.84057831271565,70094.52969748214,68.40440443501545,43.04150446186177,33.81367585337546,45.46959515016038,male,0,201.8449846350164
2022_0185,2022,74.62657572486842,138223.4513877654,56.23940535889422,28.624060046373113,21.906024121260792,46.69823420916438,female,0,7.576110944636845
2022_0186,2022,67.72645263432129,7307.137860995115,58.80357016985988,29.757376656411367,29.80538113219496,13.330825219671025,female,0,18.060911186306956
2022_0187,2022,59.385169732171164,280611.363606059,55.8229102549974,39.05878935432181,50.96323202540699,39.33211321171189,male,0,6.753088798531286
2022_0188,2022,71.97816839000005,13926.247543172063,53.11611145401731,45.03650287524054,63.11786145492391,60.83210959059034,female,0,3.46426330622128
2022_0189,2022,66.10613122578678,13133.12431315978,75.64209488858009,50.61518770413757,48.06396513198958,53.26129070036684,female,0,10.804902863931257
2022_0190,2022,65.01339846754487,78093.64539029295,71.88611700978888,46.07053434770552,39.87957461378971,21.529104140796967,female,0,42.25615399995799
2022_0191,2022,109.72953572189574,3423.7622823400884,79.7666536997813,60.736565949921946,34.88040624346084,36.86574167316406,female,1,3.468596342937807
2022_0192,2022,40.49127871459913,92026.76998690671,65.39313066024296,32.538052464429505,31.235041864236376,27.984805340812787,female,0,315.7655475242052
2022_0193,2022,50.8231582984043,16175.164089232232,72.76807698865147,29.29093004155481,61.3976589933974,57.1110156036287,female,0,28.789190879242675
2022_0194,2022,83.1292957362563,13501.47436773171,52.38710595357455,54.89122911670852,37.31251298135626,42.442782822759085,male,1,2.970558552656095
2022_0195,2022,61.36739352431194,116736.4823395355,73.63087518045356,44.09935584980567,61.956298300625036,32.32204440268564,male,0,20.645554132902497
2022_0196,2022,62.4539183023397,49080.53911731471,66.7711983000503,43.36623706627343,54.735195096100604,40.34157943540789,female,0,454.864694499525
2022_0197,2022,49.926743522269525,127642.04039079939,71.27109600149166,19.000980142748777,23.392035686537263,13.926344709315162,female,0,52.98453083967617
2022_0198,2022,85.14841967689173,59477.47711649835,73.80023299048614,52.14322971732497,32.540476042407086,29.150386965434233,male,1,19.6878166447624
2022_0199,2022,56.391583214764296,376019.3685178847,55.12944845463113,52.04507551606156,34.109548758261774,40.364437258263095,female,0,5.747413916571406
2022_0200,2022,89.57424092075892,195687.83222013203,50.01960224608953,40.79215047804139,40.0015363589426,48.456753684533226,female,0,2.0187933874637904
2022_0201,2022,83.01741947747146,31715.606352086485,57.879458338170366,25.829910868970142,40.19685746886246,20.586858794026593,male,0,13.065824440934556
2022_0202,2022,90.88250582315351,92303.30054572079,75.64917281272912,83.55821181598151,69.16239095398143,36.18844692297571,female,1,10.777924343972689
2022_0203,2022,61.36416709693201,6513.089136597769,71.90091415175395,39.710582676852354,30.02772125525241,50.096857385188216,male,0,41.888025563102715
2022_0204,2022,53.50796002811706,116795.01468522628,51.32057722618137,43.84333959313408,43.0896993566439,25.48546675626728,male,0,2.43817546659196
2022_0205,2022,45.91869586774733,6174.0377188935245,55.189006325317855,43.99524756045135,46.96507742467803,42.29182834784173,male,0,5.848878889164155
2022_0206,2022,63.83119813591476,919.471951407393,57.76764314059161,36.324045338398136,40.78427995530804,40.659745031060034,female,0,12.66383128398707
2022_0207,2022,55.021480167559744,33700.4958937421,61.426949397331846,32.72426318178606,41.90180577781358,57.14380320356602,female,0,48.91088652373189
2022_0208,2022,64.15149468337991,27283.676992158416,51.379491691473476,61.216749850659404,30.351911056934124,37.698638068883625,female,0,2.4688439385460508
2022_0209,2022,48.99794150956522,105777.83585377187,50.779482338598676,50.03205869617751,41.864861946026814,38.283994016249295,male,0,2.2144409968040746
2022_0210,2022,57.38025541689742,4451.448839639426,56.78164703592446,48.21937201108676,45.91398996174372,48.54959753164689,male,0,9.058920836578993
2022_0211,2022,66.48627095302831,444447.732036873,65.86253836225006,45.76289191718211,44.07600584271128,26.736513319506553,male,0,401.41668399091907
2022_0212,2022,68.66209597783937,262712.37522157235,53.194056602465096,29.966826096383155,46.502009039120914,37.79116793449141,female,0,3.521017463594473
2022_0213,2022,69.17471958742014,749974.0475758656,63.84196490028234,52.775301917402736,54.926079006362315,35.44274989159489,male,0,148.598791547562
2022_0214,2022,81.79511015842962,5260.0833371648705,80.58552816141815,51.56867341988251,48.56966541914342,38.610881872949,male,1,2.9190260029415156
2022_0215,2022,73.54685730135562,26790.959144601697,51.9822026258649,42.83286798150646,41.512946134974364,48.48406448962838,male,0,2.7559163479842654
2022_0216,2022,56.997883033981495,10315.448654064088,62.9355424158946,23.60610094535431,29.08241648116722,45.54161485082173,male,0,98.98813554766788
2022_0217,2022,71.32857914607307,13908.356006361222,75.24756733750773,19.591411493524802,34.799947252888806,32.513176914713235,female,0,12.031160590241528
2022_0218,2022,64.89361323381807,39565.180703200924,60.81731609636191,43.18291202653115,38.603688480825845,41.366992033272126,female,0,38.570973047743195
2022_0219,2022,81.23612500922052,17929.354981346663,64.2633030914158,51.90900732805092,41.723458313414476,54.90441614100524,male,1,182.18087276878077
2022_0220,2022,61.83802295418812,14176.96346961222,76.63495814306474,20.10832428702727,36.016672385006046,31.686343012026946,female,0,7.604574696858698
2022_0221,2022,68.65363742063768,27993.847855316417,61.937979210284524,45.406095029470755,31.44266800815648,41.451667803970125,female,0,61.328827403817904
2022_0222,2022,71.12965380474598,57271.691023106876,76.04495025205568,61.20080771050789,28.918013108796625,38.068393230613715,female,0,9.218847225689958
2022_0223,2022,63.59012102555582,10160.248121014834,69.28965391127198,53.89560258580062,24.288222409444685,39.36994984163223,female,0,133.95447454179015
2022_0224,2022,110.31778890601053,24998.32100543891,66.57155347090163,57.426821147343276,36.850492962254314,23.69342377750599,male,1,492.1334895917283
2022_0225,2022,75.07510770986559,43790.19253695101,69.7969053059753,40.08845306696946,26.103345579296946,54.10762854312205,female,0,105.37232178910244
2022_0226,2022,92.43345883600247,344729.60928396735,73.20449513846037,68.87706256783913,29.194743158426082,32.25648099111817,female,1,24.076830788360954
2022_0227,2022,72.50121812136945,57743.76820577018,75.20882821002473,51.22128019834907,36.86098127155697,50.26071970153533,male,0,12.22826407838993
2022_0228,2022,84.33793485188187,745084.3827092639,59.516544621349816,36.56464281174301,27.440826906085658,33.78623391952489,male,0,22.561614753016368
2022_0229,2022,84.60484600783028,944023.9127076227,65.41206066781619,40.341777157245744,44.59752188498697,33.7449534810424,female,0,318.9390440362472
2022_0230,2022,52.720001191775026,12082.111395096597,64.38484320395362,43.00614806764536,48.20223063605687,52.13123250465467,female,0,194.6591343492265
2022_0231,2022,55.734668888428494,5093.883483826171,72.04148141639784,45.53876320278832,35.30572980224601,49.938846034779246,female,0,39.10498685862716
2022_0232,2022,79.84918786733851,903177.3178911902,54.748208055558244,38.66923557988733,36.42972692389998,42.08665898963983,female,0,5.1038747185367255
2022_0233,2022,84.41718949162363,514734.3309191246,80.16977048237855,58.79914754931256,44.574297701390776,47.611505498063195,female,1,3.1819684031654534
2022_0234,2022,51.77458866708321,3116748.8262854395,69.66328772170417,53.79832329754388,33.66004902765321,37.114472197436,female,0,112.58967328511876
2022_0235,2022,90.13805869300953,158465.59162823355,56.83074926367054,72.09520702442886,31.372660884027052,39.9163237228111,male,1,9.184341287664054
2022_0236,2022,99.20226709474586,5613.809865382414,82.082628254805,64.77410573436089,51.164984781862906,33.38375607536181,male,1,2.2227607403114686
2022_0237,2022,63.97603293388904,78877.10538349519,87.34093080797732,57.19109070022929,49.64187738712787,49.0406494930026,male,0,1.293691810980316
2022_0238,2022,58.49436379594408,56158.132159915964,75.01833969549408,36.13554237773583,46.81550002343919,33.06586668832647,female,0,12.98441769924224
2022_0239,2022,58.25787538275491,237464.48045250296,79.26984767226469,56.22973448629381,50.05644621394092,54.85156344937853,female,0,3.896193301795215
2022_0240,2022,57.876629355872915,12026.98549674376,65.85371381602589,45.4251544353555,21.027212746326366,36.841658316801755,male,0,399.41460992710995
2022_0241,2022,86.20490371341057,10481.93663842255,53.384950802614895,92.7102612221459,52.73835546793108,40.20508564016335,male,1,3.637330378244914
2022_0242,2022,87.81632877276061,66985.1054676185,46.55879548832475,28.075180732175223,44.72062116583742,47.58728020654334,male,0,1.3892305045444033
2022_0243,2022,67.97511071185555,7000.713951439265,67.55082043867759,33.10654747782658,50.907813840057344,40.23864421189582,female,0,306.05046296307916
2022_0244,2022,73.86759054404739,7672.51266149951,59.0802119227002,44.187978282005474,44.67161779116363,37.0209168571469,female,0,19.589623249595995
2022_0245,2022,60.109225318810765,456182.17094766244,55.85423721672649,43.97234052978992,41.289248246801556,39.69976552191528,male,0,6.786938796999313
2022_0246,2022,93.14043322813951,719750.3110810509,69.37253316031325,79.50138984175018,36.446907876379456,48.93818353557584,male,1,128.70204446695072
2022_0247,2022,57.86446018629645,344629.95070667437,71.15585287861288,33.31625316700466,44.47144376886205,33.37147777863294,female,0,56.05032792046588
2022_0248,2022,38.48291665080798,135126.12319538588,50.472424532378525,49.04918518693884,37.68252091095447,38.73762992726735,male,0,2.127611523355298
2022_0249,2022,51.21990723152134,24096.31604241774,60.51122379719615,51.62463004681996,49.47876100065112,40.102867273374756,male,0,33.742224311360374
2022_0250,2022,46.89381320019605,24834.48917656563,80.09870683120315,47.046478322206475,24.935433554477992,48.64585195527656,male,0,3.238142943837961
2022_0251,2022,42.502162220483925,275273.9627732121,54.247116197786255,30.3900365807568,35.38424138205722,39.00154626128563,female,0,4.555111458970853
2022_0252,2022,83.04641025701898,1606981.5670400744,78.69761187164956,74.07758805254198,59.64823248476647,58.08299094493722,male,1,4.476090458861301
2022_0253,2022,78.24955679381631,250.72892238201268,60.15269238451006,52.293249313154135,34.539195364276075,38.43461422284905,male,0,29.22428378123494
2022_0254,2022,64.55563832295645,6256116.739774052,70.45793759849953,45.995845197903776,38.413162769365215,37.6231636159472,female,0,78.45302201660908
2022_0255,2022,77.90563762321175,11830.226216122805,75.97327507202867,42.04347687208954,31.974190666499233,38.28967878382268,male,0,9.464046121249908
2022_0256,2022,69.10982576900875,242003.7280776921,72.41281766985021,42.26108010044371,44.15845672885823,26.8335857134199,male,0,33.36475155327142
2022_0257,2022,102.8255882571516,13626.327053039691,79.09159602213876,59.212642077606226,31.837351098578054,29.63273153241315,male,1,4.085728304761749
2022_0258,2022,55.99103004695425,28656.854397798426,53.48406466592044,46.40785134252642,38.94389065192949,34.693331102609065,female,0,3.715450737941104
2022_0259,2022,70.23950954192671,90243.17986301819,76.13659706741299,40.31134852944977,49.288665360350706,51.3582984885013,male,0,8.924051076032933
2022_0260,2022,72.28714234074346,16042.907998292496,56.4730688536518,31.514750246473586,33.81236581185184,39.6687394063799,female,0,8.176384007437692
2022_0261,2022,59.23352707766307,519360.0152916745,67.59541765571538,29.51408355172408,48.686111192652206,35.15355810384293,female,0,299.99025776132856
2022_0262,2022,100.59540370616166,8343.214898357699,72.58246186997226,52.479637463477076,47.42229315560357,52.26534745606595,female,1,31.34328344666938
2022_0263,2022,70.66187758574833,3605.7012008409806,69.85122558869581,42.22132242549452,51.349560947192934,55.511771328922606,female,0,103.80353229814081
2022_0264,2022,59.50447378869917,1182021.4609001144,68.3695667606019,39.73044163564793,42.2054099491804,52.5538246090776,female,0,205.92252380232358
2022_0265,2022,83.77231567729005,210250.4215944995,61.56190021475277,62.15343793288749,71.61259076976786,31.469100027648423,female,1,51.80569058060184
2022_0266,2022,53.158716681017275,30099.237379281836,51.50132587704284,45.00813133546111,51.34533696542081,35.04751379806344,male,0,2.540853377507491
2022_0267,2022,65.86505541921461,44851.6033768444,73.72348679961769,33.72679074083121,44.048776244068264,58.13736070314719,female,0,20.135813585137313
2022_0268,2022,68.27009868789315,98683.54109667298,66.85834577518915,54.65660168345348,32.040755859182646,42.41139692000022,male,0,438.12313456022923
2022_0269,2022,57.074741695420855,199988.24854374287,76.49376840957818,37.32289172952525,39.82940874125859,37.32372935103921,female,0,7.964546459034773
2022_0270,2022,65.26585341326098,30358.598584897685,64.55267065812131,35.66573015218491,55.063269769000335,47.18347961330837,male,0,207.99207957293063
2022_0271,2022,70.70537036138485,88803.12357659996,50.9483563932304,44.82386237332452,57.89534615626268,50.072990673581124,male,0,2.2990592097118254
2022_0272,2022,71.181907146653,18588.58998383666,74.66129681004107,21.63489797624927,55.58329100440229,34.285504290717356,male,0,14.43996919280288
2022_0273,2022,80.51880120122489,1715.0675769281183,61.29629390338893,32.094655502770806,48.651923067296195,42.19439958619932,male,0,46.29342766795043
2022_0274,2022,77.76980832198043,256012.45897145802,68.4200345742102,49.81072798691833,28.24339793704428,49.26560069217059,male,0,201.34100241369615
2022_0275,2022,54.98708567243456,5806.985978490985,58.525405715204805,22.625780709378894,45.6716181782567,28.397128540401468,female,0,16.260681241284754
2022_0276,2022,81.83586209538022,1047.187167450216,81.44301710233691,51.17574196933156,28.38597621947002,40.1234545742614,female,0,2.5187178944216146
2022_0277,2022,59.69023495444285,395233.6246155233,56.23435175816803,55.11136566359135,25.92528806619241,28.856103469492847,female,0,7.557194322904825
2022_0278,2022,75.44872812454427,451924.07894963445,61.62570245893826,36.30544662176251,43.191586845772385,30.16419503073189,female,0,53.250116905735624
2022_0279,2022,95.67986626051089,40762.17529903379,71.07448702697316,62.918127674263104,44.431994472697504,34.36899922519696,female,1,57.901888463675164
2022_0280,2022,90.87850621543032,62582.7401759696,59.07817672913042,71.19087084851027,48.23377098480805,44.7711953787947,female,1,19.56515151855232
2022_0281,2022,46.92303140225067,28110.361261611066,68.30519528587595,35.3321081195648,45.771362403860934,36.77977371361865,male,0,211.6639763528942
2022_0282,2022,63.284354897836515,35071.0813509021,81.1191047746749,48.67775520526182,46.11585985742748,33.51581875031594,male,0,2.6445475709529163
2022_0283,2022,49.40616764694391,15959.899148529978,60.095378393062894,33.288512048693285,30.953474150076232,40.515545633249594,male,0,28.57407962319162
2022_0284,2022,74.67299235842772,13902.182728588266,68.95142819031726,35.223977066668205,39.75023315315333,28.530372717335702,male,0,157.19703209278646
2022_0285,2022,80.16792657139248,25655.321692772915,37.50564613961445,32.006635356750266,25.72883214365512,44.2880321783391,female,0,1.0408107741923882
2022_0286,2022,57.030890107033095,250353.8291007792,64.6107079951516,43.426471991948034,20.766308705998043,51.3138676195831,female,0,215.1316142205454
2022_0287,2022,68.0197074251927,1183063.0537085447,61.869577140737945,51.579690525655494,48.20642709843074,39.207959590119884,male,0,59.739891704145194
2022_0288,2022,57.746084779920245,200811.3204236008,56.81502397589615,38.15887067882836,33.26875606209041,37.97351006699792,male,0,9.161409111608803
2022_0289,2022,58.7151526986321,120819.74649603695,75.81450469628533,27.287508400875968,49.52498502143053,43.734403532155696,female,0,10.087025559757073
2022_0290,2022,72.74494703865372,45975.06795580934,61.737563183761715,29.172931777131843,51.88347577880038,19.71530581168455,female,0,56.26091124712785
2022_0291,2022,94.61461738156588,20124.40560003286,68.22522512906413,63.945994213705404,33.006826753768024,45.36817456597868,female,1,220.0269414519863
2022_0292,2022,82.39648041931012,86472.01691808295,61.22807125210929,58.44116413394269,46.703110945552986,71.01885803744864,female,0,45.32007087329304
2022_0293,2022,90.17767521297078,3490.3999884922077,50.83184128234924,63.93724999314397,32.58843271386359,38.773237788852796,female,1,2.2422952355719685
2022_0294,2022,74.99336332474489,2327687.861509549,53.68013559923039,36.131034493487476,22.341211253731757,38.808749662836696,female,0,3.9749016274947477
2022_0295,2022,95.97413412957782,121778.08840354787,79.61093486120217,67.66183966850284,40.433094044424585,47.436070000996835,male,1,3.574230828034851
2022_0296,2022,102.95778009744234,360174.3571566596,48.90049353120028,57.605013644132534,34.491261202842395,56.45332668197962,male,1,1.7332530178673953
2022_0297,2022,90.52842342670053,658.1219422872384,62.33684650384294,56.21714782635794,34.799109894128684,49.74967844434135,male,1,73.79197604368241
2022_0298,2022,94.50441162448418,5552.013314193579,66.00279943710237,50.41540894304737,58.953431178455254,18.443931214164493,male,1,430.5226776721993
2022_0299,2022,63.84501120701065,157619.30595826116,82.43621867291566,54.08448844246356,25.54143017267328,45.63398837662747,male,0,2.1143554198092596
2022_0300,2022,56.63942885154213,1386.3825280194305,72.68603765496368,14.607920825043363,44.628711353714706,65.71930145241674,female,0,30.039104013408455
2022_0301,2022,71.62081534581753,57698.07367781771,59.428294729469,47.978592002792695,30.85192762855248,46.22441046759465,male,0,21.949623790734126
2022_0302,2022,71.50249005578364,14489.452043931497,78.04513697115551,35.36255062202463,49.88261409267324,28.453980867282503,female,0,5.252740813016457
2022_0303,2022,70.93554694905566,22753.144706963012,57.5948417949888,35.896592685483874,43.78431236175066,42.818296244186136,male,0,11.86686425792517
2022_0304,2022,80.36965653917645,124161.35593682306,75.09099803734006,56.92315156117812,44.593443491806134,27.19312748658933,female,0,12.759167080969531
2022_0305,2022,109.49344801236303,15691.391501726068,56.41122754076984,52.858689077999486,29.751103823977402,52.328036892688594,male,1,8.014480756536997
2022_0306,2022,61.25055310150864,22967.28042548214,75.73257831789157,33.1993084597159,33.14412086711676,30.441174119720745,male,0,10.407222122554305
2022_0307,2022,68.73052318434178,80919.79775257251,60.93866354529014,38.696057610804694,50.072505073458856,40.74243634692023,female,0,41.109942408639
2022_0308,2022,58.763993107417875,9559.087397158504,54.714957590587304,44.13847385812238,58.507977217275624,31.422199980081523,female,0,5.072074979245865
2022_0309,2022,65.23355316114555,119323.57057477128,62.82856386923686,35.5814421770713,45.603078172241865,34.53551942452009,female,0,94.75077278770114
2022_0310,2022,59.00250550881135,279268.96792374126,67.77344179720215,24.261410694641146,31.825792792285668,54.86150645860495,male,0,269.0776500922665
2022_0311,2022,81.20070309136051,496714.58138798556,60.05251569474288,31.343018191182345,44.18938522462068,41.034571648936975,male,0,27.938341703236507
2022_0312,2022,68.63698150342962,56122.675484641404,70.53953505995324,52.81333856464519,65.0747204433761,34.4079752627428,female,0,74.34749646157763
2022_0313,2022,62.81970871895578,14310.341499885342,59.17006116335933,40.74776789135512,41.824228107189114,28.547720291132773,male,0,20.186216095987415
2022_0314,2022,76.93618571856376,10039.326737944224,71.20372393931358,44.51087283703822,55.41840859393599,21.282985136005635,female,0,54.46182513518637
2022_0315,2022,43.29384590204589,9860.043848094985,69.42222062036599,37.38578792826962,33.39670634161288,27.487193664773134,female,0,125.68138324830714
2022_0316,2022,44.858974051347104,1745.7530838569542,64.39076945292065,33.4050230382673,40.37913948363613,41.11959241444378,female,0,195.63486732062492
2022_0317,2022,72.95838655219774,142553.48616791135,60.5861768763405,56.77569449875411,46.99565206125542,49.80233768722664,male,0,35.163197145106615
2022_0318,2022,65.60468448117368,47649.77395242522,66.51540795765266,38.118081429489195,44.77328308262864,34.39648507577799,female,0,507.121185660162
2022_0319,2022,67.50446300260761,396105.10348750127,70.50253743033699,35.56630120472873,33.13611319888839,55.705436007190144,female,0,75.75466298101183
2022_0320,2022,81.73603896681452,6803.068500749164,90.61799152731608,70.96142366355339,31.104825428694006,32.82499577771773,female,1,1.1345657742743676
2022_0321,2022,94.76766289149634,1000571.110812826,79.39420421798181,52.77639641132615,49.08284403102659,37.619882771201205,male,1,3.7294098351573504
2022_0322,2022,85.03509410401342,38847.27282722051,74.75989949815842,34.052726562260034,52.71550812650145,29.20423279662748,male,0,13.995698046479099
2022_0323,2022,73.24199619795863,6216.635248976306,95.88512194860283,40.10246684016898,55.9214355812192,49.90761734567856,male,0,1.0343259929045108
2022_0324,2022,66.69706545142812,944.9746953584064,70.15958476767844,40.002701040881796,58.839304832528676,60.975106140445675,male,0,91.14940742441236
2022_0325,2022,90.60946089895063,12355.229182621108,74.84643511311702,62.59611347903214,40.546194363225965,22.381830390638022,male,1,13.650143030486639
2022_0326,2022,61.05427148130606,283455.1709020695,72.04015074321654,60.91669089395488,37.68800755768406,36.53837931365302,female,0,39.1538986557049
2022_0327,2022,73.70802110799983,12331.178677446986,59.91034022411747,63.362482463523705,52.70990938778469,52.64779847050035,male,1,26.377199983121464
2022_0328,2022,67.5764042092116,120673.28317832426,60.56098363581244,16.219460372491994,47.930692818515865,25.530544785743988,female,0,34.63968534226085
2022_0329,2022,73.45483108481854,4216.852709966888,59.93830733307666,43.26298943431561,30.975447413324083,45.66683906971086,female,0,26.77584031084812
2022_0330,2022,49.24380672829385,39578.33752332899,71.47613977219562,40.37879994489599,30.463643344810883,52.2147220020757,female,0,48.72781417446063
2022_0331,2022,58.38583107693184,83381.49717345083,63.25825437778801,40.43450024351458,45.71930201356309,40.78228814356837,female,0,114.0058770345115
2022_0332,2022,53.42535367766578,237364.09687670929,66.38223425474303,42.459473093961705,39.02725338516,45.50263070940132,male,0,508.39057469947164
2022_0333,2022,55.34648805191237,96794.74077920432,75.87454620148465,39.71321712325201,40.53570045259302,57.60902386127607,male,0,9.887289071285213
2022_0334,2022,95.534816268219,2364.9686460047633,78.63150738704138,59.47387906944611,49.92533364710195,59.48426554101147,male,1,4.5608089084586405
2022_0335,2022,44.155978450115256,175293.53575514143,63.38278996958753,46.13044209770786,48.390371449850356,39.38032786965517,female,0,120.45183939866158
2022_0336,2022,71.14270438357065,272.00550231883915,58.300049031217775,34.57919202805499,54.09873248418431,34.67622150700767,male,0,14.879731724872837
2022_0337,2022,72.53855069933682,10976.761786852634,76.35274731653189,30.523136643608243,21.484638936266332,30.800198889263037,male,0,8.320730071818133
2022_0338,2022,62.488974119630875,502555.66099820967,72.73891180909865,70.23781452622391,43.333979172212004,49.76964150428712,female,0,29.151314321611306
2022_0339,2022,40.192914900154584,124586.48563381888,48.937431817046175,32.841425562187666,47.746885223972065,26.28224442209032,male,0,1.7463012853407291
2022_0340,2022,85.0358137399761,111176.975924604,66.8684606109172,61.00142912460076,23.934141433123163,37.47425962008798,male,1,435.3934042622442
2022_0341,2022,77.32901934102696,50372.10035184808,66.65515462016762,25.043397491246328,34.25104358690027,41.02689770954466,female,0,476.3962662386141
2022_0342,2022,67.22005719271428,118024.53720086392,77.78829717121032,61.16468415051422,30.795148376710813,34.96997487281246,male,1,5.711604600272976
2022_0343,2022,91.52476587806481,11097.86412037499,79.10101494939771,50.667744493106646,39.41698171059917,42.798202650191236,male,1,4.0755267412675265
2022_0344,2022,53.19999221532741,58021.97929046286,67.83906001175474,35.57527057149989,57.07853968694064,65.64513318292758,female,0,259.8228363229507
2022_0345,2022,73.04570301584836,27947.880804446257,70.85247531358856,50.45064665771124,61.025894046649,38.78401409653458,female,0,64.15166207992671
2022_0346,2022,58.24886047856538,24203.27622696607,65.64136802378154,44.720095683780734,32.657124469267174,35.645943725726106,male,0,361.4052843722859
2022_0347,2022,99.03954020735611,95331.47837455056,63.26148311819439,65.6840952457482,44.46557250493574,50.153318243818525,male,1,114.43420168015871
2022_0348,2022,70.65460419169094,16777.629458237683,62.38735608958746,22.287951616081372,46.38797852142315,42.39583644145522,male,0,76.13438480940104
2022_0349,2022,83.3622583973002,80386.78514880946,65.18991186640108,58.368951698290125,44.67625771514747,54.39335771211376,male,0,285.71648272651305
2022_0350,2022,62.9705805632463,34414.92695062922,64.6532074998141,28.08118689058125,44.78979634739234,41.646876198197184,male,0,219.20338555395446
2022_0351,2022,68.76044369622612,6950407.841289622,46.1442709555653,55.28560814293865,43.83742502451328,37.51576792028967,male,0,1.3431263586862767
2022_0352,2022,50.14944520872564,15297.863043412246,61.025166650705685,50.215438659814865,57.6757012080642,22.162751119054448,male,0,42.734219810552396
2022_0353,2022,76.90413563293744,3794.977910199062,65.56205653089152,45.7733274178468,51.824665143680576,23.802653061882598,male,0,348.53895395199544
2022_0354,2022,57.39491151928635,408537.3445480799,62.18630008094299,31.450152190916185,30.198461024017327,21.643013095728975,female,0,69.06167873351819
2022_0355,2022,59.39245835912254,1470204.7592933003,62.53176204488414,41.51589844819523,48.75721080880549,43.793391662842396,male,0,82.26946350420168
2022_0356,2022,64.77752205150789,103978.36922289914,69.87991370804588,35.2907858935514,49.723733745114515,26.377505201325405,male,0,102.00277308269969
2022_0357,2022,49.371156546601505,2372.5621637131917,54.21042812951366,40.29039571505292,43.94967287151788,52.55577365919383,male,0,4.498526955654909
2022_0358,2022,67.28770028928938,925.0218048918575,48.71957786048789,37.5012774091444,52.11424370502729,40.30246564855954,male,0,1.6946902825889296
2022_0359,2022,74.6746627292501,5712.242125838748,61.51830209163325,19.61389493427592,42.68074034299037,37.558130808983314,male,0,51.22614263119238
2022_0360,2022,67.92933823497292,365374.61943292787,72.64114405501789,51.21784150984588,42.804677210762506,31.56144924795662,female,0,30.645934167682405
2022_0361,2022,79.11102435821275,1644458.5497736186,86.87553039486639,59.18892843450639,40.412405446770435,46.22258748270206,female,1,1.3297620281214737
2022_0362,2022,63.76190705670341,8296.805332377704,72.8212823909474,35.15199600497763,20.61755914200331,31.955021804575885,female,0,28.113503148210658
2022_0363,2022,72.4202890297949,9555.87075891798,50.31736240131153,34.39672767170232,39.99601606094126,30.14621995930119,female,0,2.077676080266133
2022_0364,2022,46.22011234034092,12136.080668863659,62.67632760623229,43.58459576366768,34.11749425545429,51.883499206053486,female,0,89.23291734115652
2022_0365,2022,54.25233986182286,300086.8706647922,67.5663438108153,31.062436617055276,28.935520218074426,43.54621160775022,female,0,303.76367068124165
2022_0366,2022,73.7654360408152,83161.37381390466,66.77591116923593,17.448244415259566,55.140182847395224,37.650705717517276,female,0,453.72895303164285
2022_0367,2022,67.70095434197286,76530.26588364558,70.39304552942875,44.07129803208276,45.84207518534458,46.414329847337164,female,0,80.7412825307883
2022_0368,2022,69.11971582126753,480.62090099409676,55.829510535392394,45.19102997956821,40.50168919055452,40.089318731106985,male,0,6.761535437579032
2022_0369,2022,83.59494807623311,42010.83268479865,65.64943087550742,38.003681753223674,35.15196648897573,43.830131504516835,male,0,362.76309849898155
2022_0370,2022,99.68552778506202,47787.99139020877,74.20322829776129,48.52097124809991,42.16169584628741,31.83152097624545,female,1,17.266185613720715
2022_0371,2022,71.57888010433179,15573.672240132504,73.2567095330366,40.889355408892854,50.71436093317513,60.70398608910622,female,0,23.51174303601432
2022_0372,2022,92.10745527218326,2356.9812882877504,56.94281833387208,25.354676316864115,32.53034156453059,34.20380032323775,female,0,9.595075518131715
2022_0373,2022,62.86195441909509,94180.13081907715,61.548431327571016,29.727694033123406,40.751716277233896,55.560163269499775,female,0,51.54730862089363
2022_0374,2022,57.02117236381505,89556.62447477678,37.9618231992666,32.49302063495839,49.48066498851172,38.11131150695523,female,0,1.046027859908717
2022_0375,2022,69.27796398247133,21808.37591046733,58.78538032422226,48.43939070891556,21.439988709158698,48.070971156549625,female,0,17.90356759552007
2022_0376,2022,69.38991029388895,245375.67755570696,59.755851070289566,36.37389049563083,40.22430237594595,47.34223499026136,female,0,24.841111439362837
2022_0377,2022,89.73284608053791,208099.73812492433,59.80415491832557,55.52133588223539,34.90708629452462,51.468517551500454,male,1,25.43814960057275
2022_0378,2022,54.676029804451524,136402.4737004762,66.65612150232651,59.546925154112465,39.46170142244966,31.59376292835855,male,0,475.8011429353705
2022_0379,2022,88.09844422090077,44272.53667921932,64.44054567954731,43.52462497188714,35.78371443628097,50.75635401278862,male,0,199.0886096017646
2022_0380,2022,68.26843470388023,6238979.49840116,42.407861224223886,43.38994510474826,42.176246052072955,58.4643985091144,female,0,1.1416790160891848
2022_0381,2022,57.67714618597925,17171.42390480185,67.15507969301757,36.302992547912254,60.036272204227174,37.41307020758143,female,0,377.5677413971546
2022_0382,2022,104.15930302279598,45545.603256889226,60.71675869210973,54.036283323632226,35.96077526071449,40.347060671421225,male,1,37.05858356210056
2022_0383,2022,63.90854848438666,302776.69103762374,69.85688959190514,18.135935599828493,43.71711009094106,34.76553357519846,female,0,103.54434758328101
2022_0384,2022,62.471185536821686,158848.91501156174,52.18148752271335,49.68740531923558,60.74746418409113,36.535637478149,male,0,2.8398464959770044
2022_0385,2022,70.62272871914493,49940.77126783241,65.3000653853094,44.48309705756379,35.299844216274444,57.1142279893249,male,0,301.87106828279025
2022_0386,2022,82.0811773176831,76311.85795046667,67.16836671113494,58.20834006786587,57.346753489289696,29.957654738697958,male,1,374.2784353602718
2022_0387,2022,68.52627203917173,215473.01709378982,68.0310188495033,38.62773298163744,40.85323006627107,30.57881178149228,female,0,238.65046693065943
2022_0388,2022,114.12954807731752,42975.169153349365,71.24697277651347,67.36144262261055,57.01896225864927,56.109009364143766,male,1,53.58397234788488
2022_0389,2022,69.6617766219731,6586.632112717473,62.44835824978546,24.45289926920147,48.302011249463185,46.24548425888362,female,0,79.2414879961339
2022_0390,2022,91.23787896216535,14210.064661779128,54.63727685955755,54.10118668446194,42.27108362582422,61.20370249042524,female,1,4.977859602739685
2022_0391,2022,59.92894719571758,61058.67607347705,50.227920365389686,28.636971371074694,40.14369318113413,35.49561362174147,female,0,2.0595757191277126
2022_0392,2022,60.89660026654891,2726.724759749091,59.16113060907781,57.71509282486746,34.55958560120789,41.262811372375694,male,0,20.110659542707683
2022_0393,2022,62.46037321952219,96410.38651508243,64.91720116070412,48.75655531853301,41.55791549964353,33.39323056228196,male,0,246.2260459522905
2022_0394,2022,61.221934672417284,4447.396270552018,58.91752052800883,17.973073588646358,49.77361459020024,41.43301168647696,female,0,18.518125329769326
2022_0395,2022,74.16311441074566,25953.704344259615,71.25211930579465,24.862383733600243,40.66888569003329,22.259033027156963,female,0,53.45017972747431
2022_0396,2022,47.667908967910165,90648.01952916851,62.207790807883164,38.676543266425135,37.63377194938142,46.849545566550084,male,0,69.5815885487517
2022_0397,2022,103.62000050412134,10652.19761129054,60.349872752204895,55.27559787927575,36.69217465822227,43.23474083492338,male,1,31.77723014068341
2022_0398,2022,61.20313474857439,53669.73343122104,62.219037070120905,26.756177919231117,50.72476613583053,39.42445337534081,female,0,70.10541234668786
2022_0399,2022,68.76947785695373,13280749.32828524,67.25859836316552,59.447622376504896,53.05161455099856,36.09635675400335,female,0,357.3622595787487
2022_0400,2022,53.73012089799136,3563.7248145641697,68.24884718824585,43.125399139825795,34.128494862316295,31.052460126319005,male,0,217.5655098736362
2022_0401,2022,78.28631066849437,83496.51940351234,83.7837913199313,44.748163228630915,34.1141214255251,47.27712912032761,male,0,1.7771305269140383
2022_0402,2022,107.45634960171873,97078.65875617912,63.310906599965804,53.07985050767786,42.993589196671124,28.289100142965935,male,1,117.03815584897181
2022_0403,2022,74.59590525750073,100389.0503174026,64.265213384096,47.222741471780026,56.075320647572546,45.118959120492434,female,0,182.40874124787078
2022_0404,2022,49.85245224206461,942786.8608075917,69.26123946819426,36.19567239017988,52.2599030831256,60.74451394809457,female,0,135.80906968893552
2022_0405,2022,103.29121071066052,126979.39707496353,69.76577040799185,57.166568262925004,26.681477878200887,54.85521488644298,female,1,106.43133122912973
2022_0406,2022,99.04855087635708,1335114.8299171855,64.99381854011347,66.11001959825259,36.559240300081385,24.948720573293468,female,1,254.04209966584682
2022_0407,2022,48.94728752867432,50806.52132806706,49.507428236557566,23.710024349397003,31.493964453104873,34.63261939656697,male,0,1.8870221414587378
2022_0408,2022,94.75702616229185,53691.017138364,64.89165440946985,75.97027859850982,36.52487478084742,44.21450740555338,female,1,242.86360756014298
2022_0409,2022,68.64534489033262,1894861.3246361867,54.26297587282199,41.82389214723876,56.84409996035354,39.2971807798565,male,0,4.572225195142159
2022_0410,2022,100.56075273823151,78645.7671488629,52.733933188762215,72.80944208780424,24.97399351216983,26.00594281717579,male,1,3.197918086160276
2022_0411,2022,66.77261366948856,20127.525181285095,57.04321158329414,29.245802433811818,24.611347067198096,43.85315951473491,male,0,9.986657978461102
2022_0412,2022,67.9123141684738,169676.0693427289,54.52908279233546,30.76834875971807,32.51445846566397,39.89983104883701,male,0,4.842833580811034
2022_0413,2022,79.73611392253096,88910.13683506496,70.83786545292948,28.380997784001877,43.67310602575993,59.143254086037814,male,0,64.63460833015611
2022_0414,2022,107.2603390991068,135541.9524436785,76.01091837414293,62.50297672664839,45.40754820640757,37.467712973825535,female,1,9.33480604877881
2022_0415,2022,36.32945046217257,78281.68912446994,55.96120710419125,40.65983301918246,45.17448434861533,51.68003385326591,female,0,6.9936318550329695
2022_0416,2022,61.82561445162318,280461.04150923,62.39771369436879,35.35588180768819,52.55685403231016,27.329115968700243,female,0,76.51601000137589
2022_0417,2022,63.35348972456049,31934.413199448692,46.41757337887464,29.859308071147204,23.169144057660706,29.719907021034917,male,0,1.3702593109569967
2022_0418,2022,47.47901427273029,10768.5881519749,60.05660049817306,27.334037302691577,52.68336538358937,47.2166195980949,male,0,28.043307171870957
2022_0419,2022,65.94183058232312,14519.903725593696,68.98981900702346,39.51516099529344,37.67904679953708,50.837307806073746,female,0,153.8918372304621
2022_0420,2022,107.48757772410507,130983.30218791749,78.24937889614102,55.344132204114,46.514943098048676,30.426072739256078,female,1,4.971641165569184
2022_0421,2022,54.134321404094095,86879.82914888434,57.86952918308686,33.14393007641738,27.565745732367954,40.240774064839115,female,0,13.000658369670637
2022_0422,2022,68.36400938689873,1074011.2556425012,75.5185486052752,55.4708948613161,40.8495669700907,26.18420826470922,female,0,11.120052388417912
2022_0423,2022,55.84176522703562,57859.094105868935,49.843080784865286,39.17674321807266,43.162707705890135,38.187801736945204,male,0,1.9738777322304477
2022_0424,2022,58.28087976320323,19318.132809504983,52.523722008562075,52.70042933926925,52.35751037498418,48.36922785624126,female,0,3.0648542032930024
2022_0425,2022,79.77393634170035,3757925.3626681394,72.09661865637877,34.66747817317304,24.947453773922344,35.650415008638554,male,0,38.09183672539902
2022_0426,2022,89.57442179888174,640964.155465115,86.71121228563247,62.447762837986566,39.50752548534904,37.50965294056197,male,1,1.3481725382044567
2022_0427,2022,69.62212489010625,237618.7664716896,69.93431988183696,39.44523983743665,29.947647088578567,28.702046017039482,female,0,99.8580821998796
2022_0428,2022,76.28781883939013,473258.16458940244,69.59657613465987,43.023776904818774,44.254960442082755,33.516415863750744,female,1,116.30894852153413
2022_0429,2022,83.6231756139488,35685.57187433641,43.048162534777916,54.283383062639125,48.57216536456126,57.581109162143385,male,0,1.1589332848297509
2022_0430,2022,101.02652446306499,17915.304801719336,49.775529439565204,58.64846392967584,52.07170242508088,40.729248917171326,male,1,1.9469226542548919
2022_0431,2022,93.17500157349738,25768.33155218271,71.2940953689587,67.4641821963296,33.84970545691626,29.976922333494016,female,1,52.65441022346453
2022_0432,2022,70.75546509999894,436004.739610466,61.41937330428826,32.47971277538441,50.0722648568879,36.852280500820086,female,0,48.78876202665042
2022_0433,2022,50.9018057105219,183973.44187972628,53.94164817847882,38.35155618420235,54.40901587477053,24.02572378833438,male,0,4.241852142820435
2022_0434,2022,106.82530741752657,3317.680085074812,70.6553258083005,51.331476400766455,22.767530301445333,29.858403078597878,male,1,70.45681718843254
2022_0435,2022,61.7601522450357,114134.19175089894,66.1513136750781,52.35998482763394,46.9234492009845,53.603397390464536,male,0,462.8948858918192
2022_0436,2022,62.959304849515654,21235.36191065741,74.44415868540273,43.11409347450676,50.38511253780106,38.57517575613395,male,0,15.662197399943164
2022_0437,2022,60.083443850345155,1461952.2281944272,66.36602283012701,43.67053526680888,38.21273613612562,58.907301761012064,male,0,505.2230424568286
2022_0438,2022,59.19348597254415,197981.31214844724,77.28394368334385,53.58184147104979,28.69226422474891,39.04652161503944,female,0,6.367774267684987
2022_0439,2022,71.94670611628409,107673.67155103422,65.07994029548813,51.56341296899023,50.22955756109663,39.640213038085044,male,0,264.0794487217083
2022_0440,2022,67.55906850104223,61925.69622370428,63.84665005192664,47.65342536136286,28.80491172442243,46.40894158542123,female,0,149.15708315838785
2022_0441,2022,101.5174814140304,12145.933038459414,80.64312186247182,45.78272652962537,37.41648565489098,13.274124177805987,male,1,2.864804183464519
2022_0442,2022,64.91205310514428,128155.7017009119,55.21559119958565,33.043208804833164,40.39875942196671,42.04939323653575,male,0,5.8781965166002
2022_0443,2022,70.1319981107718,60510.96773066331,93.14447453266162,29.96111863988647,47.95538051703999,39.51013511939048,male,0,1.075192806090155
2022_0444,2022,60.81151256074962,274289.04339310585,68.75257478166736,47.27533693625799,34.53368440487467,54.86038893515148,male,0,171.3571542996131
2022_0445,2022,87.29731841409549,26604.34180613806,68.80829252837673,41.706519417500516,33.95416311172145,49.646793941636176,male,0,166.70903709249933
2022_0446,2022,49.32069583569501,106945.09996901524,70.25095973972597,26.094875663694054,41.789154787631105,28.663083144531992,male,0,86.81244613159626
2022_0447,2022,107.60937323562985,5924.872581484265,88.77136475331642,58.11255786988772,49.26390477619749,52.421386186275804,male,1,1.207738979992915
2022_0448,2022,78.6790745072097,13719.722588523806,72.92507411672607,25.058876642812216,63.67450000653147,37.37685474419005,male,0,27.078769294933252
2022_0449,2022,56.47841194034406,13126.06227090272,48.94944020996076,39.4684351193024,25.725188002212253,30.955467737039548,female,0,1.7506725002961012
2022_0450,2022,87.29273610555974,28808.28899748226,79.03470384767505,23.446274960128154,43.95342017786578,41.97103250871202,female,0,4.14229507427419
2022_0451,2022,74.95490282945318,357770.9555002384,61.591034205549825,45.288274933846125,29.93464973765708,37.972306443361816,male,0,52.7202693896473
2022_0452,2022,104.71139006822912,46204.688042335714,71.07155072839323,63.779626260340734,49.38811243206743,55.38465314028524,male,1,58.04682427911628
2022_0453,2022,65.28022187025877,59013.165067990645,52.20746027824733,59.07948493346881,31.41455452690767,43.4062202849121,male,0,2.846954994137305
2022_0454,2022,62.82773841781324,4534.098490645927,70.26202018123895,48.478732894973426,34.05351781817676,42.05658920886006,male,0,86.48750909632939
2022_0455,2022,62.90591172960392,43570.157060442885,58.486257099324476,35.77085744177497,34.907291409360035,49.0064708285544,female,0,15.998580507134724
2022_0456,2022,68.90530596319518,49413.16108394127,66.00169637993474,48.18070093274486,40.038010612801955,50.92871618092712,female,0,429.98486053085037
2022_0457,2022,109.01186275033896,26845.14332404208,67.15900994639217,46.023361190548215,42.431975968587075,47.83605094297299,male,1,376.62500096021864
2022_0458,2022,66.8131421786142,101023.43256307216,84.25012801735852,30.375273963189144,45.63701393608513,54.19463472814954,female,0,1.6799264286735
2022_0459,2022,55.885563768627094,51791.05010492626,84.8226030014559,43.3314253207511,40.74232453817216,46.08682412913788,male,0,1.568312185490169
2022_0460,2022,73.2442706238498,10167.508034815166,65.46513170214742,18.417503372520727,27.501089775594185,41.67651464726702,male,0,330.71269251361974
2022_0461,2022,74.21150746394792,78289.74799306827,65.63977711368855,39.62839215066117,48.077861503101886,52.39172062088029,male,0,360.50289961229737
2022_0462,2022,71.54659528447786,53159.340865212514,61.26557033650485,29.797367078815792,40.27041336336972,39.09103859917861,female,0,45.89012718859086
2022_0463,2022,102.45498906524983,26806.541175212893,81.06006291502786,61.013070551532635,50.81734790014699,40.332465163446614,male,1,2.6811612421890665
2022_0464,2022,62.29071869842192,1412.4447314157126,61.710801296666226,29.222636419527365,33.72261220520063,57.215769172969146,female,0,55.42329540249385
2022_0465,2022,55.710108328694204,36630.72603887141,60.78662725354301,44.242481374551886,24.77725272649005,56.219241279552314,female,0,37.99672607143977
2022_0466,2022,56.3180656935922,556226.6000349638,74.78592863664964,40.19327423667389,40.45973997316924,39.91824193076677,female,0,13.891122957907918
2022_0467,2022,48.64536751542142,272290.9130885885,59.61700904683351,54.00365916881331,53.75952688284265,35.46448422694383,female,0,23.423739110119893
2022_0468,2022,97.3694861154595,71550.80762043296,69.6224496555147,60.06734534101622,40.809421366160514,54.63173500208499,male,1,114.5773338712413
2022_0469,2022,64.16551216773406,12115.250944697067,49.18689218489007,32.31357195038534,38.80330200827143,48.00418357915214,male,0,1.8107660721193872
2022_0470,2022,60.60012295470291,178149.48489819426,72.04190345123168,37.53114144172717,32.09652982342566,43.15581254197363,female,0,39.05613616309936
2022_0471,2022,35.4438117565493,235303.06299053834,84.40866939181869,26.557636029832686,58.37766466680822,36.78127289810055,male,0,1.6487212707001282
2022_0472,2022,52.52682530305831,2504.0567818879845,72.21225372799792,44.0613725470544,30.503974051152206,43.31696578714594,male,0,36.37020880080945
2022_0473,2022,76.20840651403167,654596.4354219097,79.61799167547305,45.898502463152724,33.5460574237176,39.78291540112297,male,0,3.569765830704519
2022_0474,2022,58.35373999936869,772142.3454243271,56.538978638226695,64.69196036692819,46.500341960840224,33.35661820427004,male,0,8.34155792096127
2022_0475,2022,68.60591677656842,14538.558458251086,67.36324282028201,33.78164009395595,22.2397931011321,41.29042328587235,male,0,339.0847241835605
2022_0476,2022,51.09314570024744,28358.658042777457,55.568400756306104,37.32205426324817,53.5459066538134,42.654240456396074,female,0,6.343939831679651
2022_0477,2022,79.38705482359231,3736.1143076922535,62.72234454418657,34.242414755617844,47.04193114217355,36.24604933079769,female,0,90.92181851052953
2022_0478,2022,63.55972339945323,211560.6600736775,72.72211477352505,42.12113701131224,49.792310718111096,49.038256886095176,female,0,29.33408058575495
2022_0479,2022,67.90040396483535,55719.43699775302,66.01820613103298,43.81690534479613,46.38117011949654,52.88832392310989,male,0,435.9379863104429
2022_0480,2022,88.25779791881685,127192.8829734738,50.87358977398778,39.46625155571489,39.188764825436294,49.698976936554125,male,0,2.262001407656771
2022_0481,2022,80.16440100589404,98573.75565211763,51.84970894462246,50.86325916873032,30.16851289844577,37.23751614786005,female,0,2.7047243412794524
2022_0482,2022,61.93434378712942,150059.04337354764,51.18836068509226,33.83020496245223,39.39924558775039,47.55821504188372,female,0,2.3779766998314433
2022_0483,2022,59.06779815129641,43874.76511176124,69.9145258993959,49.86174047890712,31.04763688247365,40.7796139746004,male,0,100.48414963638939
2022_0484,2022,61.744549884804684,17293.906393772773,85.63894535656668,45.38497853641083,45.66155310076383,27.64254021434048,female,0,1.4568112910722948
2022_0485,2022,70.09898248476536,40603.12863514677,78.62458244000213,39.879700801010536,48.86779830548102,46.727293784977455,male,0,4.566513484211276
2022_0486,2022,63.94775865749129,9606.722121682009,46.040148008539354,36.850633592428544,55.56808631198207,41.461316409569484,male,0,1.3347579973145163
2022_0487,2022,61.04755854996528,3381136.067174494,79.21075938069784,64.2666775873137,44.51767640552863,65.93548002069308,female,0,3.9699361045587667
2022_0488,2022,79.67181250709042,37348.7531298586,74.36400417014647,31.829913492579205,50.045753565951856,54.5727086327856,female,0,16.19981787676266
2022_0489,2022,63.85790108222163,19522.315795556457,49.547000544712425,42.979331769684144,37.82855262769858,47.11150156934524,female,0,1.8988529626473065
2022_0490,2022,87.99589093037319,28440.7304685157,61.96798383289502,32.49780929757868,36.01722861991805,42.491705012881795,female,0,62.25569393517806
2022_0491,2022,65.90742563752173,30658.631314121816,75.9552241149581,57.85620748621306,45.53671890816801,41.637222550580184,male,0,9.54721987933725
2022_0492,2022,82.85318394224727,51436.52045463149,70.50433510934785,48.868263287992036,36.93527127283091,29.963105963668923,male,0,75.66002881096402
2022_0493,2022,68.57319422710627,51815.333047599335,51.909049476120146,33.21650121158856,43.49185788827658,22.610127728000894,female,0,2.721681805287431
2022_0494,2022,74.62960573249448,21489.239004950447,71.10742155796194,45.12594993431228,30.188078106645786,31.27440890918435,male,0,57.182619653398355
2022_0495,2022,57.75388948482276,52952.07565882346,43.62499403919412,42.57695721276556,31.983723175236985,39.5228298182957,female,0,1.1853048513203654
2022_0496,2022,56.46240777412588,2927669.0837567807,62.771778242427885,34.83375238025261,47.1540930101829,18.94460721791016,female,0,92.41136787218939
2022_0497,2022,69.59705955014988,6968.407830597763,76.37956769400049,47.58164217228173,49.66690075406096,34.55678207727251,male,0,8.217368302829449
2022_0498,2022,74.88553242465315,11903.399784242389,65.1839421557132,43.8930539110441,30.943438310333192,37.523869668755744,male,0,284.29146582392093
2022_0499,2022,65.40256502000463,1768298.4795793083,60.010624500380544,42.15698713885952,47.506143105064204,37.84573446514542,male,0,27.729587945585738
2022_0500,2022,52.13606664916303,230642.85438338478,73.8934625377235,39.58080288757671,35.47264326964725,33.38276401811855,female,0,19.01066238646844
2022_0501,2022,51.397416337106726,1448499.122749726,74.74751815086582,44.31054492599651,40.9650517620031,36.584861856185995,male,0,14.083445083124412
2022_0502,2022,80.72863597813759,123835.99891677249,83.1003969286695,62.29387661492459,53.36944415790647,57.23893828123862,female,1,1.956681644670985
2022_0503,2022,77.32377887060619,353433.14231454936,78.74342428446387,60.590933330250174,47.274872340229486,46.62145281490603,male,1,4.442645356328112
2022_0504,2022,66.09485359447088,4728.9658011517095,75.81374793937147,33.58984084012437,48.758719880221925,34.3969922310185,male,0,10.099642225480054
2022_0505,2022,76.25043921708026,317262.9130368382,72.32908557437534,56.93766240762493,59.88790358456966,39.31652211638037,male,0,34.46691919085739
2022_0506,2022,64.86584213075191,64808.64711674686,67.65528649116472,29.49580056651453,33.76120658950202,39.71686664347733,female,0,289.310353658849
2022_0507,2022,42.395852426621474,388144.68093475833,65.89508999763814,44.27636218879745,30.94125025007454,32.32044566259849,female,0,407.48332027390137
2022_0508,2022,93.09239539665451,78698.53327718102,67.62740280902598,56.79759257698567,31.978777297714096,32.308697822561456,male,1,293.6827197276916
2022_0509,2022,63.37201003367393,414.0900271938923,52.876317069402745,57.595472694493,38.254989465933846,50.10524020326713,female,0,3.3035577705016714
2022_0510,2022,85.95998750225439,23474.91301441495,55.44688491180191,30.965174627761595,17.254493857081062,35.80215622483184,male,0,6.202795019104865
2022_0511,2022,50.42862087080444,13038.868520601804,62.179855180647905,32.64736738239668,38.72571763303189,29.053036129691286,male,0,68.88924017469463
2022_0512,2022,91.09322397400804,149273.93392492173,72.41452159602429,50.301819367381746,33.754292681050885,39.568596559305576,male,1,33.32307166918446
2022_0513,2022,82.05852680544564,101081.29784466288,79.40812598004263,43.2346505095061,48.637597673977986,41.18009753129124,female,0,3.706173712210199
2022_0514,2022,69.49978341346548,22108.651933184152,64.58202772124487,26.269493404313582,44.324193790100395,20.272957758061647,male,0,212.4592063886244
2022_0515,2022,70.63313073516424,35849.16326246937,75.03476290877664,35.214715052422335,34.793033722306625,39.59253642182807,female,0,12.935817315543076
2022_0516,2022,66.14584437023878,14179.917544935477,75.79315656432121,18.47634177145715,46.69960845362904,48.67979934348261,female,0,10.188401852014907
2022_0517,2022,68.29943538657264,12726.490153499923,62.68553202311209,42.4042135412809,48.032630598237695,44.51229385521833,male,0,89.79236954153261
2022_0518,2022,72.77609530278536,5753.040079991234,70.94690211370184,34.99785141243738,33.11454210208589,62.29795115194971,female,0,61.40553637118912
2022_0519,2022,56.90513681107234,55648.661710505774,62.56471958275139,25.11943256068147,35.86975744617581,52.511094823121795,male,0,83.93141691026881
2022_0520,2022,103.780585789082,18645.137850811356,83.22135894078477,70.85609402974059,16.946368129020176,54.48934024750854,male,1,1.9347923344020317
2022_0521,2022,81.2699698311446,42377.84530975516,76.35843338265933,46.923331016150605,28.293400256307155,68.00085935914326,male,1,8.279230257452866
2022_0522,2022,68.28367972831538,67627.87089010325,53.095162453116444,47.969436900282155,33.37530439576421,47.58156261774598,male,0,3.434083232668548
2022_0523,2022,66.78740963286327,72032.31324758624,66.61524652153847,32.989591760121954,41.541661766060216,41.63070207932701,male,0,482.3885935876357
2022_0524,2022,58.83706911807892,13581.638288789221,81.4811216182388,56.01571377895426,31.346173206401843,49.73740293431332,female,0,2.4843225333848165
2022_0525,2022,64.77314724674353,21777.433614492442,63.18768965453299,47.49550538926146,35.66548012950891,34.40763566605006,male,0,109.80982434700796
2022_0526,2022,58.77459847334447,720.3725334472808,69.47715030095068,29.91952129125972,28.546693184174007,41.076863194949695,female,0,121.81457359921774
2022_0527,2022,84.28298673138255,35647.0578142408,75.45878837739146,50.829174477896935,40.91113898531271,33.522723569216865,male,1,11.358882080001457
2022_0528,2022,91.46385258386356,150731.58376927124,59.633771008353996,66.0552520522431,43.45714594584908,43.979845575628815,female,1,23.570595929068126
2022_0529,2022,53.96011364628338,1889.5372832314988,70.10707949213514,37.376218692898334,44.82365348419822,33.4809091198018,male,0,92.75856108211177
2022_0530,2022,68.22797464093249,258431.8238893331,51.06164847965374,38.30657492978634,40.92361131905259,33.130715001382825,female,0,2.3279778145702346
2022_0531,2022,53.499145058476365,435811.7747022795,58.74375893598604,52.72238861772098,25.389270034986055,44.13473293105504,female,0,17.747594755372866
2022_0532,2022,72.11977022991051,65490.82164237692,75.75722967494193,32.513111266300434,34.60046336107149,38.62288559219433,female,0,10.303668532225556
2022_0533,2022,53.1852093207118,259727.9054796632,68.56756290308358,40.912937721754545,36.72693327681515,20.72478864283253,female,0,186.79280352016818
2022_0534,2022,59.33705084418994,42840.01839997417,61.95522192253473,49.54627793652306,36.76704687079374,25.444430786879103,female,0,61.79052280289795
2022_0535,2022,58.75396591784821,19506.736611787466,69.46461021245187,48.091174883856006,41.54981217989836,28.527335085385367,female,0,122.27223583057582
2022_0536,2022,78.25146728874839,3271.1539998646363,64.39907752244869,38.403873324793274,55.05541372371019,31.170280938860255,female,0,196.6154911738957
2022_0537,2022,68.30289945616592,2610.70878317677,65.12578502351833,37.110941191473415,48.92096212684599,44.14423329478638,male,0,271.10331923191706
2022_0538,2022,62.88266197455606,263031.13357846526,71.56818526720137,22.611845374790683,30.924822201513052,42.18938847071636,female,0,46.81716925179865
2022_0539,2022,69.98719441069723,744079.807284099,57.72632259340868,29.437550073348042,47.58402875296633,50.652793716991994,male,0,12.397563978937256
2022_0540,2022,73.92807652670312,60331.892875011195,70.4033640555469,63.183592265747336,45.603023676657365,47.52801822941771,female,1,80.33858370415649
2022_0541,2022,94.56866410359092,415688.1298417739,66.87731805393346,58.62117811057764,31.139325270484353,50.71902956182658,male,1,431.0611675053193
2022_0542,2022,84.97514177804763,89434.14532933412,49.14396625399745,40.74927078566226,49.28865922635439,46.08396191459123,female,0,1.7927486486604334
2022_0543,2022,96.32346506402672,217834.96447062577,60.795442437507,70.3925360963406,37.59623364054737,42.0967930909149,male,1,38.23494928145187
2022_0544,2022,95.67913169169336,78632.75669286471,85.68206447063832,48.126768909377255,25.100465099855555,50.99351742287656,male,1,1.4531738115884894
2022_0545,2022,70.48128379642196,73306.11175421585,68.84723314585234,37.6381969776735,45.352027246371414,49.194127917401,male,0,164.22706287955097
2022_0546,2022,73.95605243314346,26585.179834309263,51.76411698598611,41.88710963411218,42.96961823614524,43.76095367553991,female,0,2.641243951681428
2022_0547,2022,45.0253330711014,78162.62158141239,49.596456241515895,32.95840062425484,38.52322370814172,52.71071870860142,male,0,1.9155408290138962
2022_0548,2022,48.17673518208973,17531.631017442116,63.87836099889416,54.31477113927417,40.425469150167004,16.542117574966035,female,0,152.741965858894
2022_0549,2022,67.10291291086146,2954.454863639131,80.61186533176482,49.08586801613148,33.609145211115376,37.0953682585955,female,0,2.897215200666027
2022_0550,2022,57.8512343810249,57716.18291862154,63.13241865195647,42.901333270887555,46.90130503797109,36.94209534348269,female,0,107.36669161126989
2022_0551,2022,78.12025262219915,5179.676231249201,78.06999553404016,57.942317793285866,40.365493654910736,51.526828774815705,male,0,5.193978635872487
2022_0552,2022,61.84825610114776,38273.488012516726,68.51930770818657,25.011047203898578,42.464488439482274,55.713949969507695,female,0,192.241039746652
2022_0553,2022,45.654692642868824,1115.5540827931802,69.71250457845893,39.92273718894318,44.371419244288724,25.498206297897376,male,0,108.85317980741603
2022_0554,2022,82.31986083156004,79820.55111010926,56.64279490695431,63.66336968934061,27.654143855736756,54.111671741492756,female,1,8.638681785041102
2022_0555,2022,37.50323980369424,23001.171857646506,74.37522921749758,30.85444953206078,31.857169781179476,28.285548139737312,female,0,16.119020948027543
2022_0556,2022,62.658744627170876,7091.809597444489,61.650679627263926,43.00714541817728,18.700555403837903,28.587847544391774,female,0,53.71809986829703
2022_0557,2022,63.116158727356165,35368.90470531125,73.63092453610908,28.93417506212122,46.44742258490407,37.657142976726355,female,0,20.61976331285708
2022_0558,2022,60.75537290218102,32727.892281650522,56.85830018013887,46.90557318274253,28.677899762532334,36.817935278674156,male,0,9.265056889708358
2022_0559,2022,75.7887903902974,168522.2186062987,66.77049347509913,50.57834768128907,42.12569709895652,24.415827202831235,male,0,455.4336308788061
2022_0560,2022,76.98519836516694,572645.6949479545,68.52002953937631,42.723334011283285,44.509882249395524,46.49877973492567,male,0,192.00088857272215
2022_0561,2022,63.29611576643889,154517.1827187125,63.45966683424133,21.472021849350543,46.8235283889252,46.79402424726602,female,0,125.52437966692821
2022_0562,2022,43.65306332523144,6798.210618290394,69.04545193086156,30.332064788339654,28.759830861639404,50.540415961636704,female,0,147.8576519827763
2022_0563,2022,101.17281580492258,15363.985670368074,67.33602924807491,65.6471000321316,38.548383818593095,35.665446702221345,male,1,346.80060866699915
2022_0564,2022,70.55360228508576,28272052.432100277,58.50940246958721,40.211986435123656,57.50280420787749,39.60417285027551,female,0,16.09888475958219
2022_0565,2022,68.09391570156944,34265.46380944563,81.05483382793965,13.059973823075119,57.94314679984316,39.695728350973575,female,0,2.6878725309099782
2022_0566,2022,74.81479749308116,33193.512230008186,75.48952866361442,52.4283038386824,50.673230940269505,56.87995441468465,male,0,11.245859314881844
2022_0567,2022,53.3517190353896,219101.16133592764,57.39135254951823,41.36656506253832,44.17493138818839,11.657552173667817,female,0,11.231810772906218
2022_0568,2022,85.08755386185139,203647.02994786983,70.68444305594613,31.80925335999955,30.74893611154622,30.430556510108964,female,0,69.4078518387552
2022_0569,2022,55.40572246858132,7519.1813488939715,57.57321145298847,49.94955597566664,47.98621625391053,40.055408427917975,female,0,11.77819569872123
2022_0570,2022,72.49222927200854,73214.62646177597,53.15315356337676,33.22459987093101,39.21978771253159,29.14429765084497,male,0,3.4903429574618414
2022_0571,2022,48.126523055866485,6627.356758081531,75.33809441398977,33.11547882395785,46.40528275272844,37.41679642728882,female,0,11.617353829801804
2022_0572,2022,85.6973531272995,257867.28869311002,52.95900374352594,63.58352651014036,32.87156545147884,38.7392446363009,male,1,3.3660838286866848
2022_0573,2022,80.16368646725336,4085.172368237362,74.26855913576541,57.81038459242295,39.07066887160071,33.42313891207531,female,0,16.75589271025478
2022_0574,2022,62.391001769991504,57703.7665530305,62.472776874269414,56.23587177972886,42.44147360076425,40.64468926102673,female,0,80.0378781904932
2022_0575,2022,103.39922605132799,350102.963583802,67.88453396919472,63.59711498904107,41.66278091493859,46.28149277757814,female,1,254.99654600799377
2022_0576,2022,67.36955388719247,39549.14001526452,69.0975121962329,44.623856588503195,45.73722714460248,37.63733554968998,male,0,145.11114992831574
2022_0577,2022,93.95041843999827,123276.67636143463,75.81198811994253,67.91498932084825,33.40805015475101,35.468052660312644,female,1,10.124922918743305
2022_0578,2022,78.6385032493269,71385.05990606503,56.73656823171092,27.43016324630651,27.36715547889797,38.34235083346128,male,0,8.912902981198737
2022_0579,2022,92.633411753481,319498.9879251094,77.17725608750064,66.44148337151982,55.44785039899795,39.92563653354411,female,1,6.553504862191148
2022_0580,2022,47.19261892436529,1015895.8012364306,66.13370538025224,32.65926531856472,65.69254169023358,22.59680434665578,female,0,459.43616067993423
2022_0581,2022,56.96759908048295,126974.58680088847,52.43945207131962,43.1847806679658,45.27420711202378,44.61553917961279,female,0,2.9929214980199217
2022_0582,2022,70.51191728701694,617061.6848143991,63.30125516420261,37.72532372392663,27.560079052698892,35.48998770553206,male,0,116.7459258989899
2022_0583,2022,68.95509106362508,27080.300735630502,78.81279015558925,45.012083271142146,33.06804883157123,52.615350748110515,female,0,4.392945680918757
2022_0584,2022,49.329417497645615,60059.73375874698,81.76594798245696,41.1810346500646,45.89117569050969,45.910534756424745,male,0,2.360208588288937
2022_0585,2022,87.75657480591799,40848.06440596191,77.17348457608678,29.269697291787004,52.611156116812865,51.70066404219655,male,1,6.569909121126412
2022_0586,2022,59.18278650797753,675071.5816138865,53.0965651183163,41.78891711705181,28.671093654581433,29.889962062850916,male,0,3.438378520705125
2022_0587,2022,61.34530405885775,223863.42355115802,69.90606902455889,46.42152952299263,39.556671791510986,36.286133588125736,male,0,100.98782853248096
2022_0588,2022,51.240864113984486,22739.0933883656,73.50860903859193,44.45928348338454,42.75932064443969,27.57541512542591,male,0,21.488115180697108
2022_0589,2022,58.71628891880521,29914.90607977424,72.25707983318722,38.9741405379142,49.445784512858744,32.94808791070674,male,0,35.82872693553378
2022_0590,2022,57.71389514740473,1121359.7445691472,72.84954288687918,56.42161691930406,37.36398905599621,52.521054245085914,female,0,27.798998642669666
2022_0591,2022,102.7153325976192,15876.237874487644,73.63263079247531,63.11373129121661,23.561853086780758,54.87490577922495,male,1,20.59400471119603
2022_0592,2022,73.09121310990244,33226.289771951335,64.27587661169456,44.376733001931065,47.01197559452902,28.5186670519554,male,0,183.55236598524
2022_0593,2022,63.54189541911184,28921.558954552955,58.91632504095982,50.44491894050569,52.047959651712375,35.41722331682716,female,0,18.448812402746924
2022_0594,2022,61.07960204129269,1367.2202523031387,46.02064481498503,43.625929996965986,39.97408538254839,39.23804327976051,male,0,1.3314252699662106
2022_0595,2022,66.39924312039113,72061.75845422188,68.3964176671335,31.019822465857963,44.85240091306431,45.856056418097815,male,0,202.60332432563854
2022_0596,2022,56.83424892544425,35667.07400960739,66.86052843652189,15.616625862203776,36.05508770572929,22.401897364635076,female,0,436.4832495118343
2022_0597,2022,53.53167917832559,7052.87913607712,70.57575842824816,35.22879097981919,32.34227205274105,23.969999184715615,male,0,72.69335664753473
2022_0598,2022,55.59778791074283,884.2319384662632,51.62456306707106,47.60945525881117,51.06425680547218,44.896261438724025,female,0,2.5921820205446506
2022_0599,2022,88.65186836028543,36781.01404017946,76.45016689315061,56.46903668582194,43.07495847814461,20.509614310820755,female,1,8.115290514356445
2022_0600,2022,53.36526200207729,228687.51027253582,85.54545094620777,48.01178372281729,45.70368599401882,35.5320259386113,female,0,1.4696143214411443
2022_0601,2022,66.62059559062875,184016.24503841554,65.78450130777911,41.48728175920273,55.82115147994613,41.62091808558841,male,0,386.1593082520395
2022_0602,2022,72.29715673783708,15622.091531335258,64.38334680793459,52.880660702621846,30.251576656814265,44.15665969933117,female,0,194.41596244539272
2022_0603,2022,79.12901699201758,21744.914621118052,73.090023560857,57.04783292879339,33.679737318405785,38.58281904456168,male,1,25.374633654585022
2022_0604,2022,65.25128711216033,47179.07376812026,85.32337024710338,44.67614826567688,42.37933348834695,36.342432809524695,female,0,1.4918246976412703
2022_0605,2022,92.80064204733664,5016.8263256891405,59.76352238300109,65.05885064535359,33.556867622387585,48.445708597164796,female,1,25.028120181337815
2022_0606,2022,68.41508685536803,88771.73689677336,67.03206933393905,55.01601872631193,48.6313653527245,42.85205926365757,male,0,398.9156535773877
2022_0607,2022,94.87061231896412,17338.676964535778,62.00342577702356,42.93362693665722,37.32600779096016,33.529833780485404,female,1,63.11762190174501
2022_0608,2022,50.46400720068369,370457.7908443008,59.52995279155005,35.415917254468425,30.8746719250281,40.377228966822386,male,0,22.646379643175397
2022_0609,2022,52.376107011428346,92051.43056195202,64.5040969211806,48.48516105388504,41.45771675187661,43.831690226561925,female,0,204.38388199296807
2022_0610,2022,65.29423575584973,22665.879494237714,78.47323241613559,55.45896479778648,42.503387708067876,57.182372414513814,male,0,4.711470182590742
2022_0611,2022,75.28780919745509,212222.04965626838,83.00990600688736,42.400715126420806,50.1468206289633,47.86323668291579,male,0,1.988737469582292
2022_0612,2022,42.858126289569974,442099.1392427108,69.48142144626706,37.07295835578513,44.73140903147424,52.145568559539434,female,0,121.51041751873485
2022_0613,2022,98.4572657980158,59548.680358360274,66.23405276976514,67.57118368674445,43.81146391359836,33.8939260370037,female,1,476.992133911121
2022_0614,2022,106.89622005287643,18943.120794680803,94.92738866638518,68.68702675231683,42.40291684007225,34.758170937449975,female,1,1.0447211419526992
2022_0615,2022,63.46974123793787,1333372.3896403492,60.7244551867048,36.403383213326926,38.917774787080695,37.6462000718701,male,0,37.15134592564653
2022_0616,2022,70.50202496026441,327778.4969781126,59.28864085640263,43.30307312177546,33.63780884888735,38.56427353361836,male,0,20.826995379387288
2022_0617,2022,57.96930919102198,523432.36628934706,47.25056955421273,51.805272624119695,43.68838351659376,29.919750421971095,female,0,1.458633443794327
2022_0618,2022,63.80633800723123,102842.50705411338,78.96091569244743,58.904589932744514,37.468752341163594,52.65933626556818,female,0,4.204897847389071
2022_0619,2022,48.790864816918486,92104.41313302836,74.68245592371294,47.42604959235292,57.69822620441015,48.83351637758792,male,0,14.350000829349229
2022_0620,2022,41.55656691581126,114460.80946510719,89.17805536116445,40.44138896665593,54.221822947732186,36.94322138698493,female,0,1.1927362054321269
2022_0621,2022,74.42765801225275,9873.321526152338,51.10476647781874,39.45924823962092,47.12839132351608,46.417106490138536,male,0,2.348436998845236
2022_0622,2022,55.15005072275558,77674.99615514785,79.5817080747911,45.57396557193623,44.584669392929854,42.22899163003838,male,0,3.5831775838899893
2022_0623,2022,90.44472154996569,10497.647992330858,70.70135518366128,58.8432715752055,38.32040949018823,47.198279809313746,female,1,68.97540556706377
2022_0624,2022,51.13557746729807,17326.105618607908,73.06100216800137,41.896404990223886,28.188762686528648,26.5569287647437,male,0,25.565658856070183
2022_0625,2022,80.90030296916125,24243.58400367694,53.52222858895529,49.42123735469125,37.03827776678035,38.54338926802565,female,1,3.7716025850201285
2022_0626,2022,63.261622999053834,162538.13335298674,79.68081822665297,52.97057196491159,41.814000334052565,39.41961472094204,female,0,3.5342460672124694
2022_0627,2022,57.70422805864354,52660.62904240563,72.8651675133183,28.598152728513217,43.09456474444662,46.236420996116514,male,0,27.76427160328769
2022_0628,2022,68.77970997994699,52556.824982786224,64.61089965213783,35.67888239546988,45.495363670158255,33.71562398817866,male,0,215.40069687994634
2022_0629,2022,69.52538418979591,96769.80956516959,71.45112687661121,40.975932608518136,50.01330197877685,15.000692759176037,male,0,49.03331671401335
2022_0630,2022,98.20849646324608,52071.97989034787,62.34504698957751,79.9098687988864,32.27845928307133,29.183002823170796,male,1,74.2546201507882
2022_0631,2022,97.38600790928443,126343.95281730297,64.20559914418301,55.77317015147673,32.36924392790989,39.38952014289092,female,1,178.7968061707182
2022_0632,2022,110.77768204931886,4007.4574647543504,65.36555386374604,53.339841860396035,53.708566797431594,40.63884225503332,male,1,310.6758233855108
2022_0633,2022,54.32406230955114,33187.8398894262,46.47272138309722,34.49183082666206,48.50981589193148,56.83748122624984,male,0,1.3754074300634593
2022_0634,2022,64.45065133797083,55419.1299555291,73.61758494203367,56.588971676113125,36.89229057866679,45.82746440658099,female,0,20.723120306578686
2022_0635,2022,76.32689820519589,6188.447810812047,76.91593614182567,11.876530064939788,39.72788831047763,40.815302792314895,female,0,7.037478933515901
2022_0636,2022,77.64539809338036,42438.9540475615,57.98655850236158,29.97261987851413,39.77286053325101,39.67608723218562,male,0,13.430120729055632
2022_0637,2022,50.78236350655427,43572.46955424627,68.48203015944819,67.31288709159551,41.115741222813824,51.041833821696926,male,0,197.1076448375801
2022_0638,2022,61.8764455834413,120938.98495344465,62.34459525370764,45.90882073491637,45.526830922386125,34.09889547842562,female,0,74.16185986285784
2022_0639,2022,78.5812109586726,24133.23093594919,68.2827396208103,28.9401505066078,66.14992746099831,38.597162122594014,male,0,214.59445691139996
2022_0640,2022,100.08079105199066,99814.24388033409,63.72422758788971,59.58082017825228,41.09756561162653,29.107418798616983,female,1,141.7053639146072
2022_0641,2022,66.95263031479773,146219.5618790753,56.16574843912364,40.67454566067862,47.425981504252505,54.18906048695304,female,0,7.37060653025332
2022_0642,2022,92.82315306565343,112669.31348042899,80.52074886023743,68.46125245905606,22.335232938098578,43.924989370016135,female,1,2.9483627019941094
2022_0643,2022,61.16199074292255,18876.26139742935,64.36129414875508,58.39502002822564,35.95100007221165,32.92476703996054,male,0,191.04328014594222
2022_0644,2022,67.88219063090324,134560.3440023796,85.22108950853476,43.885516812792154,53.08815002716605,38.85544989681692,female,0,1.5105895423076725
2022_0645,2022,62.47625875015517,116241.71149812604,65.4630996479414,34.602116969870394,44.82315391356616,45.0965076320628,female,0,330.2995599096486
2022_0646,2022,94.57421378955556,23850.64647621897,60.739219596495076,67.87084442098204,15.0,37.49281087277725,female,1,37.33756782205366
2022_0647,2022,65.78598706115038,15244.471791057302,77.26940876435938,33.01747303137139,47.54023202316196,34.65529378287399,male,0,6.375738962416731
2022_0648,2022,58.21928471506501,22693.66846705239,71.3080016414602,29.666625040109707,59.98164394628769,33.457263140156684,male,0,52.326346426847614
2022_0649,2022,70.32129373881439,9456.91647691513,72.26872863696424,22.40091128043555,20.840924138802066,43.38961899241115,female,0,35.605495716410104
2022_0650,2022,94.14244648415419,63609.71100430952,76.90600678867919,24.34871605499599,55.99387675645512,36.419457207893146,male,0,7.072754443467746
2022_0651,2022,47.23013360673925,54981.394665521555,58.47203706154205,31.03554843875728,15.0,35.46242265237254,female,0,15.859203590958193
2022_0652,2022,98.2401252418998,40616.629899581676,68.72746691014713,48.22210232299129,48.579989450534136,26.639382449445943,female,1,174.38229729730998
2022_0653,2022,57.39809911381094,20990.524684232692,63.28550168512207,43.132365273747176,40.7135137398776,40.7764057652717,male,0,115.72885522070575
2022_0654,2022,70.7740257751925,5741.711227131782,52.092534630843815,28.005981741759648,17.300287847553832,38.187765612080916,male,0,2.8151062356240635
2022_0655,2022,95.46557473327861,443012.5948097099,67.36409849841756,28.56333697975256,43.66137827239787,36.78351651358035,female,1,338.6611330779273
2022_0656,2022,72.61854774042463,67433.33714540496,78.36379457876824,29.560882254105344,52.30839749152058,41.98770677488719,male,0,4.818679847560362
2022_0657,2022,106.75506576508779,178227.1641342219,72.37338103793847,55.28140352278581,42.83887003821573,47.48002262735898,female,1,33.78442846384956
2022_0658,2022,66.92421117768181,249028.7093370314,51.53938672155012,33.94550512128035,46.64827637059613,47.01565471940469,male,0,2.556783440708776
2022_0659,2022,76.32052288414178,180459.62557365923,49.44160588335065,55.19524679309184,36.68323887660938,45.52728500899762,male,0,1.8682459574322223
2022_0660,2022,41.55702106211323,37184.85688202027,81.64776058748271,33.8645744071085,22.18610244778978,37.593297213642785,male,0,2.392885595974305
2022_0661,2022,80.90452297916023,85752.92947768063,64.0968098974487,48.80923463199198,47.71864022337064,34.33001664058758,female,0,168.17414165184545
2022_0662,2022,98.7506215189234,2334.6111431849577,63.525897942983825,59.810174003191385,56.69753919446296,29.560843586775626,male,1,129.99552151791755
2022_0663,2022,75.77843355745182,224999.11230663536,62.26008235102997,39.57695274327401,52.09580854227459,34.06843492661918,male,0,71.25393174412838
2022_0664,2022,52.801242551584785,489908.6853810895,50.22692245682668,31.64619711151963,20.921241703986535,40.19650095136569,female,0,2.0570028578521082
2022_0665,2022,56.69230118394664,722430.2617915003,79.2309514951162,39.41217348419233,25.65105592789066,32.13713878347517,female,0,3.9452013804347903
2022_0666,2022,66.45938294144774,16026.242116992076,61.069470624139704,32.34903873102583,32.340322582026594,40.960571391174426,male,0,43.59750831572349
2022_0667,2022,94.82962110662537,14144.027676317723,83.67401527738421,61.7002431425457,23.27024548719857,30.345433220881358,female,1,1.817569192768647
2022_0668,2022,97.83068588009989,49125.982494033364,70.51651714447316,57.63750367376312,39.64189919556039,23.390081109929778,male,1,75.00089149007503
2022_0669,2022,75.84515160929966,89147.43613174479,79.2953197456844,30.553720668083997,44.734158051805224,48.19406120864795,female,0,3.8526067611420185
2022_0670,2022,47.347796846971505,75437.00573415261,67.56694499043086,49.918943397005954,26.49746716757632,35.255854046341554,male,0,303.3842033094074
2022_0671,2022,74.7381907171731,318901.6469446283,73.53232662869075,44.268404800214256,48.571284592755276,31.629663467761088,female,0,21.300914370788004
2022_0672,2022,65.08281909957927,56462.3450971932,72.19093046088337,35.51937265857752,46.81103944020014,29.061528587025617,male,0,36.64401084102045
2022_0673,2022,92.96218138875452,53453.77469006781,76.23291066251971,61.4549304703531,33.71840875156297,44.23035974730401,male,1,8.703715469902026
2022_0674,2022,50.2888476561511,58670.216462210155,68.4793447718271,39.161774784980366,39.07478014016016,53.74907711467967,female,0,197.35418344815724
2022_0675,2022,70.03048668376864,38147.73751094967,62.67149283884415,31.324090627367262,21.30198824346968,35.96926138993856,male,0,89.12144587865868
2022_0676,2022,40.85892148968963,36629.06871916261,84.1543469157286,40.70496229021164,37.47737843712925,37.84436625337418,male,0,1.6989323086185506
2022_0677,2022,101.48394011238713,23592.16886598026,60.930630149040994,53.78988245192625,39.27384974130326,50.71631839889072,female,1,40.80277117257328
2022_0678,2022,50.07894164527008,8202.12701250325,65.0430764234316,30.550661643799007,42.48747595228189,21.89554295641688,female,0,259.4982606795867
2022_0679,2022,65.53457912617473,17946.9769457667,65.14885875207595,23.77232669733475,44.58876912020174,59.668686429126666,male,0,275.2005212130048
2022_0680,2022,63.808311626720794,8127.690529115958,69.02440753343521,36.413926464613695,43.24241743230572,64.44100302326369,male,0,151.03324830083804
2022_0681,2022,76.69538147293883,47585.14894284945,60.705273541054986,45.66970659583723,38.15656302734329,12.936624705799172,female,0,36.87375310549487
2022_0682,2022,63.2134483098611,1888234.0936559003,68.14746305589588,33.053406466211406,43.66194942554316,39.02496771083243,male,0,227.86423703457783
2022_0683,2022,58.05861438854335,70735.63006094968,63.31157414797034,65.2070869215797,50.820319933102475,32.81052968130437,female,0,117.18454501795252
2022_0684,2022,59.93397304028797,59836.1690493101,49.180474825621005,48.856856536527324,39.845019266903556,37.35228229095266,female,0,1.8062448108704732
2022_0685,2022,77.72882768754664,63383.87508410439,65.09552286256846,53.043301326604784,43.97594890831677,35.81614930384077,male,0,266.7334913048564
2022_0686,2022,70.36296969180894,14103.15511126976,53.99434666969848,47.95243012073759,38.93828937335881,48.11759098479358,female,0,4.305959528345206
2022_0687,2022,61.143700184768385,47231.092025161415,47.65614237551099,58.52864974938573,34.332410835204286,38.87430093032009,female,0,1.5087024850362931
2022_0688,2022,92.63553580035486,12856.94380764047,71.36873320689385,52.12998016527458,44.428796669176045,30.890927858000435,male,1,51.09823722299205
2022_0689,2022,49.32822909414553,99366.96505777456,69.87883342019566,14.392626143413786,35.24774055829795,38.27814838704876,female,0,102.1303562719339
2022_0690,2022,68.88474200851542,268258.8191680688,70.26698042104576,35.53874391647117,44.6614690099219,45.147842369624094,female,0,86.16378829308445
2022_0691,2022,47.40184292304534,14051.080522926806,70.67170707019694,45.58218575547538,41.08255371510045,28.16278672234718,male,0,69.75576014390317
2022_0692,2022,102.51796465835456,717410.4442965095,50.674109790593896,61.515169717479786,36.16065323479857,23.537663110300194,male,1,2.1896681441617702
2022_0693,2022,66.28621592491265,410593.7583153693,51.3898307209253,42.75472610967784,37.51857167853339,59.9274280083532,male,0,2.475023769963025
2022_0694,2022,88.86951799573923,88.57982185250893,84.73521436813671,53.20910002669872,35.71879007584313,33.575733202915636,male,0,1.5840739849944818
2022_0695,2022,83.99864446275694,28285.970090939776,59.52791239922964,63.820575744624996,22.741988279109865,38.62647013080477,female,1,22.58983440506574
2022_0696,2022,63.97337908959367,11967.641117989075,71.1084103113669,47.989129275910216,44.628950951616915,36.022045941744274,female,0,56.96858639288179
2022_0697,2022,82.98287700923062,9272.627273767408,58.13062378334154,30.60437258147241,43.1154682527832,45.48087704082142,male,0,14.048280444529759
2022_0698,2022,76.91389640291415,241323.60918515475,65.79672739267565,29.046063107839633,49.296702524484935,57.72789923091044,female,0,388.0949398397047
2022_0699,2022,58.037879484201,125761.37475115416,58.66745797726406,56.141139230244875,35.48543097693205,45.799338417292844,female,0,17.094384196346475
2022_0700,2022,67.23967428373447,46973.36154586522,70.61541154619646,41.00901535147068,59.75383625476667,24.816348524600087,male,0,71.34305484914458
2022_0701,2022,65.01999356415087,205292.7354013331,66.36774117316699,33.76770816553865,37.002640521503665,26.158765729914702,male,0,505.8549661299139
2022_0702,2022,67.81955867394157,163065.4471199162,60.51710226355766,33.78605506452882,32.048903578053036,36.01035224673083,male,0,33.86899519938343
2022_0703,2022,58.0131956401517,4982.782635252097,54.498278803192896,33.50876878361743,30.863150801573347,37.31766800466733,female,0,4.806648193775178
2022_0704,2022,94.10679597299266,4352.109049958978,72.67774197492511,52.91040978954158,21.86077596770338,22.780487304533995,female,1,30.151962130172098
2022_0705,2022,49.01947624723286,157074.4344481316,52.8728120095741,27.1685219739634,56.126278923931274,48.19340920174441,female,0,3.299430903118012
2022_0706,2022,66.35123451868083,5373.017543270384,69.27481042120839,24.995795977794913,54.510673907686616,29.136794421185215,male,0,134.62592413964097
2022_0707,2022,69.50020673421832,280136.31319302623,91.264849090369,38.04995622345581,46.80745162884757,54.93301562125755,female,0,1.1079373019098047
2022_0708,2022,62.72580587356116,90799.47126522491,78.50170051262012,34.07074129679601,31.8391119222422,58.20632597205721,female,0,4.658763175842593
2022_0709,2022,48.84949109415212,129527.60271356057,72.18347886894163,51.07159285443295,58.9126768155912,37.51746467367823,female,0,36.8276897097332
2022_0710,2022,74.88531862851463,35216.04547206125,64.14392702258853,42.93076653266917,37.282808384783436,44.38972640418185,male,0,173.07932233139172
2022_0711,2022,98.64525037992803,18293.462303589127,50.61247372996475,62.65317680077983,36.50974168773348,27.680527779157984,male,1,2.1651724243168284
2022_0712,2022,57.739849022990235,25188.479892656178,51.77713604099816,32.56879592445549,55.17259080436076,46.23676326479114,female,0,2.6478553223305217
2022_0713,2022,92.19399553161936,6713.977583784365,82.82792856102714,58.789715842200245,45.789105844808724,35.0180757656563,female,1,2.0213184570378186
2022_0714,2022,79.99330597218162,26601.19955394117,62.1024391987522,63.610011036314404,61.21103138754594,29.127646784116465,female,1,66.51982343455349
2022_0715,2022,54.74589872222096,111657.16312535417,58.00747901835953,47.161957397126756,43.287222603190195,37.10665011747016,female,0,13.514321837985658
2022_0716,2022,59.621886536428605,344889.1462822196,63.343495243159786,39.06108173481635,36.82969200421275,35.34251991594637,male,0,118.80696106082186
2022_0717,2022,77.28420812280152,3286.980901400901,54.37953741153445,50.79123779324209,34.68195116540204,36.748405969962455,female,0,4.647130814413294
2022_0718,2022,58.60496609112524,310404.45740702725,52.732312654483636,40.07989308907943,22.330038228093727,49.496799028163586,male,0,3.193923185885416
2022_0719,2022,71.4021365932876,1006744.8133403957,64.49525927218578,47.9284711851768,38.01404227193795,32.14692407364267,male,0,203.61887771500477
2022_0720,2022,89.6168379713842,643574.8584367033,61.08470545327964,55.1014779141085,50.64593338827381,57.35022999773876,male,1,43.76130590042853
2022_0721,2022,67.47947560851875,60228.56469929937,57.58981420221105,21.874116334313584,46.78834172656069,26.749403671746464,male,0,11.852039944728764
2022_0722,2022,63.58604497856198,308133.1195465793,57.18808973852994,42.683589880185224,41.00308006560405,56.154302731785954,female,0,10.604198419378799
2022_0723,2022,73.73056600092744,159956.29920680574,70.22360213834469,47.253240631466255,30.850655561836703,29.83489378093306,female,0,88.12444823943167
2022_0724,2022,89.65188661781443,56914.93830405108,67.67874309504643,65.75347331807569,41.46873018012737,39.98986767463384,female,1,287.86741225020285
2022_0725,2022,49.274717499975594,65093.58959586718,63.214280321061466,44.2218666143744,50.928137051953726,35.0980388652198,male,0,111.60881117370802
2022_0726,2022,51.18050968636367,9674.310189089416,70.96945897308883,36.51413034045013,45.107192564699844,36.56271328462145,female,0,60.491327036988544
2022_0727,2022,59.68122506057242,232400.16828137802,63.579603917670596,31.932537485544078,42.46735169633359,48.01357236355549,female,0,132.78748591043276
2022_0728,2022,52.50940029321947,4146.635644740842,62.21746231542827,45.5172826904378,32.830423467187934,54.998267972288104,female,0,69.93036771278257
2022_0729,2022,69.10212015679551,108117.31536511722,69.7045035557017,44.26447416198275,49.471818141120124,51.90524704955642,female,0,109.39880864181282
2022_0730,2022,60.34231835141922,2353182.233322588,71.68197843557631,34.391009091561735,15.0,35.95143667658152,male,0,45.094036076823365
2022_0731,2022,88.74606550026431,158144.67406504822,63.52926500491396,51.09424189192057,44.628457088651444,41.842552224045534,male,0,130.1581175211457
2022_0732,2022,47.62285404862868,62168.83821340635,65.80607775620521,31.171344854523994,66.50321980944598,32.17922126331638,male,0,389.55302807084024
2022_0733,2022,67.036331787098,30476.38059462811,57.18209770266672,34.164766212089596,25.71626612668153,30.084496874253052,male,0,10.551309759117222
2022_0734,2022,53.72046976494331,280242.35561891104,56.39316956835474,56.36425212341665,38.386305452986335,28.536990942713313,female,0,7.9745083670039225
2022_0735,2022,60.06598659617321,4960.271242370929,72.69147501966808,48.68581937733913,40.72089009875273,35.624266930158704,female,0,29.889283357108404
2022_0736,2022,66.41419473340544,48294.41135805694,69.44942062544622,36.41990694108977,36.174171859434225,42.49605631014942,female,0,123.96509077982394
2022_0737,2022,41.74628625125713,172081.58461402883,69.55298438416575,42.873807096435506,51.16374242558979,20.881848402484952,male,0,118.21440887047684
2022_0738,2022,67.36826116788028,25267.665884853446,67.80854348725522,41.547922445238385,45.52451014355301,39.53646297419234,male,0,263.09100527878917
2022_0739,2022,84.02907462274167,31926.22084615514,65.46203275814953,12.543861350226218,42.32300372547319,55.160251245495246,female,0,329.886943398807
2022_0740,2022,60.46561701631407,4849.610296498256,71.96411890822769,30.935260505266182,48.7727256116928,51.21911069074125,male,0,40.650047316878776
2022_0741,2022,67.5980785680551,8783.089522992506,74.35108761022784,39.49153382890719,40.96750709071742,34.14815923473334,female,0,16.301383801388848
2022_0742,2022,75.249216931254,1505.4511260509225,74.11228005190648,36.43388523440694,72.59864488823514,26.03127090717214,female,0,17.836554944288366
2022_0743,2022,93.36046499973004,26709.188665635033,68.99222084054013,62.471025648304206,40.713469336567414,44.59830306464826,male,1,153.69959261184255
2022_0744,2022,59.190398114685166,54342.5290554283,78.86992729908837,51.2948231294792,42.75282098489704,16.825717497924998,male,0,4.322137190735289
2022_0745,2022,42.24263596278248,24423.79999760721,67.28460681732321,36.78464215346072,23.695319504267243,51.10154115882678,male,0,352.48215610770893
2022_0746,2022,71.40990719394973,20844.114316157455,71.32376192565799,29.42345203877135,35.36549672696576,37.86412542116759,male,0,51.740973923713305
2022_0747,2022,63.868315902711025,108810.74940773608,67.8208789083488,43.24851658511045,52.27377681799809,58.31300320577401,female,0,262.10626155746746
2022_0748,2022,54.873161486118384,745361.1554918858,67.47006707484174,36.73376666432196,27.445431496401273,22.730345144235343,male,0,320.93865533764364
2022_0749,2022,66.26596710277694,56169.61543948676,57.6424800974968,38.43936499178098,19.22442825698045,49.18146225207833,male,0,12.121733518589444
2022_0750,2022,89.16319643193819,59918.001251536,77.01350838344825,57.08226280846922,39.52315471187575,38.99491163185802,male,1,6.803927370860923
2022_0751,2022,59.715738688844745,19760.030553187928,93.45294394907638,62.418378000109854,54.507445074749775,36.68949468527919,female,0,1.0698302595979021
2022_0752,2022,71.06291156108708,29786.51315361518,61.25204925209917,17.59295739002055,41.223812286961255,26.301565347878554,male,0,45.60420832084873
2022_0753,2022,51.61617588676155,25490.299226791325,65.70994715424948,36.116660968673536,37.43875397373656,45.95747906711716,female,0,371.94649005929864
2022_0754,2022,75.47315286073759,1021329.393323089,60.537947356527376,39.96310974351608,22.2151206225902,46.76137384776858,female,0,34.20938426011012
2022_0755,2022,51.023138368815964,123152.53136966474,60.11980098438065,32.18857507717221,45.32254122702193,57.8512780196589,male,0,28.86125389768101
2022_0756,2022,58.37298591644736,182083.63012907488,80.44449478118673,48.99825832128283,47.41275108883045,50.08050262860592,male,0,3.000413162443593
2022_0757,2022,84.22946194066577,11962.226749418218,58.27028982272535,48.13257678719639,22.982675008988995,34.061046710442646,male,0,14.676535588480897
2022_0758,2022,106.27354761642422,231810.77940243867,65.25919526633639,59.522453815114595,50.54532448697219,29.961374163824853,male,1,294.05005266260565
2022_0759,2022,65.9760399249544,39458.905454011576,49.125071762686986,37.293262446563055,48.45695525892109,26.315085664776138,female,0,1.7793533290345789
2022_0760,2022,55.594697844987834,8034.327928019976,57.42388275457753,38.88043165768353,52.12315942547345,54.732243456394706,male,0,11.330520341746011
2022_0761,2022,59.70727693300107,89415.68087984633,47.91600107046652,38.952133463521896,46.63525091833342,32.21825715722134,female,0,1.5449630589513383
2022_0762,2022,65.73275314585696,8646.81621394319,71.31804699211929,39.216269718742375,47.33682708811318,54.80229868971307,male,0,51.93536683483144
2022_0763,2022,65.37523232339598,41476.27488555005,92.99697221837309,38.120008984832005,46.007208987017385,45.250720408620666,female,0,1.0778841508846315
2022_0764,2022,64.09129070374037,7050.356886641349,61.33321206349478,42.52449314592393,49.484723215011954,43.29902881593961,male,0,47.11069286543512
2022_0765,2022,94.69167485915816,59968.98316359164,53.332420670097626,67.53212064827865,21.01242230876082,36.93131687439702,male,1,3.6101524450539855
2022_0766,2022,62.856248902948856,12678.266583673645,73.99999664429733,27.697398524014233,25.78940566378485,46.60672913002251,male,0,18.310963887821604
2022_0767,2022,50.58021264359987,13626.586305850216,57.730750410698434,29.49336100766851,33.43992099810228,39.84529237163198,female,0,12.459707026987436
2022_0768,2022,59.834892578391674,8807.72792833683,77.9934693055354,22.514819705164765,39.50179828327447,36.3078670853119,female,0,5.298903964387452
2022_0769,2022,74.14624053986847,2155.8729998019508,62.17970952210055,48.663974003575994,44.68136923308179,46.960047866482,female,0,68.8031824217773
2022_0770,2022,51.316657024488826,7167.979778406563,58.68184310917219,42.503232931904634,44.046816532288496,38.56027890778869,female,0,17.28778184056764
2022_0771,2022,63.10444488460721,171922.45575041356,63.220424442543134,45.052675159327706,51.97105811456031,32.01665221261173,male,0,112.16825266780917
2022_0772,2022,56.80246071229156,30154.364325203293,72.57776760936187,25.705017616365314,52.28495298580351,45.99826775460651,female,0,31.382487048123995
2022_0773,2022,66.11350429398111,249058.8550761324,62.72579369244344,57.84948122880138,32.07614891706207,39.36014344371435,male,0,91.26341542384772
2022_0774,2022,91.11366818933182,672200.3729448608,65.03275297206295,53.91149091854642,41.58576110050471,44.889100117578046,female,1,258.52696452057376
2022_0775,2022,79.77393664974669,853748.7905113712,63.01168397021128,41.68205807111256,32.32168452278162,35.46140141645814,female,0,102.25809903987069
2022_0776,2022,100.06583154190254,3786.804584092189,57.28144815499115,68.54384660678372,37.317529616464334,27.90878695319044,male,1,10.845497316698326
2022_0777,2022,51.881968342227886,59440.40470768095,68.9703160229398,30.13020244203928,44.017913690484946,57.35073962514276,female,0,155.0503650584515
2022_0778,2022,71.71228011613698,5642.147251545666,47.1327340615509,34.53675641487333,15.0,55.46611410763574,female,0,1.4405140081492172
2022_0779,2022,57.25348143737937,368530.7767595809,60.55878545634484,41.79171774600874,64.91244039639685,48.837849612619614,female,0,34.55319428777073
2022_0780,2022,89.23003628622466,178226.1848139561,77.59385208830743,88.57473075464706,44.864086773974755,36.12189314625727,female,1,5.9894524663831135
2022_0781,2022,68.13819020107121,28316.379072454263,68.03048282932717,43.01124742852024,34.842967245865935,36.99682026838928,male,0,239.24783950256955
2022_0782,2022,90.08252580269865,31747.928696518014,75.9032057298639,76.06361150630718,58.47369755230228,53.82327445896465,female,1,9.764467193867045
2022_0783,2022,73.92855816322955,62624.922580420236,64.34954327281191,52.05673145191955,37.32568829513805,36.46169962432587,female,0,189.8529831976554
2022_0784,2022,57.25489938486604,111426.02312783177,76.69746180985517,43.68010036494519,42.125193858280575,33.674439636527026,male,0,7.426093896757824
2022_0785,2022,88.81053447408637,271032.1389879106,79.24699196769792,50.108042283693216,34.32884189602373,58.72234675636453,male,1,3.9353506954704733
2022_0786,2022,58.43629106451891,6140.5013258003055,69.46141004247674,50.597536108182354,57.31991837443339,39.523223183861276,male,0,122.42517169036284
2022_0787,2022,89.34361251644961,63945.74896745454,79.27545777313543,45.01889658351953,38.1501529369412,57.68425328513845,female,1,3.886464984004796
2022_0788,2022,75.99191555547813,30736.658602236428,72.50423554403577,56.00875123677092,42.29484100739509,26.01608089309998,male,0,32.13674244475316
2022_0789,2022,71.28796293610303,18822.324836570726,60.6053648665311,42.00005308218255,52.83782153025446,45.181848827845016,female,0,35.561016651971414
2022_0790,2022,82.09943954012071,121092.21436894489,51.56101088308667,13.497764527018239,46.65139457461076,60.71082599216615,female,0,2.566389378487814
2022_0791,2022,87.67644203899255,33592.182434437,69.20362125842624,36.594939049681614,40.256519348659275,40.29750744658862,male,0,138.89940970954888
2022_0792,2022,54.6928296806766,155416.49501286706,70.46089230831429,46.53947820922941,51.90390972357463,37.35995507732204,male,0,77.9642197273116
2022_0793,2022,65.70419127327288,238366.01276904825,75.90471991138565,37.629761269602334,66.18483229427952,28.322480824015802,male,0,9.75226923518716
2022_0794,2022,53.237996833565674,30268.145648909143,55.63678724954706,47.150058109935735,43.97410448799421,50.823430544352476,male,0,6.415712116918793
2022_0795,2022,57.22394072251733,855.8580422180138,55.93568940722837,31.499758322877046,41.96760087872566,32.29871917359313,female,0,6.906755564857404
2022_0796,2022,58.69917489744331,1648814.4865463625,69.5990026630777,26.940176272123924,42.506270836190815,39.05191440610012,male,0,115.87360674058378
2022_0797,2022,54.42845125861726,119811.84356257036,64.28833011146914,39.285545969523945,53.904295008315174,27.654977202073884,male,0,184.4724260485334
2022_0798,2022,54.481127271015865,434321.7598198567,46.14238389428872,40.315656672899145,34.808022649670775,55.56894600097433,female,0,1.3414484996183076
2022_0799,2022,63.55715621479745,4975.198570671356,68.7510816375419,36.51615648937678,38.01682440288339,51.548853107256825,female,0,171.786083122991
2022_0800,2022,52.83281581613593,7475.115108941841,46.47577085011045,52.272911466421924,25.425570508733585,39.68415250786869,female,0,1.3788502503708668
2022_0801,2022,73.42126959137633,3178.244739242758,55.54743448126624,31.497926248609424,28.96132137360026,28.45851064413072,male,0,6.320194607432744
2022_0802,2022,55.82246462582486,13929.153752415717,78.51681372860106,43.1316560733235,35.621999973020294,55.35907049242632,female,0,4.635527497566712
2022_0803,2022,123.09568970096392,442.7586123906091,88.24879017807115,60.67969971163625,38.640630059395775,36.34068272952853,female,1,1.2476353004038117
2022_0804,2022,60.48615549035605,357207.7382882938,52.843436315280385,24.432840478639164,58.49083325770119,28.947951591824815,male,0,3.2788737679386735
2022_0805,2022,65.72017641917053,22947.82061331606,61.70608462587306,26.809698163314877,46.159928049252244,22.37881987527456,male,0,55.215847253117865
2022_0806,2022,52.04658815533965,197218.47248735063,65.42622523078705,40.119110162486315,31.67921489810206,33.54034868106225,female,0,323.35474426073114
2022_0807,2022,82.0609175812764,248476.24518882477,82.81226927581568,59.81199998686964,33.520195146358844,25.453618774700605,male,0,2.0238466849223475
2022_0808,2022,76.19500680802916,244210.76985161894,60.07131052175598,45.79269811898811,54.54748683230654,33.77179163477175,male,0,28.21912670540861
2022_0809,2022,67.96915870736113,47021.2518752618,60.23115976966722,22.743651748553674,52.06610348629192,47.444087336977155,male,0,30.416949427565193
2022_0810,2022,81.53197451220434,1640392.5135188033,85.48725558462861,28.895119348806624,39.48149910224203,36.24599836024767,female,1,1.4732929536190154
2022_0811,2022,67.1066687772462,408548.65548471775,61.25210847281742,47.330535930043794,36.37473534461167,43.55693382113711,female,0,45.66124922438731
2022_0812,2022,53.78568953982745,1169210.958414283,72.22201708966458,39.03786517071801,52.04932835704643,32.76665340467768,male,0,36.27939684105502
2022_0813,2022,109.62355263473361,71205.6002511607,55.22857034887573,71.4126596951037,29.266728732753137,40.65169066364231,female,1,5.900281136319015
2022_0814,2022,73.09194731853172,335847.66916885396,63.28767255907674,31.192820792885584,44.720303980575224,59.20900822086021,male,0,116.16365316439912
2022_0815,2022,65.95439038487736,42358.19408753064,48.404031616735956,43.502124978585265,63.52658990893331,36.51513921973103,female,0,1.6343578910088892
2022_0816,2022,70.63624336752677,137842.41210587922,59.44566219044296,68.46173463027863,41.253556822514575,43.844294376196586,male,1,22.087238537545623
2022_0817,2022,85.1658402134097,116438.89981565574,78.39201355152264,55.525363617935184,31.44390520738396,24.344727725315614,male,1,4.800643637162686
2022_0818,2022,71.87761131599872,3855.4423538251554,64.50094608913287,35.73914429768934,44.903687026715374,55.201061224168704,male,0,204.12856174887412
2022_0819,2022,77.12883691723155,12618.270349329123,61.80894259447025,40.2526283109839,36.09991280984652,35.22793371055135,male,0,57.82955632010356
2022_0820,2022,76.09169811492131,185403.20428420516,57.512503760190825,45.42676346560329,26.85884156246585,50.50533649906501,male,0,11.516145416329916
2022_0821,2022,49.079869977585446,1334.5407945150612,62.793439267587175,39.85665995488089,47.81036026872106,38.76819704241095,female,0,93.57375978477347
2022_0822,2022,68.01552306812904,166332.57147071447,68.01113167100694,49.73996337759486,51.97834400549722,46.11579365020806,female,0,240.4470742886428
2022_0823,2022,75.15515216482929,70821.27798984888,74.82916206461762,35.3806481073297,37.69093327927427,46.71012427211001,male,0,13.735723585077926
2022_0824,2022,48.41664434417755,5469849.178115766,38.74853315903198,26.716047945368903,37.02764325903726,35.47559660487283,male,0,1.0578621162102273
2022_0825,2022,94.92095484626763,1750.3475188007117,61.682388257371905,79.7697536811318,29.584346088781707,50.91906435761852,male,1,54.52994498264023
2022_0826,2022,67.73842398308456,53085.508972600306,66.59096242189005,33.95366263457554,39.30064399532433,32.410151360069,male,0,487.2366795526882
2022_0827,2022,61.99235415153265,1148922.2764906683,64.01136884037714,34.31557916282253,35.17631617076809,47.77934220027543,female,0,162.38986205348914
2022_0828,2022,46.478381445987985,437.05132211058674,69.03376242526726,39.34196678927815,30.689673132967442,36.09794705833469,male,0,149.53044237084154
2022_0829,2022,91.74301889926271,95024.91897708665,72.67540286126554,60.67181109653981,58.121688303996066,43.4955794863206,male,1,30.22743633894902
2022_0830,2022,61.72694569744976,27045.70806770322,61.951321370065926,36.13316357511717,45.46492816749507,35.38006997645739,male,0,61.71333290313241
2022_0831,2022,63.519275954522456,16857.253761414922,59.73146804012823,39.82566103050991,46.52395108029352,40.49975974706596,male,0,24.563215033883296
2022_0832,2022,59.365285745749304,144039.98232804862,62.54498510264499,39.60237768571826,49.633995689324266,29.25306298308233,male,0,82.99247989357767
2022_0833,2022,60.569878467585326,43512.31951875664,76.48742349822743,41.74819327020807,48.51036216759805,42.47556984688794,male,0,7.98448273514402
2022_0834,2022,64.60293717653022,67095.82736458708,57.679920670942856,16.42512541012684,36.668900472032846,40.44187834959586,female,0,12.2588729837755
2022_0835,2022,69.42454604969711,9.403781649754103,64.37193276856044,58.80876307007849,43.52552622971467,34.59846445927528,male,0,192.72224360020869
2022_0836,2022,61.95573237143333,59325.30326426766,66.83342213998421,38.527116864654424,38.109695157393396,39.44972033609704,female,0,444.18893446715276
2022_0837,2022,60.90351071631998,4155.784632021126,80.60350929874458,45.80622619446985,45.1846362477666,41.340044761679096,female,0,2.9081001542006
2022_0838,2022,95.92354038254459,46531.09400836184,66.99691741763687,46.21898658465976,42.61690885958164,33.83642946734888,female,1,405.4509887354004
2022_0839,2022,45.790840741048186,4691.059315275918,74.58806656010961,35.2899973875075,36.97339739135798,38.71241424270331,female,0,14.842578855997195
2022_0840,2022,69.77035127226458,100298.8013701114,77.31979403265022,33.276841336795854,27.507012770782005,29.94448059105079,female,0,6.336014861028605
2022_0841,2022,64.99436902877041,10419.300726812984,64.36245735009352,54.69723764508545,42.262370569655076,63.45733038961007,male,0,191.28223356089524
2022_0842,2022,65.39693526597561,1376.8029249526373,62.89281020923237,34.14186393164117,38.75730512192701,50.59118660208185,male,0,97.51439420705401
2022_0843,2022,74.60734307594464,225322.96901639111,61.70946327951784,47.58079986940091,21.896277522912413,42.73094105631551,male,0,55.284910217544436
2022_0844,2022,45.47184469951752,13837.968011713614,62.44176865757418,33.495795473268046,45.87661768888717,51.72112927476695,female,0,78.84626942595037
2022_0845,2022,45.26166130141036,406.6550490579127,73.54239860576833,35.47381060346056,50.45342112242775,20.20747523316222,female,0,21.194675617148807
2022_0846,2022,97.73803845323519,115303.01954337096,72.31009977255513,57.54449834799314,64.4835647520895,14.42320262165994,male,1,34.98781996769358
2022_0847,2022,64.92883144871485,55420.032724600846,67.3528970916987,52.838451268293,36.88802496679339,36.007089382500936,male,0,341.63742025947033
2022_0848,2022,66.70176943191932,78613.92391155715,53.74776489620165,21.101473409698816,35.41288103450932,26.21435856397891,male,0,4.004825463819325
2022_0849,2022,60.37872924827555,339792.35238705546,55.32509922624765,26.843364447255674,29.705789695607585,37.63394475551671,male,0,6.027003769884212
2022_0850,2022,101.6435367423993,11221.499496146,91.4344682477698,40.52694834310183,41.286419064870074,42.056566405948985,male,1,1.1037903174831891
2022_0851,2022,74.3263884299112,16363.204737194814,63.221742747113105,29.1249788023855,42.823181805583545,49.20414498340611,male,0,112.44902411755581
2022_0852,2022,69.83982293951527,147724.22923514983,57.2522800442164,31.883999488078928,32.687036652132505,28.617360157247866,male,0,10.818417437359857
2022_0853,2022,92.39171541595417,28645.074624105044,84.31099165589298,43.85518745909611,37.450701179961605,43.996306861600715,male,1,1.6652911949458864
2022_0854,2022,73.92310612385597,17100.762640609413,72.81808548683551,52.65852253385331,19.413343331106436,40.14389693152233,male,1,28.14866699997464
2022_0855,2022,72.69236208037128,217000.958000085,70.78154916864521,19.85285519066585,50.063767478332466,43.47509309933085,female,0,66.60302520411913
2022_0856,2022,77.21728666217592,27026.449823605148,63.619529247184666,29.820112762323188,33.09320740327833,34.802280492464,female,0,135.46997106460753
2022_0857,2022,71.4455841198398,25845.816883930132,61.813269094231956,52.004203999102,40.453436485870206,53.8313513986212,female,0,57.97431107895927
2022_0858,2022,86.20357572632493,883437.2637433587,68.30413627502709,64.03588070281103,24.933065787022212,38.96491351570274,male,1,211.92872175473934
2022_0859,2022,71.73794393667758,843.7762562066553,51.172618297013734,41.87467672172528,34.976464005384265,57.74182223503769,male,0,2.3720391830702727
2022_0860,2022,73.60529707961446,958268.8871090099,64.12072590580102,29.972214437208855,38.004088464824726,32.096113463177765,female,0,170.71576832132283
2022_0861,2022,80.58816247799086,24852.241029645662,67.96033077042617,24.63915040955276,40.6870915303917,47.428273399555536,male,0,247.46025914375437
2022_0862,2022,56.23890075772042,1267628.216825673,83.50463233843755,28.608439244657195,45.597325155225114,39.403315194394715,female,0,1.858928041846342
2022_0863,2022,62.73545415455862,7428.685121567664,65.85999065005215,39.56790173103985,55.1907508348622,36.722575833332364,female,0,400.9152266120862
2022_0864,2022,72.47272051143455,67917.65421368607,41.65822957789695,48.68176779726668,48.12710942769356,46.323153404675466,male,0,1.1093230894739785
2022_0865,2022,65.57410071438157,141317.6400306501,64.06014567215378,49.02367417135321,50.421645431462444,37.008265208104106,female,0,165.4633963061899
2022_0866,2022,83.82672397948726,151136.41524015577,97.39504133108306,66.30612362483333,53.66104109943139,13.380346628426718,female,1,1.0214773890662867
2022_0867,2022,99.14616285026703,5033.87922961164,78.6636623498504,52.62443135932056,44.897078815226976,9.371318768256923,female,1,4.5210759158567075
2022_0868,2022,70.78661633815166,4749.0571838841115,56.89111056191411,40.24549832403988,40.432928043810044,52.724221602840494,female,0,9.381596958816777
2022_0869,2022,65.87962896331003,81510.6612513878,70.91106514430557,36.78657469962754,50.89111906255055,52.30258457879696,male,0,62.48959107046551
2022_0870,2022,67.19584927179945,5023.83196824682,57.579865751102595,37.9881023650525,51.530092859616566,58.873409462559465,male,0,11.792927648895265
2022_0871,2022,62.4129409831427,200373.4937241907,51.46192480453143,60.37127896959813,47.28565837966035,39.82471751717823,male,0,2.5376792950004656
2022_0872,2022,79.7827893571606,277198.90467131045,61.516306367659276,22.379997629963874,26.253724029638967,27.073651980021086,male,0,51.034404330332805
2022_0873,2022,85.99307816287323,8265.068393067952,70.91526439238861,57.653231840777394,30.78539846905353,35.804161573489985,female,1,62.33356221012982
2022_0874,2022,59.12679237236221,166570.34483195905,46.27844497566604,52.117489071961565,38.051458959695154,40.114245153613126,male,0,1.3549302811742783
2022_0875,2022,65.10985513527525,2557.949085626194,53.508407094613645,25.341085049664617,48.596210207358986,29.929617757148907,female,0,3.7387450238690567
2022_0876,2022,103.78954027700892,1104622.1988456624,70.10335563182355,53.562525747337496,38.9865358092944,56.48574722973867,female,1,93.10705871082797
2022_0877,2022,50.026268299054635,54531.89206592767,60.91826824011046,34.709615024323604,52.16868633450563,62.395028796437366,male,0,40.599266502353835
2022_0878,2022,51.89703250234561,136613.06490647123,68.94811271146091,37.76710277946015,53.95236628744281,44.78280700730178,female,0,157.39365124427061
2022_0879,2022,44.62271492265282,134067.65867272424,52.853316726914386,24.040428403937828,52.79170468677206,39.89136253301804,female,0,3.287081207383118
2022_0880,2022,65.3269522525327,95936.60985092848,72.14113748553301,45.952860603380394,52.855405644802865,27.050330215255677,female,0,37.477846559630194
2022_0881,2022,53.81694182793456,71982.30634907229,53.16240902939805,46.662872825131444,30.430060953412816,55.464338961560514,male,0,3.5078383743425823
2022_0882,2022,61.15449889982083,1445.9953447071448,81.4273430193763,45.08375325017948,45.62635499455776,40.763068108490465,female,0,2.534509177617855
2022_0883,2022,101.61378189891708,323066.0050992299,52.84241715621683,51.29626325708919,33.12470959044584,37.108356015893875,female,1,3.2747777362818735
2022_0884,2022,58.584572792171535,75782.45903386535,54.074457296165875,40.865107907872954,24.309336686408013,44.811740886745376,male,0,4.39844029643916
2022_0885,2022,67.31282022743365,16583.526855329994,69.1737080303183,31.005597604309123,37.925288679441636,34.14288471010814,female,0,140.9986054635746
2022_0886,2022,62.00662092248278,26319.064255826423,81.64233251497637,36.674033392284876,54.04736965627251,41.468751731218184,male,0,2.4018757629870082
2022_0887,2022,71.72114315096437,28347.560313522856,68.15043036116171,61.53467927170878,45.407420101184634,25.575331491543402,female,0,227.57958468306848
2022_0888,2022,69.75128067348008,3451.2876473008632,70.62857920182391,40.95695377596256,60.978093716058915,50.87087189252434,male,0,70.89855127695135
2022_0889,2022,58.0806630382539,11606.507049459027,65.17536901673058,28.124734240128266,42.57230145268111,38.95588958864327,male,0,281.46271847528004
2022_0890,2022,63.31348246599547,1023.9618679079406,54.736015458848065,41.80335340663914,65.27802753592907,51.58800860634012,male,0,5.091130968065841
2022_0891,2022,75.43743397720495,72362.68758003332,60.09861651760621,26.4820407393669,42.57521225517051,37.988638221583805,male,0,28.681433584650932
2022_0892,2022,98.93376870254097,35518.992120803414,57.88090280018723,48.009896074849884,39.42480296153737,38.63800291216022,female,1,13.098529866785132
2022_0893,2022,51.030379422488686,1172718.8924376809,52.212900322231285,29.58876864051209,28.006099120785034,27.876825717080425,male,0,2.8540812857755866
2022_0894,2022,71.55618061171383,15581.35357748533,69.01748919319746,35.55690547804316,51.90562740292768,47.597569730181434,male,0,152.17025611266962
2022_0895,2022,54.15389377563762,67872.53325893685,53.768220179120384,49.369689955892014,35.77874871059521,31.241600459769085,male,0,4.04507462887364
2022_0896,2022,109.12513069961005,3575.5145027614717,73.19554006723361,65.78398198016839,32.72952360591273,35.13577626800772,male,1,24.137098168167356
2022_0897,2022,75.24098839841025,21681.268493347914,51.98177247778902,45.22995328247328,53.61230563762572,40.01047186082537,male,0,2.752473604712104
2022_0898,2022,67.898854759184,78870.35106091533,67.96383020116755,29.010754344094575,52.382226687959566,41.21224183689357,male,0,246.84238116517952
2022_0899,2022,66.57232843436194,985061.4221578665,60.113174310370376,34.58685644564351,52.12051367210679,22.93903059782241,female,0,28.75322687283045
2022_0900,2022,62.9096774397258,1264005.7111443374,79.06615533650644,42.72001106883188,37.17808865945018,37.69194134511984,male,0,4.111344072556261
2022_0901,2022,71.78523951400028,2555.1710513902553,68.23718895579064,33.71680014611587,40.29024134694748,47.95230218643713,male,0,218.65606153016398
2022_0902,2022,61.292218305379386,82156.19376960811,77.35782892994142,37.21633559698902,40.20145602304148,36.216619654760976,male,0,6.288672505321877
2022_0903,2022,67.35569870639894,14376.27338243306,57.44353283574807,44.4135869252995,48.62518180672398,37.75268245786678,female,0,11.373089560426791
2022_0904,2022,73.71934366519451,354704.0076274367,65.56143340244168,36.51227318798698,56.3356466849423,41.62406050842726,male,0,348.10355244219204
2022_0905,2022,89.3819345647441,140683.8481030362,60.189128418837214,62.26059589102025,42.88146555198407,38.740395674530006,male,1,29.777408441090163
2022_0906,2022,58.83807260009306,13261.398054501578,60.863947572555816,55.92728456019569,60.54891085357358,29.694844976123957,male,0,39.646394072572605
2022_0907,2022,53.05634519275541,31800.907586050507,62.37895777255371,38.281412010130026,49.771944180330614,39.636538763330954,female,0,75.56551285972662
2022_0908,2022,54.35527253873828,394.3682688336957,57.741417793128605,51.79337809719206,38.452006058855815,49.94073170005896,female,0,12.55350613666823
2022_0909,2022,46.71604688558497,34086.11451337738,52.84497141154305,45.593700673073585,49.087114061289746,29.488240527329094,female,0,3.2829749228364036
2022_0910,2022,72.2982878901553,60148.77489106602,50.864826763473474,25.327580065132334,57.85940278708773,36.25518110514182,female,0,2.259175672349701
2022_0911,2022,83.0891454208277,45370.72601329411,41.60251884292603,28.978629707364757,60.78288983341334,26.183686760649227,male,0,1.1065532454978906
2022_0912,2022,109.25328943470305,133404.22669276455,59.43653536496542,51.664041169301036,51.06891344599081,49.41381950490345,female,1,22.03208940633926
2022_0913,2022,78.73915511373484,7957.00699913166,76.27493896671845,51.451650830672165,39.45674453658,39.07641793162121,male,1,8.531370356437447
2022_0914,2022,102.248546715562,240493.19324345354,54.01501467986717,59.09710253893186,37.0330674594408,31.49800366394137,female,1,4.316737894510043
2022_0915,2022,109.22106349923557,30230.619593958363,56.31877153746695,66.14644048081823,44.96069503561391,40.922656001431776,female,1,7.797085421846697
2022_0916,2022,90.43190019261336,31820.21872637901,87.90898571232916,72.55158416704722,55.93974495271046,27.963997851045473,male,1,1.2601742436329761
2022_0917,2022,66.01447430650049,21122.31593065298,58.63503950151746,43.08175088725082,45.13769122214451,29.665044685395937,female,0,16.94546082454102
2022_0918,2022,44.9210694919533,176090.5956459192,68.21046009164836,35.5432044394679,45.345318718688105,25.398664701482193,female,0,222.23824897659716
2022_0919,2022,67.66736167976642,33629.86789453396,71.42317146500494,19.17758756370126,41.31397854317092,29.332207624426,female,0,49.650079912177134
2022_0920,2022,54.36440270565283,22429.69112320968,71.6252612978128,40.705895754173376,37.52108937368787,53.573375839998064,male,0,45.718361473637074
2022_0921,2022,66.99635017911514,86635.66538441382,49.7768576939194,40.257701936949914,39.17865493356082,32.66881668717404,male,0,1.949357829239996
2022_0922,2022,79.3879707781112,88012.25955464818,67.68940320100509,61.829287535389575,40.5542598524553,44.66225122651479,female,1,287.1486425560543
2022_0923,2022,70.42858224477595,24455.854711754608,48.81772730481608,61.06240297703333,57.98099996239822,31.636985800440783,male,0,1.7095838870569522
2022_0924,2022,75.24512675426689,291995.9991634941,89.46317858910324,52.40596546193072,38.40286221469198,47.59533745763219,female,0,1.1735108709918103
2022_0925,2022,57.16820138284832,30835.689780626486,49.051247359844,47.85060918249986,41.326120759113806,29.739179990686843,male,0,1.7616484675917137
2022_0926,2022,53.63077418589565,133151.16853226596,54.521597811301795,30.379228699284003,32.14622339593491,40.39227927761756,female,0,4.824706963532514
2022_0927,2022,43.43976957450019,20914.984642901763,54.593991451584955,34.870052508032565,47.96631066473155,40.52851309868949,male,0,4.928329072119125
2022_0928,2022,92.33586465924823,178941.68324068407,55.0333952327712,59.05155393071498,52.86679178718283,63.278053364265915,male,1,5.570584580232857
2022_0929,2022,59.18406065718395,169571.74156369735,78.52593909756546,32.245928759896465,57.04497845956755,46.30425287980165,female,0,4.6066458000276125
2022_0930,2022,49.489805876519455,126676.67745670452,89.22447901083495,45.00464524985118,42.833645246957104,34.07095985670727,female,0,1.189758089115045
2022_0931,2022,69.53018756312171,197277.18634283342,60.24250880687383,43.56908849215704,46.543542832792355,46.85048963650514,female,0,30.607650682136104
2022_0932,2022,60.500296181353505,67740.27989556975,51.7957685315559,29.116922069453075,39.264496778299616,61.38174470485208,female,0,2.667788894705875
2022_0933,2022,54.242640413547676,11321.923677543224,42.63074501273979,51.968167090961245,46.08018679694522,23.70363909515705,female,0,1.1445367843513146
2022_0934,2022,59.454275943595526,51943.26082947422,62.558912814778985,41.0231033380886,43.93965152499214,31.575179574312735,female,0,83.61726350264303
2022_0935,2022,75.71304538929616,13359.48174678394,61.83634576838556,22.70928853257749,41.38264387251487,37.63102440886706,male,0,58.77696344539887
2022_0936,2022,71.02936943755222,80460.35954748072,58.48703873639855,39.486571416550305,42.17753692277129,35.82911772858049,female,0,16.018591236869167
2022_0937,2022,93.6997393850151,6281.527085521529,72.21375253976228,62.81206455922905,43.71922283393649,36.672433016701255,male,1,36.324774442198496
2022_0938,2022,71.19105018464853,66188.25284285407,68.95173142815486,49.72792361435741,37.85847565154435,26.95767734406757,female,0,157.0006585616969
2022_0939,2022,83.3908804361326,8525.921664722184,73.23083257937901,56.62523596873384,36.77503207921967,54.03956053550012,male,1,23.80748435642867
2022_0940,2022,65.3237010072703,71458.00513304911,61.83875128031513,48.279382674472075,57.87362013671553,25.773914015233807,female,0,58.92408968518383
2022_0941,2022,66.4732233048647,2960557.6977382535,53.98378170425738,41.87141986770216,67.90546768846383,37.99787190377501,male,0,4.279131207128569
2022_0942,2022,90.30163491501273,107571.71727695323,76.65833097806716,46.8494539096242,27.156330514659565,50.45830591760698,female,1,7.528907914358083
2022_0943,2022,69.35458335957418,22176.771117427976,65.1251375942153,25.84833226517486,28.20528795623941,39.69815142854147,female,0,270.76465179412315
2022_0944,2022,57.195665453555485,15661.80967478345,73.8835752483465,51.22559870149349,31.2284717219185,30.20605833097231,male,0,19.10595372823165
2022_0945,2022,70.09820707776117,35871.55800346406,72.90075549472232,51.959841783817694,39.76711584961445,26.513243436260424,male,0,27.350915450780967
2022_0946,2022,70.51858771531292,52232.745142071704,50.78237930952884,43.22909230404723,49.757805110372566,37.70000803972218,male,0,2.2172107788031803
2022_0947,2022,35.828401193029336,76714.17657936738,50.65777792542397,54.957067211800286,46.71252942048272,32.42970434149534,female,0,2.184200810815618
2022_0948,2022,106.90305703510117,16889.900645422633,62.44459281259471,70.56609849041607,40.920311367804686,42.05231091702978,female,1,79.04363169956446
2022_0949,2022,64.52367434647246,86379.53230741607,59.43734591709332,66.83628729479722,44.48935546957899,25.985488522758203,male,1,22.059646737841184
2022_0950,2022,58.83950974443875,10041.853540699985,72.552517759761,30.886885112663283,33.8791384337163,48.13035736887622,male,0,31.61874054415782
2022_0951,2022,75.25348034257755,622889.13459422,68.51309675987918,57.31428751032343,38.35877228247381,41.15549523164464,male,0,192.96329703171642
2022_0952,2022,61.827132747475595,135478.09728397283,75.9918399378531,45.363014322082726,40.59905451624203,41.89836394352477,female,0,9.393331287442784
2022_0953,2022,50.33814017530458,45585.748933437884,68.96486817410918,36.141612253883785,24.957836611281472,54.41076778240017,female,0,156.02246448639497
2022_0954,2022,54.06262938283329,107198.93894053852,67.0864958187337,33.31729994694702,29.186897952774036,35.62204501628134,male,0,388.5803618400488
2022_0955,2022,105.2690574632062,9238.474785552884,81.99729780344171,62.56783781513857,27.984339387223415,32.74183305266776,male,1,2.2676634858246243
2022_0956,2022,75.78495469451362,303422.33650457143,74.69727339735049,43.28940915161545,46.84108223683774,34.52236371653127,female,1,14.296289098677603
2022_0957,2022,76.28991100962017,456017.8303152558,65.68100963437719,46.996732753528626,43.253549485724164,38.07473430476742,male,0,366.4089282508667
2022_0958,2022,64.4489790095771,12048.79484016998,79.80453033930685,30.46429185305973,46.91061200073943,39.09035105208672,male,0,3.42550874715964
2022_0959,2022,53.07604669557566,1959.0606454404199,66.1518088315279,43.70608108824287,22.403450101975352,31.693022633982267,female,0,463.4738662865425
2022_0960,2022,59.16884927697309,27478.97788450096,61.95659395082078,34.78379662641841,25.964333139483966,19.76914746966941,female,0,61.945192366302365
2022_0961,2022,54.82775658898359,101276.18100937147,56.621767412223505,37.35581287275296,47.43215440256495,34.39070999120962,male,0,8.563423056525004
2022_0962,2022,73.66225200858528,1747795.2274236386,72.0302545904541,32.43090127234935,15.0,43.5982566628689,female,0,39.30100142096265
2022_0963,2022,72.32427809762838,25135.14720444155,77.37050541842468,38.387705688191986,53.04629357599804,41.362583062534924,male,0,6.272970459793629
2022_0964,2022,47.80838866123953,24505.747715803944,64.4941259856657,58.893795460173536,22.5668285647721,51.99554469825827,male,0,203.36451312884782
2022_0965,2022,90.96407881480665,6787.398554599348,83.07915623779839,73.8505962704864,47.63344891924979,59.55486543963789,female,1,1.9591290260214984
2022_0966,2022,56.36814337655723,326396.8186731502,45.29984968028424,43.544789549954565,31.91415375243037,47.593337714584685,male,0,1.2824213876438921
2022_0967,2022,107.93509968459371,1078102.8169052715,69.44546625192085,59.74705734435047,49.68903715171583,53.82520642408226,female,1,124.27539122070975
2022_0968,2022,51.49900881873579,3741.4013563572253,64.59905087895564,48.44201190692885,72.88160913916495,47.6677429226312,female,0,213.79123468094014
2022_0969,2022,81.04229104685014,4969.713557270509,57.73005627592653,51.29970394107556,18.068223698788742,57.09899255927384,male,0,12.444142123295194
2022_0970,2022,64.66705260483063,17765.575672082578,88.83861037981873,31.70181617792471,47.75377147860648,58.50853634291268,male,0,1.2032184401276953
2022_0971,2022,53.380655936199126,414211.17412869364,64.33807367311239,39.22561132367798,22.7183728640626,49.51165170778927,female,0,187.96391445162237
2022_0972,2022,58.22725815990722,6081133.437399928,60.92269228395567,21.7804177043192,45.06768922217504,47.063801464245856,male,0,40.75179957249453
2022_0973,2022,56.9838115923155,27268.784142854824,65.25962113433505,51.23102110260895,38.73227836448106,37.94767828062633,male,0,294.4178450507868
2022_0974,2022,82.25381597984494,152321.05097302282,49.9718626147417,80.65024257700856,40.497823224618436,39.5866271903609,male,1,2.0012060023444174
2022_0975,2022,65.94826859730375,72307.13374847073,57.40132074655085,40.800826246230855,31.683137236717627,36.62162668649738,male,0,11.274009135783814
2022_0976,2022,52.720844493081565,13763.035378648383,74.83239969445404,18.749898750969834,48.605411094965,46.21251610895056,female,0,13.701427164503666
2022_0977,2022,43.19633791261811,60517.111765379384,58.710546450672254,46.08890516577031,26.316421620296186,32.796519626406514,female,0,17.483367492754503
2022_0978,2022,61.20323529151827,868673.6771793269,56.711248371997286,30.959108338509196,53.2163726289874,38.088937902200904,male,0,8.868449692126406
2022_0979,2022,46.97143803582117,159262.3413163269,78.09525636514401,33.3665055833554,36.70749693389817,16.448301148217,female,0,5.142297684942285
2022_0980,2022,57.4783913193248,174613.03543175285,78.4025440095183,46.26576389791004,26.773093225969102,57.230898947725095,male,0,4.776700327133819
2022_0981,2022,85.90897111396644,146670.29361350904,75.16990472161142,62.54554125512725,55.14936823340698,37.795254174136815,female,1,12.366608779112193
2022_0982,2022,86.28783927974186,8144.015364498741,65.44882665961333,55.11891224661398,38.52657347190847,44.55580437336577,female,1,327.42204624184905
2022_0983,2022,85.00963101590153,51802.114320490065,62.60528934883676,33.50394367398336,59.87635970442026,54.577866947114025,female,0,85.62694400220059
2022_0984,2022,65.5641156716957,109977.10775858306,56.958500384250414,41.25836055220833,53.01356129313342,43.0029343744118,female,0,9.67940081407284
2022_0985,2022,67.45371008995332,56148.641064252755,55.05226880971355,35.90534447487632,32.818542952135644,54.44343702093431,female,0,5.612521029693157
2022_0986,2022,77.23601703657705,540.9314142712425,59.555835116915674,48.90762866396992,38.35010199063252,27.582621878486332,male,1,22.902589894613666
2022_0987,2022,58.46036866363078,4919.905871415567,58.819455932147925,36.6743681852164,42.01037939663574,63.973765895977024,male,0,18.128766752924793
2022_0988,2022,67.15302629941512,472138.9388997645,54.65279009315255,43.395926232551844,56.06303199986439,50.87110198488766,female,0,5.002811227833588
2022_0989,2022,54.754710870869935,156457.7522330401,49.36294881456851,38.218965331803666,45.17517713367115,42.09202492486641,female,0,1.8519701159542834
2022_0990,2022,74.08062843517985,143769.67758072077,67.19402669753906,25.86491401751815,42.56292621096459,54.25079332625445,male,0,368.706155409357
2022_0991,2022,52.9730341409897,383284.3164137144,67.34595580893438,49.890646213755396,38.801204129016924,28.31365114010628,female,0,343.3498849548729
2022_0992,2022,62.136338641348246,118126.7941607723,82.00792758428317,12.611885630566665,40.294429641453604,37.113851212305065,male,0,2.2648306773415006
2022_0993,2022,59.13948360024441,2158983.931899146,58.31661631645297,35.536348449715646,53.84592085678324,54.44250396402379,male,0,14.973021274318583
2022_0994,2022,66.64320659381916,475886.4354859182,67.9610058962327,33.79801545446084,40.837053507974744,21.329398191050352,male,0,247.1511270676237
2022_0995,2022,88.59509928144574,18662.691925034425,73.12712579274802,61.48178877871415,35.250027287018256,45.604577749588046,male,1,24.903291911165336
2022_0996,2022,62.29106372929063,25542.02218507306,62.46162438874467,45.61661807802736,35.154928343863126,45.32176159845154,male,0,79.5392014399437
2022_0997,2022,62.63869908222014,55225.16747189151,72.44333588749676,51.26764808261035,35.262348461638375,59.69225816822163,male,0,32.909125824753154
2022_0998,2022,57.65612242608699,18066.860110126025,72.75229186850714,32.875951266478395,26.779040039572347,24.170445802777635,male,0,28.969686784390138
2022_0999,2022,99.85093868497113,303638.15387844644,73.2741109519754,65.86582337333482,31.696246916735213,56.096310570316334,female,1,23.394477728405885
2022_1000,2022,67.38388374837426,10640.54765528268,62.443602949522045,41.95818387881461,55.78420275650323,34.40529256851097,female,0,78.94488888705497
