ID,year,heartbeat,income,indoor_time_hours,body_weight,age,screen_time_hours,gender,has_office_job,medical_expenses
2024_0001,2024,64.22485125991552,457633.6552040907,69.12003219595053,73.19235815445018,42.74681689626361,49.1395093326331,female,0,144.5680021546613
2024_0002,2024,104.22588460397813,108264.39397300623,63.78886805796177,75.08654516726789,38.666148981406174,49.18812649460597,male,1,145.29265228106345
2024_0003,2024,74.68515703422005,47761.3684431568,81.10296707621303,50.89759018563454,45.31912500460843,46.49345517763719,female,1,2.654483242083998
2024_0004,2024,73.01310290713882,1896.4293937575014,48.902888857433275,53.19857173500532,62.96333068696607,54.4421102913658,female,0,1.7375915713442467
2024_0005,2024,68.18349538250766,98696.9305273128,73.16737174150325,48.051998050473806,23.63452901205519,48.29679279020121,male,0,24.440705487807186
2024_0006,2024,77.81754597504501,87928.88896999638,65.17708961848007,44.514005115916014,35.71906173632128,56.249363905316045,female,0,282.16725557589774
2024_0007,2024,89.7917059884415,3780.5328426134433,79.65387330726293,53.19631499105866,54.642254637162296,39.90912689670301,female,1,3.556404277409871
2024_0008,2024,70.08643705615899,786078.3710556986,57.19455629608702,47.593985647775405,35.569103486136335,51.46848458408644,female,0,10.617461955386002
2024_0009,2024,67.33360377690289,34345.44780673536,65.89983578816296,32.79332592568036,48.710724925855715,65.5206732140737,female,0,408.50330302178014
2024_0010,2024,83.93256404131998,694.1232468623573,65.60630089731278,50.6302332156559,47.12162498742354,47.75376502655186,female,0,353.3644639232121
2024_0011,2024,70.0240588506029,58369.05015583469,69.33883560050455,47.57707127487356,53.193536165274296,68.43001626966777,male,0,130.9741532108186
2024_0012,2024,89.69651211613473,95945.97874160053,54.5243804935202,51.12200456633537,59.971664236478475,51.63671447328929,female,0,4.830741618110278
2024_0013,2024,72.72247081627536,271923.6384021183,71.36215088084353,47.22482222235518,44.13738852514724,49.434918078539994,male,0,51.290215346585704
2024_0014,2024,70.21759840797327,167548.74197497917,46.54105871927643,44.396606365214545,23.306785550092556,51.166185023038665,female,0,1.3857617660128412
2024_0015,2024,68.54673040145562,91507.47962435681,58.32157942882636,56.74910060275698,33.78192009383352,46.88576755836214,female,0,14.99174925345991
2024_0016,2024,75.64246899685179,21018.434785156638,49.37269992860801,53.331344037084065,62.70424972326801,30.19443928893586,male,0,1.8542865260539227
2024_0017,2024,84.11606627092794,420.84354451616343,78.28219399685626,65.96047299935688,25.029737949962566,58.80174858223151,male,1,4.940665308669988
2024_0018,2024,91.45742399039037,18628.375431474768,74.00130777509037,56.94729764472331,44.17800182328955,71.92713163947114,male,1,18.26524365220918
2024_0019,2024,70.08137014107818,27027.984866851995,69.56038646898736,46.02393448184866,15.60461757483676,54.80429270032669,female,0,117.77193499425441
2024_0020,2024,73.25247699265189,27708.90944131807,79.7318939624856,54.167685261844355,27.260703637467117,55.4132096135646,female,0,3.4947086141256385
2024_0021,2024,73.50030326261755,106620.26350101101,61.84058330838198,28.19386840761029,49.68711155962713,48.17407314442004,male,0,59.14546984988227
2024_0022,2024,74.01994880183913,2520371.3656369196,71.0958568141266,69.03679888730785,41.16032842170415,61.57789098830642,male,0,57.541130204679106
2024_0023,2024,90.94904746173292,14777.165577965037,70.66022347176475,54.74380143777567,35.42805290960945,49.60728381540225,male,1,70.28089513964852
2024_0024,2024,85.68943492349374,54465479.65084219,64.13765445331391,69.84455894125753,32.64015263596377,52.67220098196896,female,0,172.86310834037477
2024_0025,2024,74.22568816182483,379445.68625073094,78.06625832078896,39.30654940319368,20.794643752856373,34.347835325357764,female,0,5.213492621612325
2024_0026,2024,116.05986288359328,6615.831014046902,90.81879363402041,40.823546173859356,46.14792697999091,44.70658129755551,female,1,1.1232766561978338
2024_0027,2024,70.49851408565873,327874.8290442735,60.68533337136586,51.65833292664315,37.962863356031136,53.673531481812375,female,0,36.46124807448729
2024_0028,2024,79.58913292455175,22812.372067248187,73.33719591519883,51.62534742766659,25.550910951373186,59.072117345839914,female,0,22.84540493086565
2024_0029,2024,82.73950791625319,111279.43465336807,73.19116912646811,55.38244774436944,39.502495177893046,59.349397421295045,female,1,24.288427443094555
2024_0030,2024,84.00789255311304,85876.37441692664,68.31112422450443,49.858262032504804,46.62410511440948,34.208190846822504,female,0,210.34520196353782
2024_0031,2024,62.9571606322553,460467.6545394609,67.47177729033488,41.71882839073611,38.78924962494376,35.222202247519185,male,0,319.73738916194037
2024_0032,2024,94.55878017956096,190596.44576925924,66.66922008538842,37.146442059214785,40.36224668679046,55.84137101055214,male,1,472.8366594529123
2024_0033,2024,67.35572798435874,49302.232001366145,29.15019439078298,50.83150556650686,41.18203069118416,42.531916119951674,male,0,1.0025031276057952
2024_0034,2024,74.52007797116883,37460.16343022429,80.34809324598488,35.17407999701619,33.717916017545676,58.945926060417754,female,0,3.0725259244570022
2024_0035,2024,67.6520376312851,20775.21084336149,58.052674123276006,34.22993702261273,41.34368132526431,33.69831790917982,male,0,13.71856465716076
2024_0036,2024,62.10747106078784,42150.37431682718,62.58442855049392,44.19368201531763,48.1668736518659,49.01590056266552,male,0,85.09344452470478
2024_0037,2024,67.28407710202215,89183.04511180586,62.79707099981912,52.30658985328383,51.167129606722334,49.657631827568835,female,0,93.92532014766209
2024_0038,2024,85.41580124141646,11526.269456346827,57.161966067466224,67.87759237256293,48.72310797266522,54.80467097003245,male,0,10.485569724727576
2024_0039,2024,74.67276268505148,5932.745842793516,67.40240141995622,57.79259303253794,34.03551772701615,39.68840003853647,female,0,332.78611955189206
2024_0040,2024,57.111499701208686,55129.80348751493,64.55687564577916,62.33217587129081,47.17484976672923,30.33235938674583,male,0,208.51271028909628
2024_0041,2024,80.9538270124006,573150.4604640902,57.83464021170462,54.53661687543072,45.46397360191218,51.712727615456814,female,0,12.871299657522147
2024_0042,2024,81.08485819672721,30799.383986499914,71.49302016651355,55.668537189437316,32.08871789969915,55.26430272545478,male,1,48.1225075452884
2024_0043,2024,77.43359288058151,41424.37917153905,64.66953307041635,73.05790314856092,36.14758636985484,60.07454962633038,male,0,221.40641620418717
2024_0044,2024,75.53165147595905,6735.218848922115,74.27838571288102,34.77144386107607,47.610524888528346,46.414483466158494,female,0,16.693175780331313
2024_0045,2024,96.16310466251355,20295.831678690214,56.596172123182676,47.867696836057554,52.99661969112056,57.75681641015447,male,1,8.499437628886124
2024_0046,2024,88.5318916616818,147249.41321328364,56.94610679108217,44.64820230417588,22.647047582235402,54.85773774888429,male,0,9.607076861806503
2024_0047,2024,61.71359075097985,512101.3215824629,72.25297610837404,56.93557021358321,57.23341360846033,63.22405077714336,male,0,35.9184108110066
2024_0048,2024,76.10794775886829,39850.9807218619,58.60257056551777,38.21223242313912,52.46487995259987,49.44612083955782,female,0,16.630693598467353
2024_0049,2024,82.59588612432387,2753.2584099815367,55.96597737454917,55.63429607576601,42.795167371663645,32.70100697205921,female,0,7.028687580589293
2024_0050,2024,83.56658298375129,9285.997894236458,64.09709058991389,57.796498317694024,36.78801943395286,49.32340326380753,male,1,168.80597863695317
2024_0051,2024,62.542464194850055,3495.6123096894653,63.99021283310617,56.13347434946797,44.71214316117581,50.884507484627115,male,0,160.17228224972627
2024_0052,2024,87.12812461227566,57157.03771622373,69.02821063932959,59.95223046845098,32.781535086197124,55.18194242398494,male,1,150.46793424603987
2024_0053,2024,73.24733035822068,1352671.7948009437,62.90041563897667,63.38319636632596,39.019495900134366,34.67317633659383,female,0,97.75848517915603
2024_0054,2024,55.89523726039048,30462.058677890214,54.7143485155135,47.50790537062625,26.020229946581424,46.879551851921256,male,0,5.065738846429834
2024_0055,2024,75.51401990858315,77997.19341376021,72.73158927253532,53.30157909491561,23.349939970175026,58.681035715646146,male,0,29.26083697694928
2024_0056,2024,55.91613258254273,2523.428520533077,78.26219762257678,40.634507144370914,64.16971247975295,48.95914547278867,male,0,4.95922758609501
2024_0057,2024,82.93330825807446,30920.47516947521,45.89571313613269,38.35204989732433,41.43201368845104,46.942656178679144,male,0,1.3214769333366092
2024_0058,2024,75.13766828090124,40259.09917356784,49.46459382576474,65.64828784603601,42.84096399044371,69.06326397783499,female,0,1.8752650323125175
2024_0059,2024,89.13139872135604,29143.446645353793,75.02856974774987,39.878812126429246,40.49205741302904,39.29995813168448,male,0,12.951997197506975
2024_0060,2024,96.68783760609298,1691.1897839851274,85.69796340625739,58.41312076952888,30.905704324801473,62.33154709984314,male,1,1.4477346146633245
2024_0061,2024,86.95239548879007,118353.19036931937,48.708210282952635,57.310427995074825,36.123237660172066,60.2124973587419,female,1,1.6925732431609921
2024_0062,2024,62.01322864782336,1184795.9886122497,73.15436501278833,59.74980894337272,41.71371071356287,47.74833538383037,female,0,24.532530197109352
2024_0063,2024,92.38891058077863,79049.49473219419,86.37879886448779,35.41799351400922,37.22968445892931,49.67109446917673,male,1,1.3823016884968276
2024_0064,2024,69.69749411522125,51872.353895823006,56.37587734167189,56.91206992546182,33.26292866850132,49.63541267047836,female,0,7.924823117849487
2024_0065,2024,81.86139034877277,17958.024671229527,80.79667826893211,47.41967993584803,45.60447770810492,51.81947756343537,female,0,2.811589551215191
2024_0066,2024,60.713811836451505,163929.65263008748,63.22005719119994,42.000908815375965,42.687414212518796,44.05458642562212,male,0,112.02812994692015
2024_0067,2024,90.20902000460978,79205.62995658773,68.1463709057312,45.491824882396095,44.736935872871804,45.718517735713306,male,0,228.43461029667262
2024_0068,2024,82.74776941714994,225385.50712559672,57.80766685452911,58.36770787041004,47.86454901643875,46.44775469102188,male,0,12.823122672111474
2024_0069,2024,67.96476369742855,179076.86907854644,75.01028526021389,55.31240517325073,39.091350398771354,46.76702299401117,female,0,13.033200676529269
2024_0070,2024,107.9782089763762,161305.8339770984,78.34452117615467,50.720765419944996,37.50774283837959,46.892437694479305,female,1,4.873196074648165
2024_0071,2024,62.168719049427274,9845.291033295585,82.24709355729823,36.6089253593072,55.65417467376559,27.59175210963928,female,0,2.173307063824315
2024_0072,2024,92.05589789915228,411032.01351162896,84.40607369110225,41.3145540308836,29.74096760673062,50.976490879294516,female,1,1.650783460888857
2024_0073,2024,57.23528948430346,26408.389087827134,64.90849955782765,55.53030159924662,22.026209882791843,44.725322198460674,male,0,244.69193226422038
2024_0074,2024,88.4656925630141,16158.743438765707,96.08378615181897,35.22257574345606,46.36649779461595,31.331889133853,female,0,1.0330338931439726
2024_0075,2024,53.52613186919022,380207.62473405484,78.507926484737,46.818455117556915,34.493912049359814,46.499489850890626,female,0,4.641325529953961
2024_0076,2024,55.595583037378425,22988.57575120575,70.40516035045657,74.81072127379903,30.004943407919644,46.1904252199261,male,0,80.23822321290105
2024_0077,2024,63.652868929387964,26908.479232769638,55.02845602346388,52.595608383700956,49.67008493126605,62.752445270824715,female,0,5.535877000772543
2024_0078,2024,103.22323674676161,184061.21514071734,54.69967270772365,59.42249203995004,37.74942079473324,44.60770041570584,female,1,5.040473368528827
2024_0079,2024,79.54844886078885,6433.504983640219,50.549721429233394,37.389647281336714,28.139088142528937,56.67790179873496,female,0,2.154373581799118
2024_0080,2024,71.22050628229107,300722.051449086,55.66334513075454,35.72698343827555,60.188160112475735,63.82812003385717,female,0,6.488296399286712
2024_0081,2024,80.18926211167295,11396.37244551797,78.77302655890229,55.95822037038051,24.660923630738058,43.71931290978409,female,0,4.431552614641869
2024_0082,2024,68.84586275288851,134917.9951245483,69.87088913337523,45.17648011105142,39.93148250879228,49.52502790138244,male,0,102.38600158610791
2024_0083,2024,94.22428779267996,63227.55840786032,63.86626816631542,63.736214815636735,20.26944671603116,67.28691774909701,male,1,151.79030560840908
2024_0084,2024,86.51726075656116,10087.214075919219,63.641309891032925,49.43133237624519,43.511995503199316,52.28976155149246,male,0,136.31930980254458
2024_0085,2024,67.53381126795787,56454.04553678972,62.42253597072114,83.56362785550131,34.37609082389157,53.73749842068927,male,0,77.76955261327495
2024_0086,2024,62.33627379228294,66605.26513479317,73.00050670523663,43.27680184686652,49.00913364960028,45.92746076031672,female,0,26.114742458057968
2024_0087,2024,74.7037171432699,139137.29701800065,56.212022375641695,51.891315291894294,40.62578840920678,56.8705083043224,male,0,7.500727381202963
2024_0088,2024,77.4027430749155,1096861.09455647,68.49686386116242,40.05854337412531,54.333089945648425,49.603573863144156,female,0,195.39047651255095
2024_0089,2024,71.10447737145279,114506.74021388021,68.000857759467,59.320800106524295,36.494266547612675,31.678970621201383,female,0,241.3504435760034
2024_0090,2024,100.03381313706032,5974.6583682573655,61.51131989847088,57.40512393874286,23.12246555141791,46.44767466017183,female,1,50.84338370162513
2024_0091,2024,67.98740863766488,49073.073017690265,80.8800602921035,39.38810146585673,43.17991085132919,38.16821209780217,male,0,2.7662704360706747
2024_0092,2024,71.27546009583492,19634.072792794002,62.04428793476872,45.827151058865724,38.269374045798855,51.12240964272545,female,0,64.47322362426759
2024_0093,2024,73.7457488256361,353717.679972381,55.07249875443764,62.71834773500527,22.571015988597896,40.83160902941121,female,0,5.654773184941243
2024_0094,2024,72.87361038037444,17633.350813788737,73.52879979520193,61.51709105372455,30.22508963362118,54.7812846569248,female,0,21.380942759123343
2024_0095,2024,86.13271629288849,262457.38304523216,65.54495577154643,34.85604360734354,33.413932896325576,50.44763420933796,female,0,345.9346899946715
2024_0096,2024,73.69556250000332,22025.25739530763,69.08428312659055,44.34030356267794,56.38494157181535,37.51990996421135,female,0,145.83852259426308
2024_0097,2024,66.96097865078649,17634.426496050924,53.1532019980846,67.21396756296967,47.888606911691184,45.07461884386316,male,0,3.4990797312723565
2024_0098,2024,75.27981701491012,130593.64835303566,73.12416251641972,47.32822199305277,37.3156936688168,56.20562701631084,female,0,24.965628028623346
2024_0099,2024,80.08850840270127,192105.13504805247,86.72428364524554,50.83422514549259,45.51811469331983,61.47993035813966,male,0,1.3464883753527754
2024_0100,2024,77.74235441518796,24302.836277674924,52.37166270215537,59.26931916660077,20.364612003802343,40.97578768726066,female,0,2.9594398187394915
2024_0101,2024,77.18807571162979,64850.554478214806,68.54208805989529,35.67838293701578,35.13964076629702,39.02559505058953,female,0,188.9060874936258
2024_0102,2024,75.01949856485965,14948.641273148874,62.14690304649987,43.60302502570602,43.217973697663794,69.50984940301053,male,1,67.60960102763133
2024_0103,2024,65.07487383159673,213966.93851877283,96.89606059597463,49.763009167833594,40.85707059008259,49.902320535049924,male,1,1.0253151205244289
2024_0104,2024,82.75264538620624,84097.57697919534,77.3963247815025,61.0462361985525,35.395651418045844,50.91468935321973,female,0,6.2338866585247175
2024_0105,2024,74.38857446206131,27870.32109545754,67.8210734302997,59.19765348252297,40.416152516047376,42.60608944898351,male,0,261.7788334157431
2024_0106,2024,69.7842258338473,194067.36863736005,52.72132524130579,56.19766367187098,44.18784721721442,52.15220228540387,male,0,3.1899332761161845
2024_0107,2024,96.94313027780154,232785.40743239663,60.139439252237416,51.60840051329231,39.10624626511176,67.15095676540176,female,1,29.04220160711138
2024_0108,2024,89.27309935665913,7323.9325455522085,72.4627450568179,60.29569737679694,49.427259648373195,52.543652688569324,male,0,32.66323064064053
2024_0109,2024,84.1353116584641,70437.90409592135,51.37507802282509,47.47354769161689,43.993395141074174,60.64963249139344,female,0,2.465759811603786
2024_0110,2024,79.62220572801958,66566.64497858268,51.68886155257932,54.77968012372408,45.92262951370538,50.28983856536326,male,0,2.614963135253194
2024_0111,2024,81.13274367167357,14449.566978671524,70.08831265167878,62.12038975394605,56.36981897806544,39.74196809376057,female,1,93.80798684606873
2024_0112,2024,62.43209197030124,92285.1843667289,66.33416669543574,65.96820067510646,49.09161345630996,43.16763330707006,male,0,497.70125128680706
2024_0113,2024,66.13595318632294,24436.54544663929,73.80031407194294,52.436754154181735,56.64440363273735,38.82197824695171,male,1,19.663222248656403
2024_0114,2024,76.3351347388492,239795.26377613208,60.604747021828864,45.37389779053583,34.0674180504738,52.177865835866854,male,0,35.51659315162847
2024_0115,2024,81.08627197461166,115192.84855700561,74.20146546131085,61.950753627883664,24.844012994087603,62.23888793650001,female,0,17.3094050795772
2024_0116,2024,81.90178046191512,336193.9062778572,56.38185287023573,62.718525786825126,39.39438647707671,51.610109421508234,male,0,7.944659961366818
2024_0117,2024,76.75430471276776,79182.24321445134,71.2664435355644,43.566255076096844,38.53952445599263,46.92218181369733,female,0,53.117157881501065
2024_0118,2024,68.45933141772686,228484.8350552771,67.14120678668125,37.94966268135735,55.42332980694134,42.103602477126266,female,0,380.4101451479437
2024_0119,2024,64.35722538089856,6330.675436817608,71.00649085628532,61.19034466166112,29.47695478477847,53.55445862845174,female,0,59.889428276237076
2024_0120,2024,81.74635203909234,17042.309245344582,81.81998051925538,36.58272626404626,38.40963281619138,37.61867947206377,male,1,2.333805040103564
2024_0121,2024,68.36575150834801,37027.642914335775,60.44667654895119,32.071985714583484,44.85989724774972,38.65898921736946,male,0,32.99150156608768
2024_0122,2024,60.22173746103552,860.9515259420912,58.389224681805715,46.3170488519129,41.80302708992327,59.00163267640583,male,0,15.3520651124928
2024_0123,2024,87.55954065008586,1610245.137298713,48.116062438484164,49.024397157291546,39.08127293466826,47.22264937659403,female,0,1.580118746140583
2024_0124,2024,56.976284469343994,70914.39747234203,44.80997904077164,37.40047833722801,44.392855901127575,47.02545806983317,male,0,1.2538890983720108
2024_0125,2024,68.02946723110777,318671.1055780387,63.24025841930522,50.2186433837718,51.612558261737995,48.3093398368725,male,0,113.29556234865991
2024_0126,2024,70.63781586569127,5968.581180935306,68.92477119130386,54.664700886364805,54.588169621651076,57.258710667459376,male,1,158.38044207368168
2024_0127,2024,92.96554861298065,32302.08909034551,59.13916876056173,47.196121059457205,39.528728218709965,51.65502673024368,male,1,19.910555136843858
2024_0128,2024,89.9761629024287,370373.60144383827,61.289003001315585,72.33464179167856,31.025225548982466,42.56918558334087,female,1,46.2355970350411
2024_0129,2024,66.43209646360461,23722.673776132888,80.2345385729593,52.297612100073046,56.17603162281551,42.929077830514984,male,0,3.150307288549063
2024_0130,2024,60.67216733969946,7818.654515067005,73.75839780302813,59.28489036521785,30.002112863710387,48.048891891529664,male,0,19.860840917668536
2024_0131,2024,90.02461835587617,79252.34538010591,57.38393125278377,37.43787011330677,57.14160000801363,53.022197426936415,male,1,11.17579188297249
2024_0132,2024,64.55539109985762,46912.14061817392,60.57651948881095,33.351581875494546,54.26823635648567,49.64490056502076,female,0,35.031582088280366
2024_0133,2024,68.6313211063333,10162.459885542743,69.06002691656403,52.600626106489266,55.723775890117274,48.75509813826915,female,0,146.9364234956948
2024_0134,2024,89.57430001917993,237124.2189755379,58.735489756394585,66.54857689420272,47.66761637685031,50.462835590601415,female,0,17.59298072411856
2024_0135,2024,91.72177215892569,104308.93216475226,61.91304684594567,41.90064221027618,18.032849797819097,49.637755949058175,male,1,60.415760117356534
2024_0136,2024,75.32867207974033,3036288.5349225914,61.617542162174686,49.43376646501282,30.38800927262304,42.19617097436061,female,0,53.050802914643434
2024_0137,2024,85.35535224319506,18907.149955637073,80.90660885332474,39.64903755303682,42.27501997134445,61.07050912338775,male,1,2.7456010150169163
2024_0138,2024,62.15564490325238,177821.22974491012,76.81401302518739,40.81377400785347,34.03001707451965,45.176885448081656,female,0,7.179645438382987
2024_0139,2024,69.77042286551352,288595.98383692134,57.645531822077295,49.9311131880821,37.64089561905437,51.292205506840595,female,0,12.167275356861582
2024_0140,2024,95.03926004852224,220768.2561871962,69.60551094634312,43.07388786637238,46.94033797187577,29.396647539616303,female,0,115.29568471594608
2024_0141,2024,87.12572305106039,73151.43569846643,69.9358824712225,38.94476096830324,37.49685766401306,47.84825711941686,female,1,99.48431564193378
2024_0142,2024,73.61437803364822,248977.2941252353,54.9176450751395,34.72082309385414,28.58541354467011,39.0041083658697,female,0,5.3321258243331995
2024_0143,2024,81.7160148490946,38879.64297157986,67.02925486749956,33.139919005357605,48.07430030564842,40.2097823030071,male,1,400.4143956633762
2024_0144,2024,42.447279615982495,33727.96295759622,52.35765812002361,52.7658380321459,45.95932580704034,74.22185946966782,male,0,2.9373270466478107
2024_0145,2024,82.10168668068344,19298.716464498135,81.63055237153095,57.975810254311384,36.70506065134477,52.49525900630859,female,1,2.416934496027146
2024_0146,2024,113.80709527353761,120583.98358336758,85.52472042655303,57.92553436547386,46.32688716472883,62.26022178048868,female,1,1.471452487957674
2024_0147,2024,75.95390294724766,14689639.352421105,60.894269184259095,38.908242021347576,41.752371572237834,58.553035833207865,male,0,40.14508431917534
2024_0148,2024,86.40924201053451,68459.14055566066,58.50920687455687,58.05951290574182,54.14023914800076,59.83242881998065,female,0,16.078773725647544
2024_0149,2024,66.52277765068024,32601.18196332716,75.54594437648575,55.067786675108586,42.31510301328624,48.00928338406902,male,0,11.050768797743533
2024_0150,2024,66.43168896243338,1899.0246203684214,82.16148940980018,52.07294406644998,52.465755219138416,66.0640201191153,male,1,2.2006439014095474
2024_0151,2024,78.91290996537555,28143.802896334048,58.85588598107485,50.43171256740751,20.425999130620372,58.46687298576493,male,1,18.219637574429044
2024_0152,2024,73.97024761044169,19196.406226126674,63.5195533124735,41.5088453096403,45.40137461258252,50.41334951802303,female,0,129.5089512017676
2024_0153,2024,72.3761386093645,240445.2908227717,64.41061612128766,49.92161833928724,36.81342479725799,52.632896244576095,male,0,197.8481861528654
2024_0154,2024,89.89576203421771,70452.38473872968,62.29223726345081,68.17247805317999,30.592309096798093,48.63267583537501,male,1,71.7006633997493
2024_0155,2024,84.69750987563681,8712.938918611055,73.85981694087448,63.378566156165135,50.808175805639365,50.522391848663766,female,1,19.177735561530632
2024_0156,2024,79.39715686803244,86220.61978733116,58.00054664916049,45.43789576370922,49.708656067400725,49.563992649132565,female,0,13.480578230474878
2024_0157,2024,84.98653325999038,65230.682960005106,64.59739254643625,57.3862146177436,19.095103575293436,53.815336312364906,female,1,213.25742413544586
2024_0158,2024,73.07816870162699,1748.1004904371086,63.98657270164959,36.98569950478242,47.96926626587098,67.39973801410464,female,0,159.97219197938654
2024_0159,2024,71.95328165032603,5226.147627130482,50.10937717774641,55.30067177405201,46.75336342498746,37.94785883041264,male,0,2.028912631429274
2024_0160,2024,66.31497556637788,246839.59124575593,44.435467300233576,39.69142857334638,33.55482350329026,61.42354763508807,female,0,1.2321369257913193
2024_0161,2024,61.187039489604366,4345.827678786493,74.18272366638327,54.90255561277674,32.43025445142908,46.31765516288732,female,0,17.439713664044874
2024_0162,2024,65.72669913277039,7905.2460999618115,57.59676910888153,77.69072190474402,24.862436249523952,62.69663148264806,female,0,11.896568533443405
2024_0163,2024,88.73621782697747,70419.84940207977,86.34864083025039,42.29987567672871,37.417930389685615,46.665546369858404,male,0,1.3840306459807514
2024_0164,2024,81.12447863266178,440830.6155119087,84.7183792508366,77.22803309238031,39.0215748661682,54.12753676540253,male,0,1.5920141888871011
2024_0165,2024,80.20388731281979,17777.65946301243,59.93521378280944,52.906354877829784,48.78590773919229,48.41155751204637,male,0,26.642295250164356
2024_0166,2024,62.13536293225185,55624.755146906515,88.39052995582627,40.5037436673805,43.49919125229559,32.69407876621741,male,0,1.2383130378334866
2024_0167,2024,75.6231072703311,107600.58075873733,79.37574529387577,44.04543833265585,28.579720684650592,67.38976876293987,female,1,3.7434213772608627
2024_0168,2024,100.96494215758621,22988.016178923972,63.54686197056924,75.64955607848391,41.59352073594735,40.57246386478033,male,1,131.13797326853742
2024_0169,2024,79.04767260449944,167322.5168751908,39.18160260187725,52.929886847030986,38.25446489757279,50.83882861156315,female,0,1.0671590243841926
2024_0170,2024,91.37248976682552,226632.40034817043,76.88155137600326,46.338471438341614,29.83304133908226,39.47578213824926,female,1,7.108206772649049
2024_0171,2024,66.2946011241654,65721.52794184814,65.31295874881145,45.96539388957096,24.873137417400777,36.629983485125464,male,0,303.0052099754525
2024_0172,2024,55.36055345764969,1137455.464036871,69.31361585743699,52.30775777708953,47.06052941695558,47.95060160310868,male,0,132.29046533429474
2024_0173,2024,78.67400444378502,8096.138163359264,62.71163823495551,47.91279324786968,45.27289943778426,44.06488737929728,male,0,90.46834404886911
2024_0174,2024,81.8613511496591,174296.3915102934,53.56143069401136,51.45899146274169,46.378825663374684,38.31184978693573,male,0,3.814272683369577
2024_0175,2024,83.20907571508805,19671.006549980644,65.72973335578827,69.73610896654276,31.902990776412533,49.645673852728144,female,1,377.0960765723384
2024_0176,2024,62.37400399260377,328582.61649024364,72.0663728594504,36.72029335437324,42.51422021825967,35.180932769021695,female,0,38.66752111516138
2024_0177,2024,82.41061925008803,56582.529196315445,61.45624632625789,54.44630327763911,27.018851246386173,51.254737984145216,male,0,49.52610973968011
2024_0178,2024,63.58135537106518,84494.775452952,61.395821426573924,47.27102395317869,30.914440225244157,48.7267318100252,male,0,48.36372261816586
2024_0179,2024,87.79060207856382,4730.461288330117,49.80612911942354,43.009546539412845,41.13799664147831,25.19593965498722,male,0,1.9615794685115133
2024_0180,2024,68.9094824213429,95416.48743666655,65.91200481778274,58.72174167789942,43.428777363828225,44.76890096950156,male,0,412.6088294715835
2024_0181,2024,66.1343829313335,10978.209879920001,53.88068058512471,33.3857436531529,24.47924468268759,54.68410010226753,female,0,4.173479081182257
2024_0182,2024,70.45108001213397,232579.65481092318,74.18526199698113,24.33566641851733,30.203401962687565,39.3645411504348,female,0,17.417927641065894
2024_0183,2024,86.13368265635981,85928.58343316455,62.65899099769818,54.2453301476215,35.538763782445976,55.117921944358095,female,1,87.90441227838649
2024_0184,2024,81.26212386347682,15316.513650390281,62.04295909504243,46.61820260127104,50.40435770376113,54.32679209913578,male,0,64.3926824434624
2024_0185,2024,78.85810139575386,57838.42561718832,86.63983565744371,34.47152749520042,32.65271041628048,39.82278573047795,male,0,1.351547186102211
2024_0186,2024,80.88106292750831,204922.40845348127,61.93425777299412,30.89447503814966,42.20856433360668,49.877176966940155,male,0,61.099274980853316
2024_0187,2024,71.84519740694063,46339.67651356474,60.59425183866924,67.30633377668805,43.25883425915349,58.24991083347656,male,0,35.29530668497218
2024_0188,2024,65.43645501691637,436601.2379121873,70.8562198589893,52.6301484795968,38.29808790625079,41.235777695394844,male,0,63.9115438501962
2024_0189,2024,69.90935992572267,45658.24443409618,47.14738197774347,48.1964572307178,43.48556078235753,47.94189442418711,female,0,1.4423157765300363
2024_0190,2024,85.74303208429725,495.2856541384729,82.50809321778526,73.95244908959441,25.72393361827126,61.50239117981141,female,1,2.09331723186881
2024_0191,2024,84.6659651318296,101684.11643813453,74.93940043455595,58.220624930655674,34.22901227040926,41.423679352407895,female,0,13.313119798238084
2024_0192,2024,100.02273723798601,17377.470769421267,75.24451744874726,69.69276770540206,53.57228577183833,54.591582858021184,male,1,12.06127612044472
2024_0193,2024,69.0847693314279,174655.99969461924,31.229025065236904,36.20046071883478,55.87774431801604,39.20808891707727,female,0,1.005012520859401
2024_0194,2024,60.735250432287295,29325.126366881464,62.40588301524223,35.82607409875315,49.24606586767457,48.39038096804993,male,0,76.80348371521126
2024_0195,2024,85.40839688203818,543781.4192026095,52.271337739946674,54.17075235116016,51.82592974333555,54.46726714573896,female,0,2.893595944171761
2024_0196,2024,71.36684135544301,18767.50017577041,76.2410678395954,52.144992180957885,22.504373222481576,25.95473210063293,male,0,8.660305507894916
2024_0197,2024,68.69832539803265,143147.77771606337,75.52561087256012,60.49662035659875,31.294067229358422,44.65676918881366,female,0,11.106161006854643
2024_0198,2024,85.49652719718958,125124.89270270955,68.88009889830774,31.692111246873402,37.68276227182532,54.29331927186378,male,0,161.37809049529932
2024_0199,2024,64.90051186621932,18772.505005211056,52.96888802859987,55.035974159716446,65.00473210266867,52.258441091983975,female,0,3.3787303404336577
2024_0200,2024,66.81073098670466,141771.84438284577,79.9429421052493,57.89268633420294,37.662898575445425,44.776216153628766,male,0,3.3534846525490236
2024_0201,2024,67.69241051624235,4979.899195227863,62.377388609805124,57.36172066811387,48.2639410822242,38.9541799441883,male,0,75.3768350231427
2024_0202,2024,76.83430828358159,26884.355947279535,88.05371066900565,47.93305618792478,42.991287723113565,56.28464882194247,female,1,1.2554574397541285
2024_0203,2024,93.15735365425948,277042.68618214095,72.65387066862648,57.18615171596076,42.76835707652671,46.77593262478184,male,1,30.45499438749583
2024_0204,2024,62.37655255321549,5729.7145919814975,70.06808018916648,40.24342908034647,40.56422315215715,55.45347201629006,male,0,94.51419170530423
2024_0205,2024,64.29278267688878,98622.86037934729,60.3969561543747,45.07053918152869,28.77567104113425,53.802231355175074,female,0,32.41917277186382
2024_0206,2024,62.95564520598336,4074.4607131058256,79.06955577781808,37.57063660702067,15.0,45.52581714431513,male,0,4.106208103115213
2024_0207,2024,84.12929796696056,27980.55911439701,76.08433884293608,44.41334270661248,52.04406166999798,60.7256174299465,male,1,9.115716393040305
2024_0208,2024,61.61085535984186,109214.40635703894,79.42891692514621,45.5903767162088,34.622692181699456,44.05722389963839,male,0,3.6876890937050164
2024_0209,2024,72.47214177619972,8928.911853362064,66.7754119854704,43.09063252362128,22.091525786390005,61.904539741519024,male,0,454.29646884642165
2024_0210,2024,88.44406907514285,89387.20175960168,69.529613407442,44.4120855694436,43.588369430449355,63.21292530547531,male,1,119.5518298577409
2024_0211,2024,70.48008138208115,2470.8503187432875,70.9513016289881,35.004029478217795,44.99626987887174,60.50114674490225,female,0,61.022948601052974
2024_0212,2024,93.53788076462313,572.866382560432,79.42540509091208,67.6109578845901,48.49428096104329,48.194388466337024,female,0,3.6969198500770593
2024_0213,2024,88.44438818900802,25520.520150897024,80.16734307239172,46.99437056775741,50.37947133201969,75.47079144367989,female,1,3.185948350618346
2024_0214,2024,96.04947622236367,475.2527922221043,71.38223807154273,55.29965573531229,29.991756579818233,51.518444590892436,male,1,50.7164339956232
2024_0215,2024,77.18749599335979,53450.42515987315,46.427814923721,30.41028043755648,32.03268329918321,52.4105647884646,female,0,1.371973206056967
2024_0216,2024,69.37143375635726,30258.1993568964,73.10386039371323,61.57649132909417,37.60659325065732,49.77938654761891,female,0,25.216536761672206
2024_0217,2024,72.73799131545039,15249.766269785552,50.61295202546008,49.671606504868464,49.03283464423272,38.70233522943658,male,0,2.1678805820932103
2024_0218,2024,70.20698190262425,23142.018240635796,65.35005756152339,43.56125457074873,19.73155728199989,62.95073237384764,female,0,308.3544706641554
2024_0219,2024,72.02558395711478,22318.180083709864,63.84233812629425,43.648589293360516,42.08462748763439,44.27596570336062,female,0,148.78465617818958
2024_0220,2024,64.13483210651863,4028.4720492238484,50.82231516934387,56.69409857766055,50.139860681296305,59.19611026037313,male,0,2.233902374887738
2024_0221,2024,65.05788690420177,9792.769651976658,68.72503089873832,18.46904571255211,49.72638159912175,61.59553108318542,male,0,174.8187984396369
2024_0222,2024,70.16922253283076,15508.128478076835,86.54317740207277,39.75806661290924,47.89978708007008,56.03321380549287,male,0,1.3583218445650131
2024_0223,2024,70.28096356149007,34790.268109494675,66.87394468820081,50.809161623988075,49.851265212860326,43.08030724101696,female,1,433.22187059911744
2024_0224,2024,104.96072789765324,152105.9330321831,77.6587966241313,50.69388918768734,15.0,46.58921744487818,male,1,5.885548856501052
2024_0225,2024,91.60858017999129,255800.78670668512,88.55689838742109,73.05311963678415,56.96695626951418,23.229238193186784,male,0,1.2259916172364707
2024_0226,2024,71.70350259924714,40606.97832395049,73.62613219008874,44.62406529551868,44.110657634805214,48.83532343633405,female,0,20.671377211630453
2024_0227,2024,76.65469177251005,22304.866114073928,58.55156692342272,57.90226992061654,54.1732057422136,58.027101876999836,female,0,16.424103804662067
2024_0228,2024,80.81057670050497,24273.68524013551,67.37014796122749,66.11657186535952,29.030162541327986,47.62494920918076,female,0,337.39353206625145
2024_0229,2024,56.75330260421731,88889.94638912662,69.80780183109316,54.70614085788429,23.226655017221727,44.09919707742672,male,0,105.10921999889966
2024_0230,2024,79.28277945284424,13871.23396503801,79.33813133273962,41.26183928718662,58.69950440375651,47.022530758905006,female,0,3.7952489189964873
2024_0231,2024,65.73560205565775,388058.6428082494,77.14050340638086,35.15512414013054,31.516251217112455,62.153659703190186,female,0,6.644237914265656
2024_0232,2024,92.90724229816844,333317.129346626,37.301163815154325,55.45420282714205,37.685293975576435,49.456343111065365,male,0,1.038211997081825
2024_0233,2024,68.11740430001305,2512617.860834676,56.437954478038236,64.4502522365645,46.08509549743413,68.57916176408612,male,0,8.135604122071978
2024_0234,2024,99.0818222317166,15186.420374598152,69.29973277386398,57.4596309552912,46.94432433609093,44.29266495115277,female,1,133.4530859534262
2024_0235,2024,68.21587069639867,216259.09779254306,54.847129374623044,60.334481539361505,51.60573127454014,52.17231785131263,male,0,5.2724755706090916
2024_0236,2024,91.96692756330447,6474968.569945517,27.999084409093584,73.91947047738087,43.038329397255836,45.665980743729726,male,0,1.0012507815756226
2024_0237,2024,64.87649782961094,48067.99064751425,57.743815122493224,56.37374284390619,30.23582158494844,70.7448641375799,female,0,12.584929164428447
2024_0238,2024,101.65088787327389,55943.17456088662,69.96389392512339,40.99367134206082,46.2804589776923,51.7970531130936,male,1,98.86447768050158
2024_0239,2024,76.26677882451946,333.00368191312094,59.74715317188561,48.510607655044545,48.04001168512934,71.28076137201181,female,0,24.71721587918212
2024_0240,2024,74.0430996166416,1337262.855967281,55.03056744923659,61.7021519352115,22.613350390314082,45.798724450976806,female,0,5.556675512361419
2024_0241,2024,72.29007401044773,40115.479802868074,65.41464624784828,45.51220209051987,55.01522211336659,65.27579175855062,female,0,320.5377326473563
2024_0242,2024,63.32987482303137,58229996.055195555,68.4308817525213,63.05705594812959,15.879502362145919,51.180033722734954,female,0,200.08654541026257
2024_0243,2024,44.13943689565923,3895.77055796861,60.31402886034528,47.33063102011609,51.16484467867036,58.36655594545597,female,0,31.421739684720993
2024_0244,2024,100.74392108461615,133767.266089631,83.71743822473672,55.34347420946835,32.846218120060605,37.8028902209095,male,1,1.803988415397857
2024_0245,2024,65.11160889655716,3543.6289320567935,65.57714415879477,44.49258959656151,47.86920500246106,53.48413949209307,female,0,349.8484287600401
2024_0246,2024,81.6960014368203,31490.093607668303,56.2848633036512,49.59536340321075,45.912145937098,39.308795620093,female,0,7.709859775070093
2024_0247,2024,73.51697767915665,75736.45464629152,53.75462677650166,50.124474277695406,40.42803205996454,52.570964007050286,male,0,4.02993400542724
2024_0248,2024,82.0025678102012,103632.47752707916,62.87030196741338,31.91458073583283,45.31988812659079,34.81609946961847,male,0,96.90682985959302
2024_0249,2024,78.01892520109473,15379.298636802034,76.13420653537455,43.58406707418924,39.93378447275149,49.05916980428572,female,0,8.957579093309812
2024_0250,2024,65.35304819520799,36099.745848002414,61.763112908568665,39.6679191314656,46.35378728223263,60.95612037126704,female,1,56.826342805469025
2024_0251,2024,96.14895616247998,60727.382662227916,75.95879483996701,47.92891392611641,61.09642305639611,55.47553878994205,female,1,9.523381639854009
2024_0252,2024,66.56324514385516,56505.57815626065,65.94556910014313,40.04836230334801,27.360785313838548,37.660499504091156,male,0,417.7988096383298
2024_0253,2024,101.65011187268176,35906.63176736448,89.93232969504677,62.118211762355756,15.0,31.01613617162903,male,1,1.1517125401317592
2024_0254,2024,95.912074951368,5324.338601804198,73.9025146366057,62.23399937085511,35.03494384520194,54.96944580460768,female,1,18.89221627621408
2024_0255,2024,76.02969037965607,251395.96880691056,58.01773760574141,53.60294154333477,35.95006048286143,65.81198795358412,female,0,13.548149910051926
2024_0256,2024,67.2775720429175,5077.549590560363,72.36369528764686,35.32350768785165,37.01676688251229,40.36053963129833,male,0,33.99624237070961
2024_0257,2024,80.87393807892208,382625.1403859531,77.7002199089597,51.01865222786458,29.917081681645328,70.97404078176362,male,1,5.841572358085994
2024_0258,2024,85.67113041029475,3260439.2074601883,66.02988987704185,38.52807688219875,47.94179037539995,49.935067118309995,female,1,438.6711309047915
2024_0259,2024,52.00107738469052,9820.719877490299,53.3600429566999,46.52706614048903,26.95907885206549,30.41306466325634,female,0,3.6191891173003286
2024_0260,2024,84.09656265453354,43548.81966060014,75.36035191226571,58.474211672292704,43.71676655933102,34.39119643286498,female,1,11.544971797833881
2024_0261,2024,55.358409004605676,5089.770483867209,65.63515176765002,57.921043229151046,47.19742549092757,57.69949149371413,male,0,360.05255251335785
2024_0262,2024,55.62259196242189,122617.25511132783,49.83449908262446,52.72844779859044,43.97098838854693,51.29568040835034,male,0,1.9689492011306893
2024_0263,2024,71.16478847226209,36880.5701641544,67.54520998990613,60.58471564014041,45.68117562377575,64.82220965793263,female,0,307.5845472927109
2024_0264,2024,75.34048939503961,203288.74633823865,58.630071019787934,50.59756386937458,50.31165790238918,38.01875233301814,male,0,16.860944986089034
2024_0265,2024,69.68206519824784,10112.420732177728,49.843979581375194,45.664397279897024,41.336724128214115,51.1849479816378,female,0,1.976346622130453
2024_0266,2024,65.01209502661598,17906.82477660528,61.47883656611698,56.73660509699412,37.328103930468956,50.067610613883566,male,0,50.02385541759275
2024_0267,2024,60.52591837761074,160362.0111236389,77.82918734206864,57.06476100176674,45.67343179502114,48.56985476942758,male,0,5.633607495968075
2024_0268,2024,86.82807007635289,4685.606373038419,82.08061500088057,46.75828301676286,45.215669700872155,46.17392771353008,male,1,2.22832459408162
2024_0269,2024,61.777769587722545,24963.094307443902,74.46752102007368,51.78982258570069,49.7146038326119,46.37300624461519,female,0,15.506355931960378
2024_0270,2024,69.37169257878689,54208.45014008998,67.69232890092123,45.056866256633725,23.6418245458974,51.74645824280375,female,0,286.4316675418563
2024_0271,2024,54.784682259210946,28186.53029954309,70.95797203355099,27.914051977995953,38.96101416274073,53.02581027838216,male,0,60.794541075574294
2024_0272,2024,77.01317578205727,109862.34276921538,65.98644581478001,52.40106492113319,30.125009760011277,52.52572850103243,male,0,425.1746390782468
2024_0273,2024,64.32968877924309,32958.655007796624,53.94949173785531,35.05477818209484,46.42086756265249,62.05987508907119,female,0,4.24715777332719
2024_0274,2024,73.76256900282338,36314.28868131921,55.944981011475654,51.28224209333761,48.081625896804375,37.98721487711279,male,0,6.932704522111543
2024_0275,2024,78.87221995631192,172501.49545713226,58.928190744422956,32.646936978387934,38.05038493480603,31.88316465495264,female,0,18.657533396518204
2024_0276,2024,93.27870881931,1031772.2819682172,84.0135907663633,44.80332922979259,31.8927348207765,60.16965054387864,female,1,1.7246083823764355
2024_0277,2024,77.99126789598083,1908.9997821837399,75.76690731120445,43.664011982643174,46.78157461995947,40.56474959091008,male,0,10.252278771029378
2024_0278,2024,49.33360737145929,230583.62956938447,54.20122436673174,60.017247703113455,39.46491198373055,46.205241813848225,female,0,4.487294684454913
2024_0279,2024,85.07143336296113,129075.77152280594,70.533911154162,46.66484940014073,53.493195954475496,43.87900360117223,female,1,74.62682298320091
2024_0280,2024,81.03076666789084,404495.99731679814,60.97392857247272,37.25029046391293,58.564989602577874,43.66487677908228,female,0,41.679108164029294
2024_0281,2024,75.09229538316221,11357.82747435156,63.44899460699317,51.643450819935936,50.82712470732159,35.417359617750755,male,0,124.89832421151378
2024_0282,2024,88.48463265551463,135181.9223624174,59.63957181047773,45.83026411266145,43.13122720860199,44.30472412265285,female,0,23.629596138423217
2024_0283,2024,87.04380479967017,33254.220218826835,79.05691622806278,55.90560560649339,59.09226035955011,56.49331112279531,female,0,4.121635291401199
2024_0284,2024,72.99592134450637,63037.70239096595,64.81093463126365,37.88120050835465,43.21201731160959,49.960685603900245,female,0,235.39147989211085
2024_0285,2024,87.48021381115193,10680.221181876714,72.16156804601273,54.10853882139779,34.39847721803563,55.04507128506914,female,1,37.104935755638714
2024_0286,2024,60.415612869330104,32416.31525622471,67.24258206133324,72.69566796727186,34.03308882691057,45.03918002555152,female,0,361.85732344331166
2024_0287,2024,85.24191434464753,286568.17251559143,59.7222982503898,49.60721040965657,32.1509143442398,59.0284599078193,female,1,24.471275471926546
2024_0288,2024,65.91753091510634,237729.74418239182,66.08553697840527,49.86730409700628,40.73617513170271,44.91638124656465,female,0,448.65310747548614
2024_0289,2024,84.06750807618285,35410.38996590886,80.62316821786841,35.38959741962378,43.840129897945936,28.914426994741056,male,1,2.8755673675094915
2024_0290,2024,60.81662252258954,245043.82672246016,79.72690985480706,39.47020712007846,26.6201274663511,53.16623792926297,female,0,3.5034563157318663
2024_0291,2024,74.01576587522045,166857.46653282296,53.52185032280558,52.597207020427696,36.301762205772,57.673847690286806,female,0,3.766891027126021
2024_0292,2024,86.96639678142235,60185.74553846826,49.81398762611271,44.701022574977806,42.932767159752906,44.40760987580773,male,0,1.9640329759698474
2024_0293,2024,79.33256768230258,182424.49336748847,65.62134580041521,54.144329606007794,47.24913521699204,61.99206267408414,female,0,355.13571066959827
2024_0294,2024,66.77579941729677,294448.7372200807,76.09187575735034,52.24938685796593,40.540254024160184,41.4930781229517,female,0,9.092955564947419
2024_0295,2024,80.1402884760071,2022.1295233781564,68.59596454283688,34.8197056412224,43.24997150095997,56.707268128673334,male,0,184.70316076024525
2024_0296,2024,73.46650866838883,41892.758556175904,71.80296076079806,58.153062826248174,28.390005481954724,67.44775942157149,male,0,43.706638442332455
2024_0297,2024,69.59295649063158,13502.97014538738,51.39750979093478,35.573150565776,31.663896888471193,50.367309843715496,male,0,2.4812190702866186
2024_0298,2024,68.96877274352596,36073.55342918714,59.280125157300056,40.35078094192573,40.190164390413585,47.735169139769745,male,0,20.774992921096295
2024_0299,2024,68.00059862011736,56892.80883433248,43.03887694207098,50.29484915534213,45.915722174203744,48.94328324525935,male,0,1.1574855232632035
2024_0300,2024,76.51066122737271,23799.75534729696,63.575119507540414,63.67023008006579,43.11765898766224,66.28295386951797,female,0,132.62160525005652
2024_0301,2024,71.39670082276422,214315.16477292476,43.357805591567285,37.9612364787251,32.294779646648244,54.027825737911776,female,0,1.1661993005065476
2024_0302,2024,62.7157720242301,871.3125474274533,78.32661701840478,49.47684453419552,38.42964882464709,71.44202677218671,male,0,4.897623071624291
2024_0303,2024,62.23147890899648,231490.64399219994,80.54821467908934,49.56020468830341,55.948620195625615,52.79251387944021,female,0,2.9299929005337013
2024_0304,2024,73.05903981281668,223319.22928341493,66.40643492061766,54.57359977772438,46.253467490617545,43.46203340096256,male,0,512.8585109428291
2024_0305,2024,74.28651215683276,39493.22249506228,49.8742689232207,59.84030549679089,39.171418905568814,44.1649306478679,female,0,1.986253100799289
2024_0306,2024,86.86867355683216,21219.172781453122,73.75712653913176,47.9592473599806,28.92111564756914,50.616072654929475,female,1,19.88568249156473
2024_0307,2024,78.67994377253756,1571647.193356639,88.59132558460942,62.11849241262949,32.05202140625643,29.586773840303138,male,1,1.2183530649696392
2024_0308,2024,82.50965117085133,11168.77327858343,69.75735499686927,61.303217188263794,40.86603542958541,45.25010163279372,male,0,106.83119800284582
2024_0309,2024,80.38604609527101,3978.232426084103,76.8498399049092,65.83959178871574,43.564989927972064,45.47202165950232,male,0,7.143836807369889
2024_0310,2024,50.12623499026502,27639.811357568,60.1483468830378,53.01923299721621,46.46694571991762,52.39789755418867,female,0,29.18777624846995
2024_0311,2024,83.3958292331353,32918.96158157133,56.28789952166616,49.57436910352634,44.68761555557592,69.4181822040145,female,0,7.72915853790988
2024_0312,2024,67.91024202666986,175564.8011255108,64.2913799083735,43.25415526385131,37.09023165006777,50.54816488409179,male,0,185.1654963408219
2024_0313,2024,71.89987080027143,21389.242207847576,45.7329464505927,33.41013267850393,35.67872890808634,30.773409128736347,female,0,1.298552262923044
2024_0314,2024,81.38223060052627,143484.44699209096,87.64088561313945,45.22046467341502,61.310828600542465,40.86092350123039,male,0,1.2744312491634178
2024_0315,2024,86.52538786629053,10376.458799662527,66.39650046480493,49.12337736226508,35.2241974342826,52.62287861870914,male,0,510.9388930598756
2024_0316,2024,80.0286528504553,15525.914292941245,73.66772954367008,46.90507697567093,27.857128973115064,50.929947596786974,female,0,20.33818187604361
2024_0317,2024,72.41030498950559,26414.36517941139,60.38491471603793,53.97717992814828,24.380050869914577,66.24455522312584,female,0,32.21718481192695
2024_0318,2024,76.24359313697002,77410.56598078182,54.569136301417124,37.45826725593473,35.66104735096029,59.60077298371374,male,1,4.909882447137653
2024_0319,2024,69.73768176015261,81234.79169971183,84.25814830680876,50.180257297101946,48.61863788308165,59.30115473777717,female,1,1.6736385017975295
2024_0320,2024,78.78158939024503,65909.56928744176,53.75899718723368,67.9476950913031,35.029004152801235,47.828669078474896,female,0,4.034974572632203
2024_0321,2024,103.42030345744476,46817.56783095391,73.48838763569242,61.955987595022236,54.00469571027148,60.99121036550878,male,1,21.676961184921375
2024_0322,2024,81.85355139161952,704475.3913987039,74.43084811319453,58.16190129212721,39.127038917711666,41.04076873802709,female,1,15.780105483060805
2024_0323,2024,67.3022003526127,35790.88289699058,65.73951303678884,51.9068237502249,51.91777182880236,59.68294309293736,male,0,379.4603075767447
2024_0324,2024,64.42734111614546,1965.7209489244099,57.15415763817801,44.345681426013336,33.2076342520738,47.175810968426326,female,0,10.42023928423861
2024_0325,2024,84.16099926510996,18464.234134078943,68.5036776297377,34.459297482432866,31.76298838624369,35.52006594039474,female,1,193.93052958318668
2024_0326,2024,80.74961183891965,26930.623870236846,55.4994917395762,52.57128590411999,41.712277947366324,55.93236700614874,male,0,6.2494908723110685
2024_0327,2024,72.18373132753642,3424.2320291094775,73.09177692558937,23.515716837103316,45.63519775677586,63.97543618614386,female,0,25.34293517819194
2024_0328,2024,67.7082168860433,80598.78258345702,70.71546927498214,44.744441373872235,39.006848429489146,45.93398128684037,male,0,68.63138929660487
2024_0329,2024,96.57520020510373,93271.05298495395,64.78597566902103,47.963408104976686,43.730503815821464,65.6276175024346,female,0,232.1769972563989
2024_0330,2024,55.6557910099244,81815.41058994284,59.316485283049694,43.52809564592986,46.696629253571324,33.44059085678454,male,0,21.01003120287951
2024_0331,2024,95.47911081495785,59106.54431254968,91.07317899782016,73.7138306013523,24.966533088670865,38.03206763223638,male,1,1.1162780704588713
2024_0332,2024,59.51021714827805,8014.664610544102,51.97936013846664,66.24342785100062,37.38380675912481,48.53273958247862,male,0,2.7490351621805105
2024_0333,2024,68.42563128005759,68583.82002964473,49.55386903139158,58.32811733676764,35.602801058821235,46.29236114072306,female,0,1.9036060339174548
2024_0334,2024,71.48638384462673,14581.149201265758,64.17994019371977,38.74673233927623,36.08937598063889,43.32866613940776,female,0,176.7966142764323
2024_0335,2024,78.44595719635092,728060.7770611807,62.41952673429093,67.21415326965455,44.87691483975385,51.33677718818223,female,0,77.67240140466366
2024_0336,2024,67.38818104838978,16571.992280466424,75.97582454754382,54.18969138823701,35.74200985546572,44.714095421696456,male,0,9.440415556460355
2024_0337,2024,66.33051902203158,4598.8496907412555,71.46116454946672,38.58020340246989,20.709122085157414,46.41025336197266,male,0,48.849786111290776
2024_0338,2024,67.20914902186492,40361.167596227315,65.2952558698204,48.32716911296242,38.43008310862006,52.78425070350371,male,0,301.11733317354003
2024_0339,2024,59.20047313698824,10542.78522948396,70.00337782819473,57.58574853538133,30.134651566791703,43.324631175286385,female,0,97.02803913693336
2024_0340,2024,96.32309802091686,924181.299373635,74.82165748249659,46.01121159357692,44.17324645144911,48.939818386810266,female,1,13.770105853969305
2024_0341,2024,92.81334370781909,160562.687533828,91.0355672018195,53.405325546727916,47.27308385837428,43.5446095364041,female,1,1.1190722569127807
2024_0342,2024,74.3516867131505,453576.0083042776,67.53363390495434,51.16476377180159,19.00821482256586,37.9437958323997,female,0,308.74015475482287
2024_0343,2024,69.30456997466919,269417.03404262854,58.18922867320506,36.991457984600004,33.04219465819596,57.63702174673704,female,0,14.314170633682
2024_0344,2024,68.07122040109907,6297.639177343542,66.9850109982821,45.29907152242098,44.34079769466045,67.07794440842014,female,0,409.0142514267807
2024_0345,2024,101.7560033823085,41031.21418520457,43.81320586729758,41.745374249568115,25.083071145280336,60.64571995073916,female,1,1.1972173631218102
2024_0346,2024,100.21786470157016,2300.003007571533,69.67352458579637,60.68668015706719,47.04226198934571,53.31716081861317,male,1,111.469387317805
2024_0347,2024,84.14800586184388,44415.81050928697,75.92982471105988,38.91944574422785,51.31415167931946,43.584715572640334,female,0,9.643171034313877
2024_0348,2024,93.7259435149587,197168.2203593312,76.02184118870422,54.9180370413139,37.576603348389774,47.130812758172596,female,1,9.28824850937825
2024_0349,2024,83.5266409465542,287280.7753345216,67.98556043645675,34.098441816064025,33.04540577282538,60.57021260467329,male,0,244.08096645902756
2024_0350,2024,65.83917360279585,13348.50034666957,71.49239155570494,36.6656311685869,17.648112392737364,27.185132329765853,male,0,48.182698291098816
2024_0351,2024,67.99148213858669,73558.14824443718,76.03256544877716,36.18118790829318,48.956533453506225,46.36739775606149,female,0,9.253482803906893
2024_0352,2024,81.95100753681962,152.6851871179212,79.25233407298188,45.1042484611992,60.865420526337076,57.341159197442664,male,0,3.9206207662413948
2024_0353,2024,78.43421538260239,26685.88663962873,69.47455900289458,49.80381619970461,58.79242500731823,38.61719617815496,female,0,121.96693702351793
2024_0354,2024,67.09549593085103,43601.85799992849,61.83888565487309,51.64755295191631,38.84636535474514,54.233882842455365,male,0,58.99779085092238
2024_0355,2024,79.5374176398029,156309.87850754973,46.86478009440224,34.27764868289706,28.251388306466666,53.76989270765689,male,1,1.4172948223422464
2024_0356,2024,87.96035793007528,6274.20872671496,79.7817342700773,50.31360615970333,47.59299474780789,35.45667569737508,female,1,3.4469852208994745
2024_0357,2024,63.151315587229654,55763.66103421417,70.15202513603903,40.49427890289898,39.528774862956695,50.86978110142934,male,0,91.72087519735993
2024_0358,2024,87.24503482488674,150.10299849050642,66.52659487515801,53.34178492770258,45.59087987090705,43.8255473199848,female,0,502.7032320202389
2024_0359,2024,77.60040643519751,157785.6763923993,58.119485048057626,45.32363668920738,43.83357206703539,54.16098675883533,female,0,13.960752501494936
2024_0360,2024,62.34077422613234,144017.94543818745,74.65152003340556,47.191689943815135,41.731894711081665,56.69788685891263,female,0,14.476114278316215
2024_0361,2024,79.55009039334988,17014.150849190177,67.42763574171867,44.550510614969404,49.50570831089497,53.98938933773151,female,1,329.06325607846406
2024_0362,2024,62.216867262154445,61031.092235377306,64.65577888954016,65.24647709590499,51.477994051686785,50.725923242430966,female,0,219.47756110991958
2024_0363,2024,64.41174761533667,222124.0443030742,64.44011410831757,35.16420576766798,35.56266939919014,52.888712724225726,female,0,198.83990431295143
2024_0364,2024,88.33299606202806,24582.54706785619,74.49851718165498,48.00266009611104,29.950413036708017,38.23934911083996,female,1,15.313732884960679
2024_0365,2024,81.14546490880888,15439.039956206385,53.513679889698714,49.075984532729684,15.758859287707107,49.692482161367764,female,0,3.752791638650408
2024_0366,2024,60.33483108646996,33810.26933085835,70.62551861907346,45.4863953778477,37.33146317180006,42.035167532779944,female,0,71.07601939786353
2024_0367,2024,92.8953724484655,236607.65291042023,57.791116431919725,40.36064017293128,29.844881911716435,60.315387534870496,female,0,12.743228086065523
2024_0368,2024,80.56699763171345,696729.1577662647,63.14196293100844,33.883164635885926,43.40035312835084,56.8323815598144,female,1,107.77007257140046
2024_0369,2024,75.90952268905401,3847321.8519583875,78.8524004755775,45.08491049108242,35.834613312848795,56.8040135011987,female,1,4.338375633250842
2024_0370,2024,86.8830482532347,920.3110045258653,55.049715389044295,38.406151584988024,38.5211649240211,67.13491555763981,male,0,5.605509761361672
2024_0371,2024,83.21255599836957,8351.952280435935,73.83442401010466,64.79224592713035,48.935900279433845,46.70022535199651,male,0,19.370475008220012
2024_0372,2024,68.17651202243715,34775.44224418983,66.01366724708905,70.64695928598053,44.78049189393812,44.5099264778915,female,0,433.7637365330194
2024_0373,2024,73.81332315124527,66593.79935600833,48.51723251129928,47.49208322004397,39.630765599434696,46.46397283742557,female,0,1.6569855204608508
2024_0374,2024,74.06569119102014,16711.48579300977,78.644758516465,33.95243459700877,57.69798527287129,33.97763592161796,male,0,4.532392745789584
2024_0375,2024,71.36712428743559,99081.61591957379,68.10253727263495,55.380441057123726,48.196252141657,34.76416879153992,male,0,231.88695732255272
2024_0376,2024,57.03520461529527,20989.60427654043,68.9412586588987,38.189235086821014,36.6330742454837,56.21103008968112,male,0,157.59051632336687
2024_0377,2024,45.18032817333748,59332.88057505092,75.07242310584759,42.50828946405334,37.080042275159656,36.04859869076172,male,0,12.839161597691701
2024_0378,2024,61.55273817676583,2551.555342240256,79.99220744561299,41.71150438816711,48.699564528910436,39.25087434989941,male,0,3.315969369344043
2024_0379,2024,88.16154411370948,87992.36872334336,67.01026896216128,42.99494339796041,42.83251389776245,48.9828012289504,female,0,402.9248225483308
2024_0380,2024,88.55413502726657,77121.7168141641,71.17287322496068,44.452797485092496,29.565979702453543,45.87772397262333,female,0,55.492617839243614
2024_0381,2024,67.38163035507691,67760.02514352486,68.71185930617426,34.86498050670735,49.76502265457626,58.85652357796067,male,0,175.9148374840653
2024_0382,2024,60.42035777476329,147360.58243178547,61.5713229329832,40.979863383402396,53.39746664597272,50.60461305001495,male,0,52.13049008790154
2024_0383,2024,72.7812121972938,22525.016617843314,49.165636971048556,58.19944247863435,52.63751645741856,42.015313208278,male,0,1.8017348386575067
2024_0384,2024,74.38981195467025,49365.54547322142,67.14922059104208,47.66443059625845,56.25834499517492,59.71633009743079,male,0,378.98627852215554
2024_0385,2024,76.00719519294057,67402.26262508734,78.78937830644556,49.25313841488771,61.53336525816105,57.287913848387824,female,0,4.414965412778578
2024_0386,2024,44.72971317162403,874622.9613750456,70.83332963357657,25.677518696487034,58.13418953393547,35.89016562426101,female,0,64.95859065265023
2024_0387,2024,101.57756183825163,99701.53994300244,54.325768090235584,57.47783658523843,44.21343105323241,52.522666446600326,male,0,4.595143569306688
2024_0388,2024,81.32474668043632,143980.97742864283,75.97521505644906,41.144801098368816,38.71155268958443,42.84923210414852,male,0,9.452223454304594
2024_0389,2024,68.02136296260333,27580.32470183312,61.905301481436595,59.23968554367695,22.467390996038578,42.58562207199832,male,0,60.26490935907906
2024_0390,2024,62.81522369839147,72550.56670051809,44.079741275049955,49.542748041976964,40.90889581130924,68.6951466131251,male,0,1.2047234035840564
2024_0391,2024,79.87305694079605,59981.42866789029,75.17903815182521,42.37946570954675,46.00174331029775,51.24271388451788,male,0,12.335730870632256
2024_0392,2024,74.95394615034542,289258.7840046201,55.54619375906887,31.222104044488198,41.236400112382086,47.824615114860535,female,0,6.312299299768778
2024_0393,2024,70.92147488034512,18432.31831592887,82.8072837311791,69.74845957428076,21.880025593302385,50.8495122529562,female,0,2.0263780750677336
2024_0394,2024,94.58334633640811,26310.993287715133,81.47773400597418,60.03247273047384,36.32805408555433,58.742402628292936,female,1,2.493656232633174
2024_0395,2024,68.87280395775386,3490.6764130400265,62.722007263368404,56.63074399689004,47.26622712954395,42.98395524046556,female,0,90.80823724047441
2024_0396,2024,94.01862265717303,40698.623284137844,74.59359845754463,70.18827705452625,28.92033134966161,44.69150030558998,male,1,14.768551185118657
2024_0397,2024,77.26362850953504,2766050.3377495627,89.23918565655103,50.24087012228861,42.46022627727675,56.56671458146327,female,0,1.1882718206149883
2024_0398,2024,93.43316874082026,152904.58091920285,80.00007037836986,65.52400051381753,43.5249025488101,34.83610709509631,male,1,3.311826997154353
2024_0399,2024,92.90921898321919,36457.847566269236,72.3820002478459,47.21424742253171,50.40203576307796,59.90771840909291,female,1,33.65797410721746
2024_0400,2024,83.92860133211181,3018.2210217826355,93.8915399420627,55.37578532833207,57.96030603579611,33.9482026517644,male,0,1.0644944589178593
2024_0401,2024,54.02892880581544,15835.20907822184,66.17581010956488,41.69903292575294,37.01418285264112,47.542331914245906,female,0,468.717386782417
2024_0402,2024,62.021177214415694,18648.750644112668,70.81814818878837,42.96141204515687,42.64124896554283,34.01167126832661,male,0,65.44761161888488
2024_0403,2024,70.26560685981022,489810.6724408473,55.63786810940741,48.97000575454276,42.954993109026354,39.43748338065657,female,0,6.431771463029487
2024_0404,2024,62.70132417070759,1140.5301878396674,48.2528113440511,35.326010900402764,47.306736091071436,62.976668586049534,female,0,1.6140555712223774
2024_0405,2024,86.03967461756059,49286.007397744586,67.12197708051646,55.29424222374681,44.58477891812628,60.44457873834721,female,1,384.23333066719306
2024_0406,2024,82.87741782890045,11072.991498100346,65.38408084368518,44.88041790125731,55.0785557142037,61.51322299778104,male,0,313.79816731954685
2024_0407,2024,88.51029026042275,12564.87023171547,73.29263584409858,32.12439367212319,15.840406763187207,35.51011716461595,male,1,23.161698785656867
2024_0408,2024,71.70788972286026,14284774.559045706,55.802289532257525,47.42338114241077,43.38857120379439,39.48943841798337,male,1,6.719407627634948
2024_0409,2024,85.7665827066572,14328.941361109664,76.60674322117947,48.54945296846607,44.083858310422826,53.398725688311316,male,1,7.690609198878998
2024_0410,2024,70.58113174133872,241081.0092324147,56.69614475956323,56.52836464838242,38.44300309004974,57.153174901793484,female,0,8.7911892646276
2024_0411,2024,70.39689532456327,524582.9459304315,71.08734359394414,50.851979524937775,18.114622380194238,42.00486314901375,female,0,57.6131015901796
2024_0412,2024,95.56037441346415,60971.79785257827,79.3492648284365,66.47472367023147,38.588818970048195,44.21078617456078,female,1,3.7857726469745816
2024_0413,2024,74.74388574755474,21355569.245462798,61.044909099473706,53.20109595624827,33.68018115784645,38.68652353941365,female,0,43.109784935134094
2024_0414,2024,68.61173901474014,37956.374511947404,55.361810677324,42.46038929765714,57.61311320743571,66.58245290581542,female,0,6.064790503986447
2024_0415,2024,58.06960241754567,24826.3453002108,80.43649317383628,47.4164063952347,44.560419525675286,45.250442009464834,male,0,3.011685834853365
2024_0416,2024,65.58860748362437,16268.117886375421,73.72912094299195,44.519519630884574,32.829242028507515,50.31292303612765,male,0,20.035385795909175
2024_0417,2024,83.77223443378202,30104.71602877804,71.51976333847406,56.87972856113169,18.632497051952637,50.836446022226276,female,1,47.942386080819254
2024_0418,2024,67.14896197313745,81988.00762354696,79.68427763679853,48.598221474632275,46.717989175828116,61.05620453473809,male,0,3.5254214873653824
2024_0419,2024,76.91168535257887,105197.57988801446,65.83261723975514,41.71440366041078,47.77541492131133,40.47533435367591,male,0,394.94637650423346
2024_0420,2024,74.04102749563752,35668.49806367042,58.79492789805349,48.08600471062515,38.637915951441514,61.68260834226154,female,0,18.015815301684405
2024_0421,2024,78.24005713741685,420302.4121433022,54.9829793562724,52.61180665554758,46.84882833119919,37.212792843783085,male,0,5.446645965212798
2024_0422,2024,66.15916796397207,1230.3978955905307,63.922008646463574,37.93578461698221,37.310329304797584,61.657202577777234,male,0,156.60864713375014
2024_0423,2024,85.08360768284733,108801.92245458806,72.71720477981593,51.17008761644705,51.493497057184975,32.847004148952536,male,0,29.444289901266593
2024_0424,2024,76.72838512596721,141210.7220675361,78.89759215107819,32.21316903848175,50.74670205442071,48.954443481318954,male,0,4.2898424185819515
2024_0425,2024,71.12234681841957,287768.3707697067,65.23510216034475,59.05571343141608,24.377967778542715,66.25437221702894,female,0,290.76052784140467
2024_0426,2024,76.0334658437797,117403.89160645303,77.13124927935678,53.271808107719735,26.820177723710056,56.97256108245655,female,0,6.652548404632872
2024_0427,2024,63.242395853689686,244591.7036544574,62.85730568497969,64.29283035621799,61.15344286489615,54.21242288641249,male,0,95.94259079164891
2024_0428,2024,48.91245784039579,16313.612037700012,57.18401981344146,36.83403560224574,50.14060742727144,39.51584858375828,female,0,10.59095145243378
2024_0429,2024,83.93303630930222,36575.95673651435,56.93686766199612,63.3345172881646,26.55094232961382,42.65198755831643,female,1,9.55916136606074
2024_0430,2024,97.47456957242169,67425.46924085576,64.93760037658134,61.3578006356813,23.46479201500248,63.443958210311585,female,1,248.7006588545852
2024_0431,2024,70.80216039688963,47497.082545581485,52.31342572550345,46.1776795279211,42.88187609741341,54.72339491256981,female,0,2.926332697511512
2024_0432,2024,68.63165527322127,11876.736075719034,85.095116311902,44.233566469450935,29.353999773429777,58.90249247000564,female,0,1.5238651970912074
2024_0433,2024,61.52159929222272,72087.80627741068,69.39296426309346,37.148539435099636,37.62659197299301,50.73793812480741,male,0,127.42143772768262
2024_0434,2024,70.44174174083464,2547894.299945875,69.04385150835688,38.541903022775074,38.726262520200414,47.182685159865144,male,1,148.4131591025766
2024_0435,2024,104.2484562081479,61582.48324883442,87.22001762345575,44.48765680526971,38.29380734357556,57.666616304754314,female,1,1.2969300866657718
2024_0436,2024,67.92105258188393,12023.368473544955,51.97732631028495,35.44224357597044,52.087913583460576,52.593530344559696,female,0,2.7421711578554673
2024_0437,2024,65.70462018102809,29989.707526693426,63.62857164104256,63.95722483590618,59.18425751603754,48.30039998911956,male,0,136.1490171203913
2024_0438,2024,63.28353732908128,46868.98773710063,84.9967379210186,32.979480767310584,36.001243114621765,35.859929434585986,male,0,1.5372575235482815
2024_0439,2024,82.5452247762663,5996.981144179096,63.55959493275333,49.48895478106095,29.470795178691528,59.53908297319576,male,0,131.79530509500555
2024_0440,2024,98.81350812379384,13797.39811642626,94.46813778404528,56.35705126885105,43.09623847293543,54.40026311639384,male,1,1.0512710963760241
2024_0441,2024,80.32760535789046,255552.82586260515,77.85604839441538,55.57499231947952,55.54743074671605,43.93737950852147,female,1,5.542801173730022
2024_0442,2024,101.64542965043535,18684.372345218246,83.05925908632233,56.4528861039898,35.15978413347677,61.79252734128051,male,1,1.9664895522301056
2024_0443,2024,68.54929581078733,3204192.539484782,78.34894823454871,57.46400317449675,49.32059609798241,52.438124990666246,male,0,4.867108385153457
2024_0444,2024,63.894578120127726,79180.7082845459,65.01602460248037,43.540778375633295,32.41190136280812,52.63398839095077,male,0,257.88145433320983
2024_0445,2024,87.06387613202449,273279.0981717485,65.11788335404424,52.87550645690212,39.41313910836323,58.83895576244835,male,1,269.751185786315
2024_0446,2024,62.16702749485103,47414.55711988324,63.84559680119587,45.0643848703427,29.15733833135243,56.68706620305299,female,0,148.97075328487256
2024_0447,2024,56.7912289725121,5636255.701950141,55.13067496686373,61.02525591250181,40.90853724600205,52.93674479130845,female,0,5.754602676005731
2024_0448,2024,77.7613096550859,14478.334585836863,64.34037116770206,68.99865923474876,39.63312111326969,48.11414946455003,male,0,188.43441211477943
2024_0449,2024,67.79295140968532,17445.250609880448,64.9559395075504,36.06066239838625,46.89339144960401,69.83664154234529,female,0,250.57292602162676
2024_0450,2024,76.17209533645271,42052.20733254815,81.89234995319204,27.688991573956756,58.61617731906902,42.66199179135986,male,0,2.3163669767810915
2024_0451,2024,92.87213331129547,9505.598296305317,75.93275710727477,57.691315690190216,35.303267882488385,57.459718389940804,female,1,9.619093216540838
2024_0452,2024,75.4854111135324,25610.446541531994,88.62617557786872,58.70372884235709,20.76271394359616,49.16140833627673,male,0,1.2153109864897307
2024_0453,2024,49.54013194592913,18282.506638572457,43.404559023560516,67.56977313248456,38.77491903042064,54.54713627463171,male,0,1.1705807579816938
2024_0454,2024,61.33239750642983,52726.03031794272,52.82956299970058,55.37890351216656,43.799162587354054,62.33423318370273,female,0,3.2625203167965116
2024_0455,2024,75.69364755401848,11026.156713734248,61.44654672334634,61.95780958687207,42.82303888433251,46.88421573031208,female,0,49.27909723684796
2024_0456,2024,57.25169305864032,60581.72359175381,79.92494464014204,64.6006073287631,39.22262344094173,56.018363421336645,male,0,3.370294064321607
2024_0457,2024,73.73065083812232,21362.574760515876,63.90422799716653,62.64777771630867,55.706903706779435,52.65557280509773,female,0,154.27704813654026
2024_0458,2024,56.09295419981425,4708.895205571144,50.32173164348749,56.811605101631486,42.1648696894755,43.58698505721683,female,0,2.0802747992274417
2024_0459,2024,70.16443983494695,50829.431445466456,62.54875563851037,35.177904370564775,39.74994142350294,62.580989987192076,male,0,83.30428596416328
2024_0460,2024,86.09990393936057,131005.5403489129,53.02401742245086,47.91638144161643,33.00738460915366,57.11187795673891,female,0,3.3999135335843014
2024_0461,2024,77.74600115331624,175960.07693273728,51.063742318501944,51.000386190591676,23.297958912841214,45.65450068488332,male,0,2.330889606329157
2024_0462,2024,51.492590525592654,26270.667179798536,84.988278176539,47.0019036680638,44.09890400190573,61.0359377723808,female,0,1.5411054752926914
2024_0463,2024,78.48371404316184,104918.17900871787,61.48391133319348,47.61894042151189,43.2590873566709,41.685803499269674,female,0,50.27460103634109
2024_0464,2024,88.22238226729583,11144.896869948316,66.73152862802513,63.672280636879044,30.185508040019705,49.71065737114868,female,0,464.05357085927614
2024_0465,2024,97.9701601016174,26133.148477572395,64.07043652831914,40.43168316311636,40.355388957290785,45.70776165443885,male,0,166.08504891247594
2024_0466,2024,74.7507573746869,37892.658358641456,62.48504375391552,55.99052362866653,39.35860863605832,57.51311989019991,male,0,80.43906972446524
2024_0467,2024,56.35580076114645,85031.61451677252,56.59338967712366,51.16441624879231,34.542504745420054,45.203166444668675,female,0,8.488819969269782
2024_0468,2024,74.34677978024429,393717.69873139256,61.89365395828353,39.42467610761671,32.85102665424468,57.58483116961044,female,0,60.18962528472931
2024_0469,2024,85.96033598341465,200711.15774218383,68.37235478524147,37.233985017464214,44.85891834447065,55.94460142589035,male,0,205.40836046478316
2024_0470,2024,68.12911820249697,124907.15930256304,79.18635312063954,30.986849265198355,38.53736675046548,46.24750852586828,male,0,3.9848513134888504
2024_0471,2024,80.43108922882558,156121.71883520437,74.47435636554074,52.85577029948772,34.87824421389386,68.29717591456303,female,0,15.448315990122012
2024_0472,2024,61.60397001122312,166203.86438319075,52.80933102544917,47.36755186598961,32.166046302116236,42.54765350276535,female,0,3.250308776556869
2024_0473,2024,73.7235325312685,11206.250452389651,74.88532418236605,39.742225700232254,39.497549641059386,35.90985913943239,female,0,13.463738035001692
2024_0474,2024,45.10420484829873,198002.2747342001,69.75438011527369,29.238948755639445,50.06332536007508,58.56099136668689,male,0,107.09861012372696
2024_0475,2024,80.49664618163283,25735.438228532425,63.75278999386504,56.32710901848891,41.27053354361911,28.505920592125406,male,1,143.8469662358426
2024_0476,2024,69.93879352718145,6519.407944121709,66.82097096186568,46.26272706399684,38.42403733981414,64.9181682633064,male,0,446.41544076668447
2024_0477,2024,66.36643269423564,103073.64251698587,70.72287183649898,40.8630652814932,43.89107405417557,51.017538765263666,male,0,68.28908881445294
2024_0478,2024,56.99382505724253,85351.53598728948,65.47052947822876,38.35960075349172,54.471137846969356,35.73014925194762,female,0,331.54050858383755
2024_0479,2024,65.00343801915044,385764.50445338583,69.80243334156721,45.61424836576734,45.71394863250492,40.51535497522629,male,0,105.24068867470233
2024_0480,2024,93.29655048467997,42269.35732991762,61.370489830762,56.699964857392594,41.807213835360045,33.65911324484986,male,1,48.00235153402052
2024_0481,2024,89.13772412889782,21145.964928974357,89.92832044246514,48.70017015578651,45.59806563268405,53.828829527035424,female,1,1.1531530809573696
2024_0482,2024,90.60937569870869,311547.49506256514,50.70715271021775,40.11473672703524,37.6167023600462,36.73085829007742,male,1,2.192406940733216
2024_0483,2024,77.31968803085739,5745.4283396578085,70.77851223328142,47.418750449645124,42.644359564110616,55.02089030695949,female,0,66.68633104092515
2024_0484,2024,86.56837299266753,10504.748268354366,73.66763463010322,62.45547467252617,34.300666652728964,46.951758485464254,male,1,20.36362049921582
2024_0485,2024,83.59177883051915,61649.06261285832,71.42943393451715,48.402675912442106,25.263455720217976,45.24635859787906,male,0,49.46424077866201
2024_0486,2024,80.10728933898588,188.40877127648236,62.91629648351738,52.68423542294288,42.63521524092119,55.093459668615935,male,1,98.6176251804943
2024_0487,2024,89.28002553059518,43266.42067922521,76.69197028333056,44.74331043221826,44.273734446044074,56.23511329628092,female,0,7.453994028923017
2024_0488,2024,101.13038630494262,103906.11713201532,68.92019318321688,43.10336189435395,36.317116158132045,61.45802872045455,male,1,159.17432734329714
2024_0489,2024,66.44002219487778,25804.001152487483,53.137850609300656,38.77102583646284,51.1789271073897,43.66221663769382,female,0,3.477278682197175
2024_0490,2024,67.1068129576892,233750.3222221349,54.05189611724044,31.381459332480848,33.56953472496644,49.701905373390694,female,0,4.365575391662874
2024_0491,2024,92.06735591611736,5475.364790406644,71.24705068837588,63.812258363871514,21.450728193115843,43.646728674685896,male,1,53.51703422749116
2024_0492,2024,75.98670929871977,22120.186153529263,49.03478476538509,52.62454176047849,33.814899224530926,51.629874755467945,female,0,1.759447782721815
2024_0493,2024,100.94548275233457,44799.78441616351,88.00505983442422,52.82486839252897,23.759788188429102,42.21710314729869,male,1,1.2570277427887513
2024_0494,2024,56.59408751984917,113987.14711438159,75.48921280542636,50.955827667773896,44.18712428201656,45.75903269499482,female,0,11.259925428514945
2024_0495,2024,74.37442622061246,5814.666745360216,83.26844320850998,51.395293962248914,33.264179745549676,45.809994902289375,male,0,1.9251425173763628
2024_0496,2024,48.83485747537285,351936.2913574339,82.214234891089,40.65453709745078,50.66658570880769,52.93360944027211,male,0,2.186932768947246
2024_0497,2024,68.22699514164516,33663.71964052634,61.48093535198407,44.74737670706697,50.45726400164579,50.02954967234578,female,0,50.14907151103682
2024_0498,2024,104.53912503787458,755468.4039668839,61.30670537349823,47.257913226173834,29.93175958575394,55.0630160576872,male,1,46.64193363923215
2024_0499,2024,55.82390967781502,42108.99885111335,38.222273178358144,73.11424016875004,32.70276923018175,48.930034178540815,female,0,1.0473362122834786
2024_0500,2024,54.00762213968338,83531.51747859316,60.937658751070344,58.20202041456085,46.15508531989019,44.202473331905324,male,0,41.058587084392734
2024_0501,2024,72.20795099547976,184466.2325320312,82.65652855835953,49.67882284825392,50.61799461010886,51.91282897257473,male,0,2.062151798490797
2024_0502,2024,83.87429164172602,18307.115243225446,56.72149342502795,61.65984275129685,20.633541471536255,40.828160566091626,male,0,8.89064855337137
2024_0503,2024,93.25395451085322,93488.3358827481,67.90079005136245,64.39688244508416,42.022342117696176,55.691578157793536,male,1,253.4077876370891
2024_0504,2024,70.95382103118449,63530.294152397706,64.45429750917117,38.19475692434997,17.180142259710493,47.145348120351585,male,1,200.33680997479166
2024_0505,2024,53.16871586953726,5110.303861252098,68.74995153607715,45.77146718925042,35.3038685788144,52.04519409699535,male,0,172.21608560994747
2024_0506,2024,70.9774643292942,218379.75112695972,77.8608468421431,47.83675603191414,51.758441215120236,52.20024004945262,male,0,5.515156337545219
2024_0507,2024,58.207575807042325,2588.29935666275,49.607893824854834,54.115279489820665,70.957896736862,66.0154548438554,female,0,1.9203356721430282
2024_0508,2024,71.36686293905656,236280.93224061778,51.52224018369407,45.760072547075666,38.406985181827345,53.81583701562779,female,0,2.5503994654011257
2024_0509,2024,91.95995113266939,15576.704431945485,84.86620039274355,51.01468884912124,26.70389889873215,50.73218953069772,male,1,1.5604901958326667
2024_0510,2024,65.10242489342289,150123.45742404877,72.33066874451809,43.3865117270866,35.65480841236103,43.07629180139545,female,0,34.380859512301186
2024_0511,2024,88.14754293948813,98083.81605130444,62.406194386515416,58.489351625851086,41.462018274163846,58.02385154930504,female,0,76.89954809758592
2024_0512,2024,75.90467204934292,731133.6599639464,82.07082761926411,33.56659557271945,34.08418277982046,47.297944795874784,male,0,2.231111741428404
2024_0513,2024,82.11590878794176,61530.170657238246,51.34971113610096,43.72645228432661,31.533266766682353,34.7451985407355,male,0,2.447335789462311
2024_0514,2024,99.20581758271622,197776.45220416685,79.31213491191033,33.56324005603898,34.92296293514712,48.04911777738669,female,1,3.8333918047584103
2024_0515,2024,68.49926438050132,128428.10933157285,64.31761891136001,37.70360556851745,44.76368420757692,51.91489794368214,female,0,187.02644051727003
2024_0516,2024,68.05552748660652,11043.861137407832,71.06543836012892,51.17177466371903,39.102522430655405,41.81494302347314,female,0,58.119428177447986
2024_0517,2024,67.0237996317123,82178.93677406157,41.128478878747266,51.36154289960647,31.96633994306781,48.81819694890265,female,0,1.0941742837052104
2024_0518,2024,76.81102252500244,35262.07975234732,62.392966401056505,44.86808307959345,34.085973753148345,49.28517163350897,female,0,76.22961229519204
2024_0519,2024,63.49634822628136,52673.06372166271,72.36796716036372,59.239851461377775,36.653137332302265,49.44092105724181,male,0,33.82668540451508
2024_0520,2024,107.25032942034568,15454.446572927249,69.36669781605171,65.54042887299289,29.185747496206147,62.34641869715455,female,1,129.34716614948886
2024_0521,2024,62.54130696327607,3474.6976616592638,77.55297772800851,47.30772664720027,33.714407136194595,36.88442138815289,male,0,6.034542235155792
2024_0522,2024,72.14475072297029,21609.82017443917,77.21805007140786,50.5043285639421,47.24923272604948,70.33802459185564,male,0,6.496411840880118
2024_0523,2024,67.70919187954051,109977.59144708556,55.414363747794084,43.474555577766004,38.492183968520585,49.67164679808792,female,0,6.133404627940473
2024_0524,2024,85.49206685613473,8300.992574326909,78.2399265133368,58.26887721451526,21.63006066997814,55.80211233952462,male,1,4.984085817816828
2024_0525,2024,91.72346852463613,13840.075663168882,55.0733734277176,36.05939519975353,51.06998596463104,51.27836266537855,female,0,5.661846071055292
2024_0526,2024,65.60945658587536,602795.2009032922,65.54015441154756,65.95834809379275,44.97553259424642,32.73976428234809,male,0,343.77934066496647
2024_0527,2024,86.95278819007574,6530222.732651863,76.5612824930762,63.39985262728226,25.34100770325308,39.434223450141246,male,1,7.8068378726359
2024_0528,2024,63.3586640154411,27209.616926927778,56.64717068739418,36.01073646058897,37.138902358738754,44.75724120362211,male,0,8.671137658463456
2024_0529,2024,90.41040615688922,12553.653624331599,77.86926185564383,44.10981524499318,31.263169732840964,59.93719818116965,female,1,5.480794104270699
2024_0530,2024,88.98693632657306,17174.95399710896,64.94644253848097,56.21248764044826,45.98259520497791,36.15678864250286,female,1,249.32318833934343
2024_0531,2024,78.80746869295696,149922.58334153536,64.19302472587651,48.61748896316379,35.4760446950025,41.442625729589174,female,1,177.6828109933644
2024_0532,2024,65.75630135652344,1096.7123722350427,72.06650983539716,53.44599548721649,40.070811194462664,51.64850840278256,male,0,38.61921691018516
2024_0533,2024,76.09686542783962,116900.09110354289,56.640270563165814,44.406036529838936,38.90427191318058,54.728564477829366,female,0,8.62789017896875
2024_0534,2024,100.26986849421954,78203.42677572386,61.13164530636905,67.24811758120059,24.369052012151567,54.42720876831501,male,1,44.20111433654922
2024_0535,2024,70.2400061296548,3639.458497773724,75.41156040030083,48.083069927013035,54.88206960293069,40.159948862762846,female,0,11.444393964331121
2024_0536,2024,70.58994790653209,655408.612079936,66.08557151924934,72.20555131008746,47.43654717297886,34.02008639808658,female,0,449.21427451616216
2024_0537,2024,66.39004928234723,41494.86515927139,50.45880504696705,54.0267529711283,33.31121631748032,55.39059643213033,female,0,2.124953670455241
2024_0538,2024,64.97558298042117,23282.321191385206,73.5564137838821,34.50595661751866,42.72245644837333,64.33123941539729,female,0,21.11534442254061
2024_0539,2024,60.80426970117698,21249.458590417118,60.933987677565554,68.86496583473247,50.56066150677082,46.546983846243144,male,0,41.007295914197165
2024_0540,2024,74.4335054576105,81134.1455693393,55.969866604385345,62.98678954870516,39.75852494783107,38.55313515515967,female,1,7.046281282504775
2024_0541,2024,62.97553325893463,1193657.9217666294,39.9268498883836,51.8014762508098,56.39867695041426,45.70119677535157,female,0,1.0805822324585599
2024_0542,2024,79.04052867340513,117281.97888932083,74.03414297032408,54.466334561984276,70.03686543601641,53.940625733847305,male,0,18.19687725562385
2024_0543,2024,85.75583057302823,32376.75912135476,61.40081933888429,40.10953235382812,37.936260206167944,47.66856843223366,female,1,48.484783187370404
2024_0544,2024,66.53981316305958,76999.67413215856,52.56155228701499,29.95623889663736,34.96305197473053,64.07193641514813,male,0,3.09178934697381
2024_0545,2024,66.34514800285353,14199.188841759711,71.39402830385991,47.582502924986436,30.88611929475234,59.24970719404288,male,0,50.400444778065484
2024_0546,2024,82.44707665832735,510194.03161788714,73.05791596308853,61.78770339149168,18.619982276585215,51.84338066204251,male,0,25.597635911136013
2024_0547,2024,60.716174294686624,5036816.291911205,57.12897001405371,51.957088432686064,53.306413415525434,30.45677100370638,female,0,10.316556170986988
2024_0548,2024,72.77053338389993,64189.175697497245,74.12640659605978,65.09171497409145,37.25799202316591,43.077363711588795,female,0,17.7697931199045
2024_0549,2024,69.31533866429837,19521.55671482914,85.54892921113128,61.2122078319219,49.571064589650064,44.51977673654334,male,0,1.4641135880570058
2024_0550,2024,70.67926825094769,9936.011923845757,78.46663270971096,48.206087067854526,51.58605075230597,42.53384018352006,male,0,4.729171364748434
2024_0551,2024,72.4435040711645,8136435.909313475,76.91057095196956,59.83756921327225,29.968678296091163,51.90821271864925,female,0,7.063919023701211
2024_0552,2024,70.5716494026807,433520.28372510656,68.1412912213253,63.2259538585473,31.473241768653196,52.1144208103523,female,0,229.29284827574833
2024_0553,2024,77.9302188665092,633802.5906742661,60.56281794471078,47.19818028917123,58.281762632293336,33.25925131844782,female,0,34.68301202247232
2024_0554,2024,69.7074267203707,384.57580036472945,64.44113947103244,45.86224439455178,40.09794719906811,58.04598062061151,male,0,199.33762596657076
2024_0555,2024,87.44376393425698,59949.24868019578,69.40741603662762,49.40450487333242,34.183918878070585,50.16123706326332,female,0,127.10328199373689
2024_0556,2024,70.44479938966846,106844.05537502113,52.424880413451,23.880921722746844,30.327363585059754,53.57641413508611,male,0,2.9891826833933632
2024_0557,2024,72.9653311739973,479312.44963799743,62.3061809239354,54.80431901575843,37.78261308038086,57.448263348685245,female,1,72.5118502334681
2024_0558,2024,76.38310358143731,249840.44375190436,50.72249857017415,55.20437983084814,55.90910209820233,42.33030280659834,male,0,2.1978948150697017
2024_0559,2024,93.92096805259781,12794.859057448446,72.35186622291413,53.445110914155016,46.06808857726653,62.589056893158194,female,1,34.16664924473404
2024_0560,2024,70.32545031761924,173339.12852353277,65.83053922395537,51.44674420361374,42.621258710034155,48.582064429128266,female,0,394.45300195693676
2024_0561,2024,67.40428684378855,47908.90024448779,58.47291334531387,47.565236244004964,56.7169798547823,65.12547226566936,female,0,15.879039990613816
2024_0562,2024,48.85380933540214,582504.4150259707,73.20499205379741,28.029781100456937,54.785667153004475,41.06067564718825,female,0,24.046753552064498
2024_0563,2024,50.53155937734325,14436.37858986998,54.553996340716914,64.62594760903364,44.147904551439694,64.3824660693089,male,0,4.8915048674590045
2024_0564,2024,86.47519220497482,261247.677183209,58.1016525982276,44.32171152598281,68.61671896851206,40.96015975632442,female,0,13.908497718568373
2024_0565,2024,84.14497396900613,1294.4880471297176,77.80526484912505,45.82229872469827,36.720819980953046,75.4878128660559,female,1,5.6831178534859434
2024_0566,2024,99.65620427552209,106151.49723945225,79.28815780126138,65.57982778451827,50.20224554153512,40.481662366159014,male,1,3.8622503274801065
2024_0567,2024,73.96966726759538,6053795.3417823315,62.04273797291157,61.78700468461214,35.26217401747789,60.565867204553925,female,1,64.31224187623664
2024_0568,2024,79.53141704631734,559577.4187669603,72.3204260474324,54.73065855975778,48.246541332922604,46.376057763074975,female,1,34.81331748760201
2024_0569,2024,76.78640946881715,265.9587436492328,57.21192759220968,55.69369723099595,38.31116042068094,57.15022383666548,female,0,10.644038817510012
2024_0570,2024,68.97498964301367,1333570.194689526,63.02660466422696,36.45011664309518,45.422910525488554,49.594749328743326,female,0,103.41499800912817
2024_0571,2024,75.37667171989379,82611.93189826027,66.43837394151564,47.19105625980452,64.74916181702316,39.087696246372865,male,0,517.3657131664547
2024_0572,2024,69.86367434070192,10663.780296735988,70.60366198815935,60.947841094572496,50.33755504984037,22.03169842687579,female,0,71.5216356192192
2024_0573,2024,87.92328035993391,14876.652279664826,73.1755901349311,45.2285818086983,43.977947949152316,75.07583296192894,male,1,24.410173692295114
2024_0574,2024,63.1995617182511,65533.210439831346,67.73162340540243,38.016666950062486,33.03747802237252,50.73024225615013,female,0,276.92591069622273
2024_0575,2024,58.05997344069999,15946.745453475092,54.215016628929945,48.7860395283669,42.686051619122324,20.564699220669432,female,0,4.515428101581201
2024_0576,2024,84.02701289732498,496140.67420076893,68.88276639307497,49.02057011097794,30.699814934223337,53.026086064649064,male,0,161.17649390629776
2024_0577,2024,105.6730910612988,131567.6183344614,75.51065351196299,58.475720998400185,48.087503009335066,56.89586656529826,male,1,11.147887298529248
2024_0578,2024,59.61297045255816,773015.8096651889,71.88934530087133,34.21847562760356,49.436013949692196,42.849192164860014,male,0,42.15064555546602
2024_0579,2024,58.959208979930516,86766.47347285453,57.80479820529113,22.506232295993694,39.00005283194583,42.91645462096395,female,0,12.80710378266303
2024_0580,2024,66.52226857577908,161789.93470509702,74.15585616583607,57.2123192743887,57.468590508574756,49.80158152960017,female,0,17.549053204586595
2024_0581,2024,73.40435014863152,20650.964138561983,51.82765138223175,37.17018026795251,56.05941861508732,62.02594230762175,male,0,2.6845147892720704
2024_0582,2024,68.1818179204333,21780.096364257624,60.691818459559514,41.90009638818812,42.29945891642845,50.999601198230266,male,0,36.59823444367799
2024_0583,2024,94.99520065247721,22715.487030494212,67.24480917705836,30.16764518046044,44.86642143897782,64.63225304342485,female,1,360.95380999709084
2024_0584,2024,69.50751052388634,9350.87366946254,52.37590937496701,58.22912682025557,34.90365867623016,61.31219172530241,female,0,2.966847674247467
2024_0585,2024,68.85368858550767,9515.794219957963,62.09288988495196,51.50338224072531,38.072751116488185,47.712152257364906,male,0,66.35373157729487
2024_0586,2024,94.13078736769869,131718.61881800933,67.21480914344801,51.10194544050948,29.998362706085,34.294762408068294,female,0,365.4940500045467
2024_0587,2024,64.74796748404692,8979.212889870141,46.74227818166664,51.03455084189536,36.007063362995595,47.73329161203647,male,0,1.4031925032334975
2024_0588,2024,86.39946892824547,19516.50393540579,61.053116162291545,27.398378459685148,39.7540235801568,55.2648240039502,male,0,43.27175012356626
2024_0589,2024,84.46863067680864,103767.34410004786,47.51599067736676,38.148340115920945,24.16312018851643,50.598934763794695,female,0,1.482529869874365
2024_0590,2024,75.04093506584648,6217.550170826547,85.41538784316944,43.482728895538045,46.57967602946115,56.344248316912946,female,0,1.4788281742471794
2024_0591,2024,50.73868163550475,34526.58794870673,67.12491216933984,40.512572288636655,51.04172527067326,58.6341997614972,male,0,382.7951539439102
2024_0592,2024,90.31057490362961,2946.3543288124015,71.25829283831008,49.284884503537945,39.120664296208574,55.30858553415885,male,1,53.38340874337418
2024_0593,2024,64.85305242604453,74262.91602800868,67.32073411659141,50.46199702678795,15.0,47.24671445947674,male,0,348.9749000539856
2024_0594,2024,70.20090691440474,1973.9732848232334,71.04520630600832,58.06438316255191,38.26501250056072,55.198834749920124,male,0,59.07158420072118
2024_0595,2024,79.37033207612117,3.592655594101031,79.78154849834529,37.197959729592995,25.238270152077853,72.35484231528939,female,1,3.451296646505219
2024_0596,2024,97.56257949050053,71743.544919962,54.36446071185337,51.91164613201523,33.09161729398175,35.10120439328988,female,1,4.6239531527820805
2024_0597,2024,79.84985027111065,222813.77627796802,78.10177597426757,55.11543678923777,55.348401732297816,54.8728746689146,male,0,5.129457997027161
2024_0598,2024,81.70024302066942,3913.302785937617,77.45825294017254,38.75916830028181,16.406579709647257,68.32003285055733,female,0,6.1641484465771725
2024_0599,2024,66.17821283615466,161807.26928452612,64.33653389142458,46.071672262321215,32.620047500628665,38.254100039155595,male,0,187.729106344199
2024_0600,2024,79.40574897953226,124453.31491377234,68.812713093168,56.665521154873495,47.51228751078603,60.01100091845915,female,1,166.292785031642
2024_0601,2024,73.51681416470785,15624.593199952225,33.97239203375927,48.11208859479515,33.766700282122414,61.34717244566627,female,0,1.0075281954445339
2024_0602,2024,87.56074322148741,25078.754376360546,52.560088377984115,54.74197760566064,33.000129624737305,35.231538450911366,female,0,3.087927024744393
2024_0603,2024,70.69389634613533,239157.56434209802,70.18849276263157,48.94698147049596,61.16470980944742,57.123617144181914,male,0,90.24245566687466
2024_0604,2024,74.522970861121,3232373.8290914167,77.00617466309892,44.88137460335755,44.59144168197345,47.286840988388704,male,0,6.81243759785827
2024_0605,2024,67.65076554118002,160254.42494937693,72.28836922116797,36.272902451361254,50.161710158540394,49.39554203490147,male,0,35.38365534149034
2024_0606,2024,84.96529794104237,83344.79966190962,69.24284934221711,54.471685564136635,44.15659057309968,46.75045274780301,female,1,136.66053443011432
2024_0607,2024,76.58275938604498,305203.9141584344,84.25872700568445,48.999727774923706,42.420207863819755,63.12689091434631,male,0,1.671547760655728
2024_0608,2024,88.93933232661135,76135.67019348322,80.05175556367139,42.071679721944,51.86552959792068,48.87878979600573,male,1,3.270686821465952
2024_0609,2024,74.0352291152933,23491.939982092194,61.06173581255095,53.820558248452635,59.891572976762205,45.36686465349368,female,0,43.488650673683416
2024_0610,2024,95.07506857277028,109862.15588605283,91.82110651953414,64.6792350634002,22.331160415401342,45.5362448665779,male,1,1.0914422644429518
2024_0611,2024,73.47516839138908,227880.7254692103,54.038327652933994,41.3990693203599,40.44612009100579,46.59010044110911,male,0,4.343801993561042
2024_0612,2024,75.5785531938774,1127.086278399692,50.28159779462543,40.72367855722041,40.367148541047754,39.20464480069464,female,0,2.0724883773959837
2024_0613,2024,81.46994267239909,176152.76658887925,65.78894612876077,44.35851443078681,34.89864210217128,45.27865942430523,female,1,387.6101242377834
2024_0614,2024,80.85970643653168,295736.9966469787,62.413598219794146,35.21338447812741,49.03022750732385,51.176696247034194,male,1,77.18846277940848
2024_0615,2024,89.57378393392743,94760.2330323767,66.35068385513101,72.04481686875094,41.774014578840955,54.04381419982511,female,1,500.82162511811197
2024_0616,2024,89.81438679738753,410435.019883485,77.98090696401115,47.51114619484231,58.49323810171665,62.04039057842807,male,1,5.312167797181167
2024_0617,2024,64.77677173280371,289705.97125767655,64.66020428395322,39.41545822585762,51.82466942114694,52.40978899541757,male,0,220.30214709649496
2024_0618,2024,72.41000296414676,127094.11648224824,64.91703232380215,36.73224953010657,54.474318426644004,45.255302704031315,female,0,245.9184556788219
2024_0619,2024,79.0821743083404,30365.309900285985,65.58814816208904,44.12032533606019,28.784374515737934,39.889600061850416,female,0,351.1628233173796
2024_0620,2024,101.87511874153486,979.8639353257493,46.876745070252134,45.04790633336683,31.123019041349135,52.94486880806602,male,1,1.4190675485932571
2024_0621,2024,104.12261872647156,190326.33914134116,54.847394920819326,66.38073186760555,31.948611622204876,48.82629219242162,female,1,5.27907028591073
2024_0622,2024,76.85198336942815,14889.314170649768,66.14688734570578,39.51262183936195,52.457650398549504,49.15682755985826,female,1,461.16228073479044
2024_0623,2024,78.37001426291575,121790.08041502819,61.570711986522625,36.614657687116626,29.50889361295928,52.62529517148098,female,1,52.065367685272804
2024_0624,2024,67.10354606558354,322957.70063072233,62.68212512853882,53.51784082287412,31.401897820908165,55.1938908124473,male,0,89.56816898514542
2024_0625,2024,70.80286541007376,33425.500936934055,79.0412837960809,46.927935036906916,29.56401871764643,52.697352241364705,female,0,4.131952270480124
2024_0626,2024,67.6158199614301,7922.585787610204,64.25550502606802,45.77055163720885,68.3853327331651,48.294818967552985,female,0,181.72598942795318
2024_0627,2024,64.4736066981745,23379.097644828773,51.77831782277014,53.59636246304464,39.37483626514544,41.986181959565684,male,0,2.6511672109826065
2024_0628,2024,86.95581759802627,125983.80221775564,62.069002127353265,53.36711637294533,44.50947792592183,43.872152311239645,female,1,65.69350091673766
2024_0629,2024,74.83313822432503,20467.623949763838,82.10575908992254,47.531824131397144,29.37101447368807,58.482598251254295,male,0,2.211674674869476
2024_0630,2024,76.70377553207967,7465.072020219523,85.32493971459016,37.9435389807636,48.811769167198186,45.7641376160328,female,1,1.4899610817717954
2024_0631,2024,93.43357172587102,15586.88710364055,70.95877435648882,31.319048503281707,23.02786041507028,36.53957207562539,male,0,60.71859537518135
2024_0632,2024,70.20993543384299,200843.66548000273,49.375169293046696,40.99571618709452,30.990392493091555,61.595746815122325,female,0,1.856605833476636
2024_0633,2024,100.50847394228725,23951.223216053877,73.0680493510415,41.1563505910107,31.871633527290566,40.576215077691806,female,1,25.533721747351528
2024_0634,2024,64.19995105035493,41722.359920823306,68.83697099150702,50.69205798523187,42.993092815852904,50.35247103807022,female,0,165.2566962752406
2024_0635,2024,75.74349592524769,21257.353479069323,65.2554020839024,30.01285089290237,32.853315212846326,54.91163085209451,male,0,293.3158456720869
2024_0636,2024,71.00091072828576,123123.16678192923,59.2998894439064,43.528399070647666,56.07046097297858,50.03218375537778,male,0,20.931391128165114
2024_0637,2024,78.56808393888294,112977.38475663468,61.373689561302555,46.269251416682245,45.842296508352774,25.218621042884656,female,0,48.06239199090584
2024_0638,2024,68.01353082176249,8781.45993215433,58.60285092812928,47.6034472046838,33.89017367063548,53.90487996606726,female,0,16.651494963610144
2024_0639,2024,85.51563567089678,18750.57087371041,53.54926041640976,51.98964262709541,50.796123112226375,63.26463250125413,female,0,3.7999959464192696
2024_0640,2024,75.07944152512955,851.8060612937493,83.65987835468245,48.734598065090424,35.25928859584396,57.865322279998566,female,1,1.8221188003905089
2024_0641,2024,99.49373830198023,81647.64479337055,78.82313795029695,45.32507996039561,33.28382489485408,28.76006018004532,female,1,4.376502983940926
2024_0642,2024,91.18719755533048,302776.720947041,67.15070557416689,64.44480150449792,48.176072787902854,71.27244323002701,male,1,378.51284163370366
2024_0643,2024,59.81673301627056,217001.54175882376,68.52178308367769,44.799673114541655,16.222697749600258,36.741484480656915,female,0,191.5214858543771
2024_0644,2024,109.5206587004711,81405.09202724794,73.89700890390534,66.191303675543,46.562867008621666,39.21580540355455,male,1,18.986913904378916
2024_0645,2024,88.48697726567579,72705.92785367146,88.42883558076062,44.748727505556516,33.654790161979136,57.81877593537291,female,0,1.2336780599567432
2024_0646,2024,49.26129255176545,2932112.173111803,73.72568680915705,47.83730336730203,33.639634817403234,54.52841450892317,male,0,20.06044568732318
2024_0647,2024,71.76784387345825,4487.374193191434,73.34769618728104,46.61252652498272,60.42053208792567,50.803351052398085,female,0,22.703066421231544
2024_0648,2024,97.05662554730736,17757.000931176557,70.37981013069334,54.31218608632325,33.87724802686651,44.305937578035575,female,1,81.45086866496814
2024_0649,2024,94.41704808317814,194161.87107953805,65.65576041589824,47.80151805104048,48.77826462027917,63.30856728229816,male,1,363.6711408251982
2024_0650,2024,105.15529608278433,156312.66393794792,83.82710252661614,52.96134973745749,41.99803218623354,49.6067414981836,female,1,1.766058098502649
2024_0651,2024,83.07632707514614,59544.08818045722,71.52272117566184,63.30814026595627,44.63757007400272,34.34182990375447,male,0,47.882495537605976
2024_0652,2024,72.65187356317182,26399.384694498363,56.704580459456004,58.488517897245615,38.28956657657264,62.32299949978463,male,0,8.846306258720883
2024_0653,2024,92.77103612411636,96010.39606818695,69.53866554339838,58.55738343619533,37.76679066652416,52.192849929671745,male,0,118.95556261877242
2024_0654,2024,79.36846522707577,121767.54409880398,73.37386088420813,34.580694281725,56.11044366942216,61.15006707287969,male,0,22.533430353494648
2024_0655,2024,66.48585504822077,25847.88426634004,44.04169043707138,36.19880058298887,50.12320989927808,55.72548623455825,female,0,1.2017153567003918
2024_0656,2024,64.47652405171648,111855.04158635713,55.77613207415333,50.17750922756989,35.79319679481749,73.91622746205688,female,0,6.69425703586423
2024_0657,2024,82.43341502973608,62592.57810237405,68.62764826039907,55.707379254559356,30.320321070291925,46.90029728207772,male,0,181.95328894734155
2024_0658,2024,62.07045773469558,76929.18355540183,45.75538696171244,42.808644475585496,34.943573191525736,50.16093241321219,female,0,1.3018027049399343
2024_0659,2024,65.90261720541523,32189.54786968093,47.33868834114706,41.02415136243796,50.63458260590886,57.19830643959792,male,0,1.465944874357566
2024_0660,2024,67.60428108545152,152784.6535552868,62.29538259605739,61.93843002672964,52.61049158215741,46.96207714193292,female,0,71.97004566356075
2024_0661,2024,73.55653393276151,68301.73357206324,69.91544259094943,54.8587666675364,46.36053489219963,58.02637708830291,male,0,100.35862291988627
2024_0662,2024,68.06541637038418,11668.114487664361,70.37783706901118,58.57986680729506,24.599955269291655,20.52586934012325,female,0,81.55274591081272
2024_0663,2024,56.83029103519861,43462.860360037484,80.82399552691462,43.58549941566775,48.35286638689771,49.272167441743235,female,0,2.7975666898268683
2024_0664,2024,81.62079737990763,26595.501229083253,65.82263887889499,42.79979412684156,53.861853600101085,48.97007531333543,male,0,392.9765732336439
2024_0665,2024,65.95601351214884,12.455689517068864,61.273471465394785,57.48890604663158,42.53903658769393,48.60784786511862,male,0,46.120152408364234
2024_0666,2024,110.19935268799492,164279.3103156531,56.926404138447516,49.37274139744101,59.0376266171287,41.230730514915535,female,1,9.53529331014676
2024_0667,2024,73.0399000725984,17574.787948032597,61.15372383572964,41.89142970607963,27.56387402779291,59.06122838546299,female,0,44.42267334416996
2024_0668,2024,82.6720748440216,24398.297879987793,72.07529307996727,38.86803563614785,47.66177135487869,44.955551762280635,male,0,38.4266027622833
2024_0669,2024,76.30861514180792,7278.592997253364,72.52722203487119,42.887048603604185,30.577381988200738,52.00274400071986,female,0,31.896618466914486
2024_0670,2024,83.15056271456626,27919.229884023833,67.64619006728492,56.75083551458676,51.406589922806766,49.62836360285645,male,0,291.1242057525469
2024_0671,2024,75.70338996264432,48059.02738610383,70.47114935294717,32.90335143272047,46.94086577452509,55.00364207853797,male,0,77.28500868650357
2024_0672,2024,72.35168833991807,74250.11068195313,77.76383559074591,54.290524683439266,58.84958528396254,64.30960798903887,female,0,5.740234137472496
2024_0673,2024,100.93234091856516,74754.5746445947,70.75271843119958,44.91781241253852,44.207080078896404,51.951038552133674,female,1,67.27239673573158
2024_0674,2024,94.85972114592053,92889.30229315475,78.67318837750234,45.89699605213056,36.751859699034675,58.41397026381493,female,0,4.504153630288483
2024_0675,2024,67.30203061395125,11263.132773151625,57.73353160700654,46.53754419382644,35.8794764715413,51.448701718395874,female,0,12.47529139897445
2024_0676,2024,97.94926987725015,96935.75227726008,69.26708955459509,49.792551283626885,36.69322404505214,44.9399180607351,male,1,135.30073939260706
2024_0677,2024,69.94755077489852,157362.4976697592,60.191667701395794,45.12872370084531,35.68254510691696,48.58442463440059,female,0,29.851945094188103
2024_0678,2024,75.06059020493035,24132.92563035027,72.92705131739008,43.55644066158803,54.2980318878898,47.16457618577188,male,0,26.94371336963822
2024_0679,2024,70.42158557576533,34465.12022181346,54.85515553408551,42.28574826058597,53.581895533152455,55.68162131919535,male,0,5.292284472476325
2024_0680,2024,48.42257114289597,274016.33689210855,61.78234524496509,61.197735469654724,25.804394201677642,51.06652042269184,female,0,57.32575504722448
2024_0681,2024,67.99813282261823,140600.43621626904,46.40323509177347,48.25049316069928,41.184368633688116,42.05735417437998,male,0,1.3685475568874783
2024_0682,2024,99.99555072808535,3006610.8953777286,75.94376085569861,50.740517067750524,39.82616499833746,47.78037735886797,female,1,9.583089166764376
2024_0683,2024,62.347933767314295,170634.84899552356,77.46790275725483,41.55347277647914,32.97142127635751,34.74083300923914,female,0,6.141076177444939
2024_0684,2024,99.20946443071543,767.2577612299241,79.10707951300097,47.92056178869318,43.59126492057992,48.15396811349582,male,1,4.0551999668446745
2024_0685,2024,71.83609164390344,8825.051481729915,73.12627613469778,41.58828791638632,55.43772539503659,50.01305867904249,female,0,24.934440489860176
2024_0686,2024,88.08509469145791,144510.64713224312,78.39400395979949,59.65344171914501,48.13592601921173,68.08448200385939,female,1,4.788657017587278
2024_0687,2024,79.05815385283368,4685.540817625017,71.99693828436506,40.46400913529073,54.297625257198874,63.484520608444754,female,0,39.99482217059545
2024_0688,2024,76.81031543564262,7121.15495154725,71.14395622506079,25.53754128351786,33.60095216769269,39.659254023536164,female,0,56.401739487197695
2024_0689,2024,74.20547071198035,25088.99032138186,71.78913457628626,48.583080374648866,41.165807883122014,52.017694193317794,male,0,43.87084603329354
2024_0690,2024,80.15900202780414,105001.09567117474,58.44317870092441,45.206091724297906,33.12821025375322,52.19310314122081,male,0,15.701401878622372
2024_0691,2024,72.03098319588581,132740.68154194948,62.998065564801536,42.14211783192698,43.19908930721727,47.6956264723521,male,0,101.87534927281915
2024_0692,2024,53.553339670109764,27464.575692259845,65.70243260708513,57.115561199476964,44.101098109254615,48.333114751187836,male,0,371.0177851989261
2024_0693,2024,86.21879126867681,26715.46124901292,66.64294861300486,24.66480396951884,48.81757681411709,46.46050256707804,male,1,478.7842124604758
2024_0694,2024,51.95597577220134,1124.3556897439648,49.3369036396516,63.7624406496989,53.9611883755465,68.72708486883306,female,0,1.8496565995583272
2024_0695,2024,76.57364826208634,185432.88525513496,52.64991013106062,58.54677760447491,47.70355118273653,45.83815746566056,male,0,3.1463718645907757
2024_0696,2024,98.96199839292967,5824.337010912684,72.29976115023474,45.719467368051816,30.581097974334376,53.40937143599268,female,1,35.119270608480214
2024_0697,2024,79.41702242133042,73057.01420717973,74.05775908721918,43.49215728316998,27.251229402471335,24.709698662708327,female,0,18.17414536944306
2024_0698,2024,74.89094699229804,23592.04818223628,65.09341909159707,53.04386951462689,46.01060070766741,58.23568383399856,male,0,266.4002827394653
2024_0699,2024,99.67925129389299,276284.86528172734,97.64821861854195,57.31215989840998,54.23522151078935,61.84254807252436,male,1,1.0176540221507617
2024_0700,2024,54.23396661732539,13160.079000016187,55.8023756984473,41.66118142428439,40.55158539177621,39.47969970899378,male,0,6.727812138894691
2024_0701,2024,68.92433078205713,215413.24682805105,69.44942142065698,31.8322324613574,25.495516507427148,44.88113249911581,female,0,123.81023122373564
2024_0702,2024,55.85084011191785,19257.74550507737,77.91202610649442,69.13692721202004,61.689254686214305,54.5150352012638,male,0,5.433046356893294
2024_0703,2024,66.41670387194111,263872.2035630066,75.65677121165578,57.56124049935551,45.70383359261767,50.19460694412447,female,0,10.737582815324224
2024_0704,2024,86.16251735932757,37598.54682147849,71.55066861774618,49.5685302829435,42.51483799081225,54.663695905192235,female,0,47.22861694127472
2024_0705,2024,80.93237182354694,25331.116166444663,75.7025397384211,49.75775249240044,29.0969290669161,47.127589354252315,male,0,10.564507142962611
2024_0706,2024,96.62285406474422,835.6278796934281,70.553943476577,58.213170284965216,39.36248655341244,68.63265387051521,female,1,73.05773361407037
2024_0707,2024,68.18379771399357,18659.025725001342,81.6288174482055,55.4106328604501,47.68257930519944,43.302598678609904,male,0,2.4229843914855502
2024_0708,2024,60.06405215554418,5698.429510971456,77.83159106354262,27.13633322512032,45.84026761994654,76.91574713048216,male,0,5.619541067589892
2024_0709,2024,71.87027683784429,99933.7387634726,56.47772399289453,44.49128020634673,33.98753097591262,62.41923917349136,male,0,8.186610877909411
2024_0710,2024,81.10675831822307,83799.05394155045,68.21567937634387,43.451700437956745,40.228205864765854,58.321152873843225,female,0,221.12983108564455
2024_0711,2024,94.09871489259234,39865.619664727325,54.52703370473147,50.385653414980176,33.02761284559161,39.595223656426995,female,1,4.836783820722804
2024_0712,2024,54.14309210815438,14202.64334150271,80.2178897323571,55.707939431418126,57.47489906062185,59.096823836949724,male,0,3.158192909689767
2024_0713,2024,71.04610897115835,11826.22038153742,67.24231441031735,30.099198025426887,49.766637265933845,56.03938430680615,male,0,362.30992791647856
2024_0714,2024,50.86671807933652,3581911.213652571,78.48772844067012,34.50857614436623,35.54616461663159,28.803895973270738,female,0,4.693835255560133
2024_0715,2024,98.04183833106008,222736.9450150102,68.9064249523217,45.182549634643735,27.49193401827254,35.953996927787756,female,1,159.57276099620393
2024_0716,2024,63.06992251933285,131677.1369180738,46.43732501234689,49.543451264665606,43.58370712395724,53.57627926415497,female,0,1.3736892448653508
2024_0717,2024,77.76878600147067,20983.380304079845,96.3736754106999,60.321256133403736,34.26196975503288,48.6670027833419,male,1,1.0291672704933499
2024_0718,2024,78.17930662732203,18243.309257158468,66.3108854718724,64.31323419561157,36.608567229699894,44.83521790449169,female,0,491.5187070488774
2024_0719,2024,75.59377837183986,28342.82251848115,54.997913765982005,45.13645800115651,29.425154381724365,60.78949194455462,male,0,5.467109232227613
2024_0720,2024,72.32398962414211,741044.8152715879,76.45762288390888,56.30480909624985,30.66568458029214,41.16220711580675,female,0,8.084915164305059
2024_0721,2024,91.9170794715105,61909.44779368773,85.35857281244296,55.1016247826575,42.42995492865646,45.447590569839406,female,0,1.4880997939668141
2024_0722,2024,76.34999836255956,22907.713690202578,62.975618255429865,53.4166915107013,38.12587795262293,43.529702119830446,male,0,100.73567428528904
2024_0723,2024,63.55043070072633,2848.4663988240595,64.00757589273029,47.757190601618,65.81507414792735,55.10169257879728,male,0,161.98439444404835
2024_0724,2024,75.19203867484941,200253.37520576108,67.3804623471158,44.004680615594964,46.75441939533148,32.80541800178991,female,0,336.13067565668047
2024_0725,2024,67.13922656603557,107954.16927614117,53.890293684479,37.34600669397387,29.260014282251625,45.02328148149596,female,0,4.178699191923246
2024_0726,2024,102.66758821897002,89835.5212821733,63.0933255041863,40.68407133878277,23.812924844968528,32.772347793373136,male,1,105.5041195477769
2024_0727,2024,92.80977206830428,30062.18203275695,87.81925864365022,55.47081823498005,43.189677314354164,46.87124524758105,female,1,1.2649087687328917
2024_0728,2024,73.79923286800448,32643.610903368757,63.67793562100485,47.45577489718086,36.82339171083529,57.2304900975752,female,0,138.55259488443917
2024_0729,2024,55.576315898047056,42276.77122661624,56.6244302197479,43.84492622159814,54.14137899403664,57.40896495247111,male,0,8.584858397177893
2024_0730,2024,90.61351619502952,255213.51243742133,65.47958103636725,58.648086262968086,42.0242756613686,42.7240166723253,female,1,332.3703967833132
2024_0731,2024,69.4373414573474,1269.3932524734971,75.72823687330134,45.995108329112256,20.935146496862778,55.333219529159294,male,0,10.446322472849978
2024_0732,2024,79.75786544789449,9467.015893873611,50.24103114875061,42.86820846214771,28.985368529856334,48.14836577755061,female,1,2.0647310999664863
2024_0733,2024,67.78498513611154,320311.10254129756,67.54649897353849,45.33501930969817,34.033673798808564,63.61084973078408,male,0,306.81654632568853
2024_0734,2024,94.35752443584079,22934.771875891765,94.62218745042462,60.206298472079936,43.629210122449756,48.70037138526051,male,1,1.0486462011212851
2024_0735,2024,69.95650400655987,16264.4373056256,85.31062627289029,37.76486747824082,30.251420652915563,20.269526377167786,male,0,1.4936906444871387
2024_0736,2024,55.87900308415966,47590.57850065544,70.73202780818673,50.09276817537543,42.331232291464936,58.94681008710973,male,0,67.9484955630781
2024_0737,2024,67.26783166803057,3790.3419646543084,78.16442610043981,47.445742556061155,27.411778791451614,45.40900800760911,male,0,5.084771030145077
2024_0738,2024,65.31975210960125,44328.6046669536,78.06826284796276,40.39190108630546,40.8619778981641,47.258000478505664,female,0,5.206979827179849
2024_0739,2024,71.93513523031183,60153.34302828442,63.741479965109015,45.06647812960509,44.507660364171095,53.35923472240501,female,0,143.12952649867182
2024_0740,2024,90.85532561894422,51878.27953182232,79.24793803364307,36.28316991221345,53.844333379926766,35.752920869252634,female,1,3.930434580313227
2024_0741,2024,65.88386937888153,16460.912848875952,82.88583018787357,49.096401941573326,43.26066574452376,50.74653574878649,male,0,2.0137527074704766
2024_0742,2024,65.49336556576648,65517.11669144048,52.36237756875869,34.35267016602641,32.616316059007154,55.344969948855166,female,0,2.944679551065524
2024_0743,2024,70.672225879845,234295.90375711763,70.76650877481596,58.7243721722279,55.75991097132074,53.64064189463069,female,0,67.02059766630471
2024_0744,2024,79.62976754986563,654906.7277245104,68.61475448088552,47.080275769658115,38.964556077197855,44.01068748966579,male,0,183.3230688683128
2024_0745,2024,72.78640522708186,165.37468436570256,66.03164484974211,42.281863434307255,48.55113901637649,59.919319635212446,male,0,440.3192359111989
2024_0746,2024,84.23069325290714,82576.5259266358,65.1463330566538,59.605593280564534,34.65878437287515,40.02504050754056,female,0,274.8567354723403
2024_0747,2024,101.33190978841891,209625.4227469874,72.31669972530429,41.68151155775232,40.10959816412199,43.74478367621666,female,1,34.9441125155826
2024_0748,2024,104.96682496209152,4463.426725021747,73.15572197849485,44.52317094164662,31.171295295528992,48.639985644728554,male,1,24.501883692418822
2024_0749,2024,83.68627651803055,122129.33147925034,76.18615292863178,29.707533379683543,44.02904475259907,52.95468359271849,male,0,8.813194733163659
2024_0750,2024,105.62949516740723,375227.71967502154,74.7651466322718,65.09506304332777,47.25435751353945,46.75456681644008,male,1,13.978214353505635
2024_0751,2024,58.46857189528766,15531.053224340774,63.22123405323628,66.72865696593198,35.84211125924397,62.285868990015935,female,0,112.30855065161592
2024_0752,2024,76.47426277910468,134053.85803069107,56.60078542508971,31.26406021807941,35.27890064774552,52.95286213601152,male,0,8.510068568875486
2024_0753,2024,102.18320552863896,1499810.0503179913,65.27557482172962,43.84227559383334,42.7753185490089,50.75657963699868,female,1,296.26371892952534
2024_0754,2024,103.99027321856619,22553.03172085156,72.61166102879031,52.69813581508052,30.93333998080252,52.601361591231715,female,1,30.992647533014008
2024_0755,2024,62.29281186986047,3846.8657609071047,57.939292621176726,42.84305862991347,25.59020425289844,57.329059309617,female,0,13.263289089968042
2024_0756,2024,76.57380524931438,47059.764252321605,74.45877088714622,47.68684993857102,44.339028112380376,52.40774893141017,female,0,15.564613932184574
2024_0757,2024,70.75203064950419,194911.0702543439,69.30055140672856,46.82402058289692,39.720874290268256,31.904831668509182,male,0,133.11986993211934
2024_0758,2024,88.47060233007612,5466.529040379378,76.4352742005701,52.075518601783045,39.5088288977654,60.895088640288705,male,0,8.155968577339756
2024_0759,2024,56.12708375605549,180315.0592877465,58.611807790329735,38.39034506046053,46.02112555410402,51.19675208076098,male,0,16.714055297035983
2024_0760,2024,62.307104185771344,1234103.0795085593,56.68932335351751,49.926596502442436,47.42071853135272,56.84852807221746,male,0,8.769238741053064
2024_0761,2024,71.89366175037655,3730365.463739639,81.36057226267665,40.83872577090803,37.586761046296274,45.94056473966841,female,1,2.553589458062927
2024_0762,2024,71.44616287033082,413920.09756604803,66.29953956667553,43.88142083968427,29.550852558994677,31.732834539130916,male,0,487.8461062144405
2024_0763,2024,92.63840269269652,244986.82324380963,62.9748287109811,30.63248672489979,34.401360232225116,27.210903801256634,male,0,100.60983335939666
2024_0764,2024,89.55658381466708,9963.476280092244,76.98660495652396,47.95451808548431,45.0613385832632,40.5563221064223,male,1,6.855148665899178
2024_0765,2024,71.01033322524255,105345.5631233809,71.61449238645727,42.27262417092025,42.166754687718715,55.172942368575505,female,0,46.00499603279007
2024_0766,2024,75.50238770623204,11894.6705058642,52.44236263266708,57.43579356738662,35.29141115511005,62.97890954964277,male,0,3.0041660239464334
2024_0767,2024,68.8370951499271,84304.31759665869,78.8464512308609,47.407399276803986,32.940447411932055,53.01971225275917,male,0,4.349235141062741
2024_0768,2024,93.6602601914408,18637.642135866474,65.89593056584626,53.22503233103817,45.39058455876439,39.47772590625836,female,1,407.9929929032737
2024_0769,2024,93.92211669327814,12608.525573086454,87.00018047741905,51.77547971502818,36.97904289626821,42.158758563563524,male,1,1.318177367179488
2024_0770,2024,61.54443347906473,1811785.0330717065,51.66451386436337,26.708911555941178,48.3422221232968,63.607830986511765,female,0,2.598670582919522
2024_0771,2024,69.05953288450331,71286.9039695689,68.17398882480312,28.030537398283318,49.61094469033438,36.8921912945845,female,0,225.87912250203328
2024_0772,2024,97.41932926490246,62295.4071892211,68.14378799061524,48.81322366619195,36.06534570214245,71.01772881514363,male,1,228.72033209846614
2024_0773,2024,99.28576116563096,93551.92152490318,50.24765323565816,54.78559988173806,48.71546779805771,68.76037525824628,male,1,2.0673136275849395
2024_0774,2024,82.98501656194276,162218.8959774515,71.58207978051664,45.651348072798875,42.186865739708566,71.34722069869885,male,0,46.46735392962611
2024_0775,2024,73.35436066782793,16828.69433067167,45.76062973254994,39.3594102506655,43.482937540592076,53.80701487484444,female,0,1.3034309757783689
2024_0776,2024,93.55785711244441,124419.9333775481,67.08333139032975,49.59686880634297,17.268734066978194,46.58475182401506,male,1,389.066390997287
2024_0777,2024,77.50184865214625,302729.29862638103,76.04275477716187,44.729144659556056,31.071368590798983,53.56346266151536,female,0,9.230377989948332
2024_0778,2024,64.05229786428691,14561.781317823761,59.69964022704961,55.790032488823734,31.614722473948046,59.085849510519424,female,0,24.37968003768441
2024_0779,2024,63.64220948010838,130125.95050133202,55.9626584848448,55.23019981865805,37.60707968151623,43.49224094209681,male,0,7.002379360903931
2024_0780,2024,68.75202142345601,40010.06666493641,73.00356470562011,42.46585472356363,41.94579709669085,38.98796762173839,female,0,26.049537142518336
2024_0781,2024,57.24982300445896,53153.29949249548,62.504819494706005,47.500757461507895,42.35560825691056,47.16063505969337,male,0,81.34911868612235
2024_0782,2024,74.0690077169991,22586.559574687155,60.94940305310178,50.761992861924085,43.663184406848345,42.27692222467633,male,0,41.2643941086108
2024_0783,2024,100.49082036168264,26115.681181078875,82.74992477169323,56.24644395440681,32.33685519551297,62.4088647865036,female,1,2.0390825983162153
2024_0784,2024,62.89956355161646,14670.348552898102,53.32721264845423,64.52598090790443,47.72745689702388,43.83570486270685,female,0,3.6011383362721756
2024_0785,2024,94.35149189885271,10203.43082645409,65.40392744529578,51.718523686583836,57.329070204386944,50.956414665973426,female,1,318.1426922806178
2024_0786,2024,63.70868949058006,117626.94521844677,73.6644701106977,59.687448042065185,37.259684627759746,59.830405206078424,male,0,20.41459323984134
2024_0787,2024,59.83424498005074,48229.096678896865,52.68052644490482,36.39916922356397,34.15004496231484,62.7984231034584,male,0,3.166098269546439
2024_0788,2024,110.55561043759667,2851.3535320634596,87.75347159736194,45.623261754492894,32.33297512441305,52.08559281854721,male,1,1.2680749967907192
2024_0789,2024,79.97766863982758,28083.129021606463,67.83152514933228,30.64175582988638,40.05638762183553,53.84296236613252,male,1,260.7990011242214
2024_0790,2024,57.20680681912155,75433.058266829,73.74527381412365,49.513065400097354,35.5318536416777,39.830093724965245,male,0,19.935458892369443
2024_0791,2024,72.14715397055313,24973.4730014731,73.72435178022542,54.47523954858833,23.462109300906235,60.23056646923904,female,0,20.085536923187668
2024_0792,2024,72.68521478460767,843225.9751642568,63.477120760375726,22.44614890253568,26.203346238034246,62.63523242297267,female,0,126.78592065571748
2024_0793,2024,96.6723214118994,209010.7167903114,65.20987888153441,53.8828636759084,49.42230519746379,31.296469275808796,female,1,288.2274715056677
2024_0794,2024,90.01228053509907,413914.5838425595,64.57035438045804,54.04210347231845,53.643576282036214,67.62945820535622,male,0,209.5578845988706
2024_0795,2024,82.2287018480537,149491.1858573623,77.12684247490375,57.472375963384394,55.23089367133891,42.99340533129685,female,1,6.669200582193397
2024_0796,2024,64.215631620261,49982.93182669025,55.13575156039142,36.041388799653525,43.06757047656935,55.946308881352735,female,0,5.783447741956774
2024_0797,2024,86.08805497306857,85739.05937032777,52.967414112688964,55.73119973092248,30.871126810302805,50.77561724815888,female,0,3.3745095660416906
2024_0798,2024,79.39123765505785,93472.01527158375,79.84202721753623,48.093044973853985,36.411078185445035,49.39624153889424,female,0,3.416955671091553
2024_0799,2024,78.00081337761732,33366.639074173094,57.651449295671036,53.910376189165156,25.85629589750192,47.93482021723136,male,0,12.182493960703473
2024_0800,2024,84.10131304492681,22751.00564278973,73.54083882028402,50.74142109152972,23.870482264789423,40.074366679764445,male,1,21.247728594781965
2024_0801,2024,81.25888220412251,14932.343779516736,62.97795791100897,51.81037367055462,43.35773235983852,55.23828010647978,female,0,100.86167261069296
2024_0802,2024,98.03182820181036,261204.21620727715,68.42134388776587,63.09235800040778,44.60089572505833,47.13955331244316,male,1,201.089483392817
2024_0803,2024,71.89537268119365,28512.04513178325,79.30389721387645,45.959779458975845,60.42290302837695,36.905776786756086,female,0,3.8381865405999447
2024_0804,2024,64.15072189766508,23871.69977211816,64.14830812242477,50.84104808896709,39.96740236661632,39.64995311550964,female,0,173.94688604490895
2024_0805,2024,91.06695554388445,90788.852489789,66.43173871782123,64.4976869525679,25.594495195727877,37.07553736308616,female,1,516.0739143049271
2024_0806,2024,86.48486888483272,8067.875061499029,62.30284363725107,46.667698351902416,39.57835775477457,44.75409449697982,male,0,72.24044000732538
2024_0807,2024,59.0603224739632,26555.982215270767,59.96541580922494,36.74603834582152,37.96975882488372,54.85099308432359,male,0,27.2485415888011
2024_0808,2024,62.0020093193653,80569.84283290521,58.29909307374956,54.76043124155994,35.87785859847956,42.8888194940112,male,0,14.861143680165004
2024_0809,2024,63.72197564929335,314671.4841078864,60.0055313708412,62.34877610609374,44.24437066609824,59.75441556736622,male,0,27.625796720966274
2024_0810,2024,85.89178843990256,387.4130964918284,86.63210112888615,64.88783512817561,27.030985258357607,48.80785520582637,female,1,1.3532376764211722
2024_0811,2024,69.84263313478974,158739.82453892642,72.11488827060425,55.149877663288734,42.10982875691613,47.105950781586294,male,0,37.712816617181744
2024_0812,2024,79.58571028201906,18007.487377183006,61.54803451140327,24.558424159082485,47.32866392250917,50.16765430296069,male,0,51.48291473967791
2024_0813,2024,74.61414114417462,318437.32672175416,74.81655634618822,41.64167273003689,55.025772457724266,63.95154931756322,female,0,13.787329248665818
2024_0814,2024,70.60841050503429,13968.713328451831,49.1280619861263,42.153995123411974,43.9099660073401,36.28661308057693,female,0,1.781578911395058
2024_0815,2024,92.76993475080346,100070.2211029926,83.7567835171567,52.44868391828119,49.652066914203154,66.56366971419145,female,1,1.7838072774729488
2024_0816,2024,96.23990960363179,111327.66013212808,82.95155769826923,68.88264834440672,34.752161676132935,59.60160108924635,female,1,1.9962092358990955
2024_0817,2024,53.182940537704056,105609.44164337005,87.36334014023642,37.19458366442804,37.75101145372616,49.783435049626014,female,0,1.2920757064923258
2024_0818,2024,80.715841917546,95020.14254354713,75.11551439078657,70.4220208859643,54.30542735298072,61.830256847701136,female,0,12.679670970833877
2024_0819,2024,61.735870571135976,158906.09973172413,69.37234543865172,44.17672036725758,27.056724061862564,46.77527147925687,male,0,129.02420210737824
2024_0820,2024,85.56489628822511,190046.88613618576,82.91140384868149,44.33098686526555,35.16053417149916,52.85678375326975,male,1,2.003709073941175
2024_0821,2024,73.40435321703586,112975.09747685894,58.74190568626403,56.452047123117886,52.10703199339417,44.58585492458267,male,0,17.703281183529214
2024_0822,2024,69.24594171996083,60445.90444929473,61.0458350829785,57.24304266824126,38.68466061817984,59.664751638852934,male,0,43.16370585986002
2024_0823,2024,74.8693044109334,29148.902130190967,64.35755181546561,54.49946911023734,37.93826764065003,42.927443947643326,male,0,190.80462523615316
2024_0824,2024,91.41827918456406,37949.53246790142,83.68881530900393,44.30544533193995,36.54137219200355,49.486322109982595,female,1,1.8130309449601565
2024_0825,2024,67.10667712938378,3115.7068533637785,56.441216472177665,53.02028127739073,41.9738607839694,56.79138818325196,male,0,8.145779985814427
2024_0826,2024,85.28758169376282,23722.91125674383,55.37938302430341,37.66442256099342,51.68256009603079,60.481896414881824,male,0,6.079971448520339
2024_0827,2024,97.08065532010136,70935.42253812967,72.36538078207016,44.027541360197915,48.460799813598605,41.78844958231118,male,1,33.95377361624754
2024_0828,2024,93.02117325135619,90618.04188852776,77.17530497075866,51.051298358957425,39.31480155981959,57.53138235120366,male,1,6.561701865328531
2024_0829,2024,76.92519840859367,238511.58886049187,57.969194240599236,39.80036400098898,51.74573344625777,40.180149188738206,female,0,13.363137722474674
2024_0830,2024,82.94670507292504,6240.333242924904,76.70417952771933,62.527482478786325,42.62476549256396,28.49669174391071,male,1,7.407551849232652
2024_0831,2024,91.74771741816684,351351.5588598042,78.68399342050404,42.218324680904026,49.408384081564726,42.51936352769213,female,0,4.4816890703380645
2024_0832,2024,59.12362798916862,32946.89589577964,77.00461693483525,45.79543781718901,30.495737869588158,58.346599760763176,female,0,6.8209584692907494
2024_0833,2024,71.13168658293401,23487.433991919628,68.53292768528242,39.198017183259836,58.22029838899929,49.87783121022153,male,0,190.32820944094007
2024_0834,2024,67.1357372138226,69474.71579469851,64.09402251111023,58.37609811421666,43.00653480253719,44.65002028243807,male,0,167.75423140422853
2024_0835,2024,66.75585624572952,988864.9334352015,82.35623635647414,41.33873025650307,15.0,50.55478323491008,female,0,2.1516822972251552
2024_0836,2024,65.4574324368524,30242.41106132945,65.15403994491452,59.42011102744753,57.42846227816295,50.22399673016755,female,0,277.272284523134
2024_0837,2024,62.28289999001498,87622.2924934325,74.40354619615205,58.685435852822515,40.85065041073083,56.21898548864326,male,0,15.958634009794029
2024_0838,2024,81.8834220480812,507011.80490137736,84.58281479185577,43.54059049054751,36.83715050926304,33.88290075574352,female,0,1.622146058441362
2024_0839,2024,57.952972054171155,2079.523344172947,73.35268079629934,48.29667808261015,34.73105568682426,48.97647043165482,male,0,22.67470531758763
2024_0840,2024,79.8356389868382,41235.03149214077,55.029087670929876,43.262910234320486,45.20380872271437,51.24277271541524,female,0,5.549734007315464
2024_0841,2024,76.48537734720982,34060.71014039908,52.60977218691713,53.45721995256977,31.89834303224836,36.346298361457436,male,0,3.1267683651861553
2024_0842,2024,66.19108868320654,119950.07137462439,62.023705799369,46.055286886710995,35.01939724403926,36.20917578765364,female,0,63.67232437760432
2024_0843,2024,75.32607283793853,315851.2829591804,72.09499123458225,43.82519336227235,35.26016139980688,46.35291581017611,male,0,38.1871854534618
2024_0844,2024,68.42100982303425,74826.39211193987,69.44785866844013,48.46179163240047,37.87168462210358,50.085242832701255,male,0,124.1201440313917
2024_0845,2024,58.98993661490648,1857947.3763625594,87.07082065463673,32.17784236474123,35.63761333768675,50.1204602505553,female,0,1.3099644507332473
2024_0846,2024,59.09566345329094,692855.4025295972,69.35056287761407,47.241517551949215,49.345197599181716,44.43651518656755,male,0,130.64712678115484
2024_0847,2024,76.5544151646969,81150.34862558961,61.72558783249366,54.4961197013938,43.51604429407295,44.02665407032876,male,0,55.910377112066236
2024_0848,2024,96.03570323685022,46618.75099862876,58.6665789689011,53.38054380261169,43.138228118209724,46.04823678520731,female,1,17.05170161131741
2024_0849,2024,72.4201141431922,17666.626031867243,76.80437377897344,57.516565657248655,46.91823417944322,52.985217613487436,male,0,7.197617007079624
2024_0850,2024,66.08483460659494,1039.9686095081745,64.93938770791749,44.227019121392246,39.86719541293967,62.44621006793318,male,0,249.01172905652567
2024_0851,2024,68.09568466368978,64996.28592161033,49.93860231767268,43.40709287673746,30.57650052217929,27.7960311355588,male,0,1.9987060576324456
2024_0852,2024,86.74446842835974,277266.723365732,70.2226060291527,40.82680996023834,57.28782824335636,56.230021213018254,male,1,88.23467267565151
2024_0853,2024,52.53055864823133,8723.895802204072,55.04261888872993,43.94255096451274,50.093897239386706,48.888483388065204,female,0,5.59151348958771
2024_0854,2024,70.6125325025628,41963.65079887623,60.74362489650184,67.6589262496437,56.96052667963455,55.25722281098835,male,0,37.431028518802286
2024_0855,2024,75.224548612095,3615.3133373500264,65.06191976442666,50.75543365186452,51.16607497803372,61.85543337260989,male,0,261.12520370976847
2024_0856,2024,70.67608798778205,261181.4305299842,55.94821951665009,42.144637842017794,36.18707853326787,42.448739241834254,female,0,6.958750970637272
2024_0857,2024,107.69149172019202,148466.6502227439,65.12375831043643,41.938580619329336,15.673261057944767,59.443046778972466,female,1,270.0885855994988
2024_0858,2024,59.954378551700195,4050.2388464848423,57.55880165886681,32.01469274234078,28.484453816211985,37.459571356720716,male,0,11.690189666130927
2024_0859,2024,63.3889628310628,216.14083492069426,57.82710803679765,39.69606430592682,47.17795090801653,51.275992327672554,male,0,12.855220584464531
2024_0860,2024,71.3301899568367,12834.374687005731,54.919794828684395,55.59193508538641,39.78048584824826,47.57483230664017,female,0,5.338795149073176
2024_0861,2024,72.43766810192432,402420.4942914903,60.17235435396877,43.72968226758037,36.593104413664236,50.462794680073884,female,0,29.554913277590217
2024_0862,2024,50.987913749737274,846508.6462926633,56.053015582260464,38.41828251857429,15.794553913453504,40.109657151505,male,0,7.152772186827802
2024_0863,2024,76.02697999875603,25281.424928947265,70.86584115975845,39.51816215965759,40.6684648122723,54.368834560502016,female,0,63.59278369541556
2024_0864,2024,72.48316839555599,117376.49940789738,67.00800053530291,54.49480799939932,29.96057892647194,65.86287265514781,male,0,404.43862724269957
2024_0865,2024,68.80607056166909,148146.20969178883,81.94715224990789,51.18736924618372,31.941686540725463,40.28143129183621,male,1,2.2904538827478285
2024_0866,2024,68.83290731115078,55728.205598999404,83.86703390437603,41.727955857898905,49.31804305090931,51.89645521663223,male,0,1.757249846989435
2024_0867,2024,61.914584780613325,19038.501155389575,71.7732501392177,44.916116304454285,30.487997620078218,58.558731210790135,female,0,43.98066035908906
2024_0868,2024,65.46676735686209,10281.072482608251,69.49587024633308,70.05883125547427,31.444433160160614,47.0325927183455,male,0,120.90438178305432
2024_0869,2024,76.61899215322137,57586.93063248001,77.40337272294893,64.19623074205644,41.0595148806494,63.60392921556657,male,1,6.226099168396888
2024_0870,2024,94.16188678673572,45273.90975849706,74.66588817002159,66.68625329669848,47.94106815796536,45.70311658581285,male,1,14.403914357144005
2024_0871,2024,87.61776380570225,8845.188835313811,65.50199345426591,30.478960543702854,36.7648869280239,48.83705296801205,female,0,335.29139850110687
2024_0872,2024,72.65023574170283,376256.7813615867,64.70674193652602,46.48897722163059,55.50149835832953,40.06845803573429,male,0,225.59694999346485
2024_0873,2024,48.406158982363536,2298.0387028772166,54.78330035937968,41.552109008491165,27.987734837189894,51.26590357069789,male,0,5.135873828582772
2024_0874,2024,72.85596037332799,1396.2492169605498,73.38919554304839,53.43840195833846,26.23036288190374,50.0302294549897,male,0,22.449088229989016
2024_0875,2024,88.05361207800965,6509.528756933039,69.6870519014167,62.598068784522,23.77635429718173,56.35901244844867,female,1,110.36024838211449
2024_0876,2024,78.98987465245897,172618.9853446052,84.49518974290642,55.2642621292004,22.64511868060748,43.63793959577706,female,1,1.632316219955379
2024_0877,2024,73.53623831391027,7703.911246753532,74.15135903585316,39.27529957340541,44.17222063090436,43.18004375449426,female,0,17.571003237004508
2024_0878,2024,98.79764728127356,4396.211747980841,63.74048377724023,45.38986662002765,29.402551019720494,54.62492117899981,female,1,142.7721495896951
2024_0879,2024,63.315065181068626,624.4147161771438,77.46691046898755,54.20570866132854,26.66987251423082,63.971904900745635,male,0,6.156448074753992
2024_0880,2024,73.5626718918811,427.3578747610398,44.39258043496424,59.20073173209427,43.00556288525877,56.29010247630984,male,1,1.2305977168400923
2024_0881,2024,69.8832776045713,37268.701902860514,89.30225744957812,53.40952372437404,47.45597145685099,68.47412248611145,male,1,1.1823452901849218
2024_0882,2024,63.34314906414678,17685.735333204473,51.61554722250335,49.297909193895705,51.32960113709229,55.55307471221953,female,0,2.585709659315846
2024_0883,2024,88.4449653074019,363692.59542720387,74.9511217917087,52.501225357685506,47.970350335991135,55.192928558543684,female,1,13.246720336234059
2024_0884,2024,64.83994436362521,17095.64849869909,69.27416166147528,50.690965577472305,31.600603270253252,56.792928806699194,female,0,134.79431176515595
2024_0885,2024,63.16717907337618,39315.86190999418,76.2371686184175,55.15960975171812,43.566431463786046,64.88170755779163,female,0,8.681983357686347
2024_0886,2024,75.67899527128155,392717.9155963523,61.71303192695588,54.301657072365295,45.77865320547209,62.37570066117186,male,0,55.63152294287483
2024_0887,2024,94.62826046145925,54474.8286871537,48.54481528137944,52.235854338834166,34.44166988420729,39.1512176689123,female,1,1.661133166659519
2024_0888,2024,71.99593402760192,100822.17324376862,61.72712088619444,47.50950582672664,42.45081608112524,58.00581887610071,female,0,55.980308781644155
2024_0889,2024,78.16487784344106,852162.794472906,62.808376975003426,47.127016909302434,28.258785335783934,52.653565057985084,male,0,94.1604272094068
2024_0890,2024,83.43692647204682,78898.23262776023,49.50807983382696,44.19669355800236,32.911446235536104,48.059649841110726,female,1,1.889382393986066
2024_0891,2024,59.05440764941432,15276.971448087565,65.45371608960738,40.06971850668251,44.52530880199259,32.2707084454258,female,0,328.6521839819514
2024_0892,2024,64.77666325772628,7119.9880544109765,54.24148511335454,53.43956274803111,55.90557739655889,34.598390897397216,male,0,4.538061779129503
2024_0893,2024,64.08697228318229,2711.201879187795,71.49085103093454,40.871311136054366,52.337424925484825,46.35532779886901,female,0,48.24296432238511
2024_0894,2024,49.487105439529735,5337.912488974963,62.53920264173486,56.13933867913024,47.42180194689787,35.35408491565256,male,0,82.68184090610822
2024_0895,2024,64.54431360453029,98035.81471874817,84.61094885519734,47.48657288964373,41.59859438852325,46.56243181246086,female,0,1.6160744021928934
2024_0896,2024,81.04850555182225,36746.92431480732,62.43821343159518,56.19595258435163,40.046190259987306,57.14341252761957,male,0,78.64939994177693
2024_0897,2024,78.00853430617862,6613.6477897690465,69.30391266341195,54.36958803554807,26.295048462045727,44.190436765438434,female,0,132.95357405128274
2024_0898,2024,95.2518385695608,20948.69736356024,67.86928493540496,60.42929924772078,30.82822453042716,50.834626027512364,female,1,257.5593039012598
2024_0899,2024,91.31618043236979,42239.77826763198,53.767318115395916,47.23634243498128,31.155394356971218,39.30048041720933,male,1,4.040021444485757
2024_0900,2024,84.48898526142031,31397.587224552743,62.95286994862504,52.08899450479042,46.559088341717306,52.98767284970832,female,0,100.10803972209592
2024_0901,2024,79.3983210513204,52995.883208229236,77.53413441171479,59.37887989548364,48.668376670287984,55.08135391469566,female,1,6.042090129400841
2024_0902,2024,80.35172878037133,3941.535960950291,76.01989805664962,36.48673300600568,46.580465663655154,35.77065742985858,female,1,9.299866079483586
2024_0903,2024,81.24295273688533,1156451.6620664843,62.067322621721324,65.0169344754886,52.65031770945938,42.481137034020115,female,0,65.52947228566626
2024_0904,2024,70.27604896838709,237347.8206570387,50.432438830840354,70.65953046114075,41.52402066629532,37.32829732592644,female,0,2.109076133117729
2024_0905,2024,63.28821692955822,83479.59568251582,71.44458587733286,57.47288294497813,30.951039570409257,55.092147968178516,male,0,49.15605336268389
2024_0906,2024,75.5192462675647,168303.2635008132,69.19486585463488,56.05880762129991,40.29967237858044,51.64006560548181,female,0,139.0731425320784
2024_0907,2024,65.61533038312015,2662553.2346627563,73.43410853852599,53.88758597459518,33.537132353866554,49.5028820576442,male,0,22.142525714064732
2024_0908,2024,61.624745045272654,33385.65829794198,62.25887804765377,44.76566658313274,47.39175711739609,48.717184618586806,female,0,70.98722987862688
2024_0909,2024,61.3464818713291,3140.592101945508,48.15625207190442,46.89829788731482,37.201944220964116,53.22835435432591,female,0,1.5880391243159433
2024_0910,2024,73.21549361026017,39021.097744655424,70.33760183076696,57.64404895360529,39.81271319531078,53.428514920114054,male,0,83.20022066107263
2024_0911,2024,72.05815496630663,47101.91962179423,64.90857234926516,38.267828051335776,47.75009474130425,45.04422506186457,male,0,244.9979884247999
2024_0912,2024,85.1674676665595,154184.36504165028,78.91683773400112,37.39283086870875,33.374235218292505,43.644031961295845,male,0,4.26844674025916
2024_0913,2024,67.09910753398498,2345.400904283194,65.28733032446418,44.026708112575015,50.459045389938936,49.410048049631314,female,0,299.24121880574404
2024_0914,2024,86.92850551202088,535864.7786582712,69.54533110810499,58.56253174895509,25.697084553364675,48.10265102000269,female,1,118.65854513877214
2024_0915,2024,84.39633530526916,122871.74867223209,69.17254471865981,39.340638417258,43.87164069874703,70.60682225049318,male,0,141.17496392147686
2024_0916,2024,79.8564679327759,167746.21327300332,59.03068931198869,45.74583933082642,39.88919204682747,46.16105327628919,female,0,19.20172271983316
2024_0917,2024,71.44898303762739,58843.586342240036,58.548642788764305,46.9332439594799,49.08996480016827,52.896653121143785,female,0,16.383094827730417
2024_0918,2024,54.3898727741869,10909.735661724033,64.02104733662058,37.88130761365543,27.028772902122867,54.65926488283149,female,0,162.99996726850102
2024_0919,2024,81.88145217716767,25303.85814609109,60.795936917300274,27.602320832142805,23.861472949632066,64.00524290614192,female,1,38.28277285155798
2024_0920,2024,59.459052026122635,7372.318255879544,62.70904534534034,37.73487460581195,48.31544474632859,41.888154082538655,male,0,90.3553292677617
2024_0921,2024,90.3645177689937,114019.47537098902,89.395613574487,54.608865173166926,35.282960141677144,63.396478291416706,male,1,1.1779197983300782
2024_0922,2024,84.91658885458456,60718.487179983225,80.42633726726368,56.861434682774735,38.29016292024259,48.52604425679159,male,1,3.0192244688065686
2024_0923,2024,86.029048928423,78779.33873521056,68.0803794139965,52.94362983861405,34.189313407690435,75.01345229646402,female,0,234.21745998828368
2024_0924,2024,54.285627862259915,52193.11532062367,80.51677260954918,54.095723948431385,49.94636000586891,53.626022192261495,male,0,2.955742830065367
2024_0925,2024,58.386602830872874,569609.8046564442,56.75103901993354,41.73605099462554,43.79814642830859,37.710708706491324,male,0,8.980001056819368
2024_0926,2024,72.44628784879852,98989.99920060928,89.90439869879995,39.59390875012813,43.21145416233157,48.02841327357115,male,0,1.1560395702680215
2024_0927,2024,75.21436049764169,1035221.0558959906,60.39497482440273,51.75058004850857,29.080402908887887,63.362693573282534,male,0,32.29782853661068
2024_0928,2024,44.12863769104158,1338.741555647248,85.0380589550918,45.88249929763059,45.82508564310811,50.81541154411227,male,0,1.5295904196633787
2024_0929,2024,52.64589840834756,90508.3031606014,84.99403047779649,57.07078622546102,30.858026554050056,49.403745924028954,female,0,1.539180296935723
2024_0930,2024,67.36396306859386,28.824243692153296,47.46770193202794,51.813735643375495,34.201298662633626,57.18997163867684,male,0,1.4769807938826427
2024_0931,2024,83.56043631484968,19040.820978475807,79.67092143141815,60.83820562832887,27.11921639885279,46.55002309332446,male,0,3.5430927361089815
2024_0932,2024,88.8776088521697,133999.21002467413,62.16090859547324,43.34463695674405,39.23145442466419,47.89266824217063,male,0,68.11857931809432
2024_0933,2024,65.85502509836974,813100.1714994448,59.3203154268193,58.67534250107846,51.46602206587444,40.55325490068451,male,0,21.036310162811333
2024_0934,2024,68.29353022579583,183944.74180603467,70.24638120164987,68.34675897138318,43.07148379141506,67.2882078096639,female,0,87.13860396831748
2024_0935,2024,61.63134242715357,7991978.898216943,54.92084675245242,48.53742561607627,36.37295451690503,37.77388720752468,male,0,5.352158834592506
2024_0936,2024,76.33206399886122,142275.35400617853,70.01997087916278,52.99306676940768,41.89364610737391,51.694666597634885,female,0,96.42350502929702
2024_0937,2024,85.28529584493931,403531.1662602317,55.592055177024335,38.69471711301512,41.83821200078485,54.79884548081933,male,0,6.359819522601832
2024_0938,2024,102.5602073738005,122453.05266329442,71.77079279261818,60.94056525882338,39.86200821294346,49.86348880081538,female,1,44.09074956415499
2024_0939,2024,69.70999387344584,2635286.278937136,78.35362579090148,59.290581695243006,42.57689099120343,37.46137204510177,female,0,4.861028300516591
2024_0940,2024,61.614682948647754,577797.0819645531,68.86517935432452,43.05546815933389,30.379256573470833,40.01235972288867,male,0,162.59297630101352
2024_0941,2024,70.08197004309821,108645.910397323,61.40208412718853,53.86159571074838,41.86751436750271,55.22516918356619,male,0,48.54542706087921
2024_0942,2024,83.80786704433578,97903.4295051199,70.4141111083792,50.80472738844605,23.2124113396101,42.20120691403846,female,0,79.93789334630151
2024_0943,2024,65.99482901653381,21863.24455286325,50.935197579951,51.90785290275851,46.56774855620786,29.27982777511535,female,0,2.2847348997483454
2024_0944,2024,51.84570970652247,49855.970688571,56.611392158039656,56.12019740765273,29.750453097057985,53.86978322789099,female,0,8.542041237294093
2024_0945,2024,66.39990746682533,23511.929834241695,60.69729939492985,53.18899508999482,52.59953025819234,41.27504620044219,female,0,36.73573547614366
2024_0946,2024,87.2097424651166,15444.251783983798,77.86850246118127,50.61012173827157,15.0,56.31219273570252,female,1,5.494513231294779
2024_0947,2024,51.787018387305025,84660.15268908565,69.05798753821429,56.33296355430137,57.57773792411767,47.98378701775715,male,0,147.12020886699108
2024_0948,2024,72.32037331998319,9835.308714313285,70.35166454501342,59.118560895246134,24.37500881868529,47.501876714861965,female,0,82.47539446941296
2024_0949,2024,75.06004663255398,177994.02124751947,64.72617451089566,42.458055659800024,28.77665501604594,50.522381830170744,female,0,226.72775941112434
2024_0950,2024,88.5989261481831,201456.50953002763,57.11900353997435,47.98200872953424,43.796551520168826,38.61506669939619,male,0,10.265102132424326
2024_0951,2024,76.67623043156887,57564.17614411282,84.88116936569335,34.31307194779099,45.39952414393429,41.745469124023884,female,1,1.558540801713028
2024_0952,2024,97.30521431288764,3532.5847766903203,63.0220654553234,57.835980475312134,36.360478026309174,47.40075951245337,female,1,103.02791799522927
2024_0953,2024,79.66836151175876,399927.948365149,69.1903894970582,60.23117576264271,49.74391264362387,38.5565707522943,female,0,139.42126035437516
2024_0954,2024,95.1962093093531,1677.7505619388737,68.8789534684625,49.427047725107386,31.218526387384284,57.13817659461643,female,1,161.7820404485885
2024_0955,2024,59.931983671558754,66973.25765535656,70.62993167034655,49.33436157834694,36.795086693243945,46.9262101951191,male,0,70.80998345427655
2024_0956,2024,59.350733192574886,8412.1583473011,58.94513014783064,45.7980426505606,37.77317901632664,35.50563398349093,male,0,18.751054671853222
2024_0957,2024,70.97196752283814,3696.1020266558917,75.5267716088705,44.16103776124136,35.40527350105393,44.409710212109715,female,0,11.078430282186423
2024_0958,2024,70.90177659846292,54283.248574766316,78.78277915835938,50.32171286846596,21.419530684599938,51.012025649219076,male,0,4.420487570173893
2024_0959,2024,64.40566175371293,5809.898314918101,74.9132308249637,40.15757460972216,40.552835993584885,45.53909546488113,male,0,13.396587361407848
2024_0960,2024,82.91637013533256,545796.0234507386,66.57625325973648,45.64723063556568,39.64762831989863,53.998158863956895,male,0,490.9046925041067
2024_0961,2024,65.9924841750794,1001300.3162360683,60.64874753896316,38.954490718941194,51.60339129237759,55.74036349512638,male,0,36.234075926476464
2024_0962,2024,71.06299255880963,307480.87322775024,98.22111783859559,57.89076585849676,26.314836954646985,74.01700275953115,male,1,1.013844966011694
2024_0963,2024,67.75943485495162,116143.3278858147,55.08375455238031,50.39238120267702,34.393138612821694,61.506442013607256,male,0,5.690226192589176
2024_0964,2024,74.80273348245706,7395.971244286861,73.81229551720133,43.687620826150756,52.85898207974592,33.636296556366624,female,0,19.516299729935348
2024_0965,2024,93.41961152061046,1050541.1687487813,73.32784888076624,52.37078745622396,42.13875439006921,46.39767515001326,female,1,22.93123603208788
2024_0966,2024,73.34222587139946,14276.08189914263,64.37462557821279,45.79274744223651,46.30478445528684,47.33358707552034,male,0,193.20465196841505
2024_0967,2024,84.93989014356677,19695.566767320703,66.85162939734015,59.438951705726346,45.3434049058621,55.75070922424639,male,0,441.42141114597064
2024_0968,2024,58.852094282978754,76489.7569695547,59.89784696638698,43.58987684656571,45.38787390729423,40.66413929298289,male,0,26.21285659129803
2024_0969,2024,65.76291651649325,38964.35927054357,69.27055543245248,54.35044965431884,59.04692094837377,44.68747835801661,male,0,135.13171912803952
2024_0970,2024,85.45054038010403,188223.55749889647,68.16824485960068,40.94792714691707,41.71723739296278,37.55588124090678,male,0,226.44452676914096
2024_0971,2024,50.32650113035716,142806.57838766254,91.77653222925173,56.142384003799,30.666340366035755,43.97734276508492,male,0,1.0928074203181728
2024_0972,2024,69.4630555279723,118694.14022225644,75.70822215083761,58.37305600003608,47.20075081200347,44.35034452747922,male,0,10.51181644376803
2024_0973,2024,82.28921115237034,1017708.4793609666,70.15882772126407,58.84506292594542,35.12315222424438,46.86994187143608,female,0,91.37756602238824
2024_0974,2024,102.1401625093406,239246.02569947724,75.75558933309625,66.71016891138697,38.098431496288725,38.13487263080243,female,1,10.329459929369532
2024_0975,2024,96.60116372846353,15924.852756073662,88.39537655495745,54.92445000079025,42.90921363759231,59.82025739400893,female,1,1.2367661135652848
2024_0976,2024,76.85439301761694,402962.5592260264,55.29573435259728,60.37946701663242,32.570029761507065,54.72213862833385,female,0,6.004444830195315
2024_0977,2024,79.58976876944864,197820.9914406776,68.1726725623823,68.24179952320425,34.086846626845926,35.511702272855494,male,1,226.16164794677655
2024_0978,2024,103.73177083929185,4657.690399041848,50.928611723212725,40.77947636115496,43.96800268212553,50.259729391674284,female,1,2.2818807653293036
2024_0979,2024,77.99938288714206,623630.6074660927,75.58773842161902,45.967618582367976,33.7025773884851,34.34745120257451,male,1,10.87264498043033
2024_0980,2024,58.59586980626625,56575.83607863127,73.48173750544301,33.042992904828786,50.55332086622337,63.42255726026632,female,0,21.731221384873102
2024_0981,2024,73.87874131163746,96038.49836809299,55.04399947765166,58.61144124724771,30.91870086941643,66.14108373156627,male,0,5.598507251640331
2024_0982,2024,65.06985504282801,7768.954077195106,79.35080018000704,32.914677326116575,30.884965748356084,49.44262706111455,female,0,3.781043387568781
2024_0983,2024,92.06696699039759,1695535.706327974,62.81120007375214,34.20157659519303,58.29867977486833,41.473548326453326,male,1,94.39612277412816
2024_0984,2024,74.30767079280227,25803.504184730387,61.575318909834365,37.02607319104839,25.467131055238614,43.357306724044236,female,0,52.260979356744194
2024_0985,2024,107.78109739375549,59237.39331607795,71.19565915620032,34.61687989475569,38.93230037943714,45.46257917724195,male,1,54.73481616971757
2024_0986,2024,74.3372458556641,76235.01640364414,80.94196362759816,50.72158029825432,59.35186815258025,48.931727640754005,male,0,2.7284945221484365
2024_0987,2024,63.81465695841541,71221.68878621103,56.41802181919102,37.15457354614032,40.51351369204929,63.704696474063276,male,0,8.04459148169769
2024_0988,2024,76.76487958186135,17353.16988721749,67.91247125365683,31.09717087996214,54.294642104021264,59.55601810309064,male,0,252.77505940782876
2024_0989,2024,81.68245799917888,2990.3815623044434,77.74837754792422,51.581266798948285,45.73779814133825,59.710045037340954,male,1,5.79068157183599
2024_0990,2024,79.13155524376042,122305.5339470572,70.68470163679486,48.17112028447047,40.72783711996728,51.705782706728485,male,0,69.32114622625431
2024_0991,2024,70.64627919569256,7041.180319932584,71.05401033066704,29.30216902513901,39.490934480141995,38.463882760582834,female,0,58.556962591892386
2024_0992,2024,94.00543816156949,30055.75638998981,77.61500222173942,44.86298826529476,17.96443951028971,42.299432903683716,male,1,5.944699605890922
2024_0993,2024,52.1934602288532,215824.19184869487,59.452772753948786,47.253612480270014,37.60250116794867,50.607212631524305,female,0,22.17022117726563
2024_0994,2024,47.492544048185124,52426.81374478767,81.87779786830325,44.431767265301126,43.126829428428564,37.988999031559075,female,0,2.3192642459180304
2024_0995,2024,54.98575767586567,14153.135222122199,63.888506018275734,44.70516772947262,43.1212623551196,53.03982950552107,female,0,153.50758814886774
2024_0996,2024,107.45770855698467,17741.355027405985,67.56151797017596,63.79286978736112,63.907904746682036,58.05123521410348,female,1,304.90492295690854
2024_0997,2024,58.518451771529094,58026.90196551863,78.47625501313755,69.46544792323574,43.61519982281804,55.45345391958325,female,0,4.70558452416538
2024_0998,2024,77.32309801988931,115381.60654471673,58.6943313312303,44.86701514018198,47.11405611435432,55.051894729183324,male,0,17.37443720765626
2024_0999,2024,63.58092201089295,30281.352547878763,68.20278190699021,34.78118467420246,52.4729309374472,31.337173500435995,male,0,223.3522228353493
2024_1000,2024,67.5996990078076,3818073.068724625,57.77165376004763,45.65416901386185,46.215823141508466,63.33355796671096,male,0,12.69553046966915
