ID,year,heartbeat,income,indoor_time_hours,body_weight,age,screen_time_hours,gender,has_office_job,medical_expenses
2023_0001,2023,63.32789330784253,13754.932081987665,65.49745250787831,39.37234615333268,39.00939708823508,36.38398878820188,male,0,334.8725460902751
2023_0002,2023,79.02337024924303,5819.180263418275,65.98981222602731,72.62263577284521,39.323661236178,40.35779960777993,female,0,426.2389054546073
2023_0003,2023,80.4830246593978,8733.446191114048,65.69315750941126,45.55825069640208,47.73156584396941,43.222089887261724,male,0,369.1673262753616
2023_0004,2023,77.04223655433395,5129.347770295185,38.698666433414914,38.03607950216563,34.11745712452977,53.04096392165449,female,0,1.0565406146754943
2023_0005,2023,53.994499512541054,91892.13722910902,63.14493601810279,30.216982639469183,36.113786741804674,50.11025580407866,female,0,108.03983481513251
2023_0006,2023,76.12619031798921,22510.549598958685,51.360535283375455,57.05406196794266,43.86020984992558,63.25576142928496,male,0,2.4565305280325322
2023_0007,2023,72.59041968593492,220274.1221186268,81.26335702215677,40.49967280476222,25.3708101993377,51.743380738464715,female,0,2.588943817317628
2023_0008,2023,50.78765614720409,55870.3839268169,80.860829917212,36.086479329245805,43.01320145814982,49.242949245623606,male,0,2.783613767751498
2023_0009,2023,71.82986171198313,694696.7079677351,78.51938332455587,59.3629921400906,31.635328293594515,41.93769634527426,male,1,4.629736708192122
2023_0010,2023,77.87989290020776,25719.067845150716,62.61532562661112,50.49718831405654,49.363280650476035,34.625370181532894,female,0,85.94864785994551
2023_0011,2023,65.69900699020755,14214.215584724247,54.919850633963016,50.33952933209529,46.27209990176758,39.30106558146856,male,0,5.34547281568166
2023_0012,2023,79.64817907545125,119132.15208521092,63.42418998724395,56.197504230593616,43.34962905332005,38.001613372380724,male,1,122.57829883950556
2023_0013,2023,65.41828071291232,10.866259326482966,84.42641906426033,45.5919013688672,24.71434392796888,19.390931820681942,female,0,1.6466616566387202
2023_0014,2023,71.14041081113203,1508297.7118916982,58.078026134800396,46.32037075680703,39.76501209431006,34.913682174258284,male,0,13.839128796798486
2023_0015,2023,66.67148873332452,824.9268428227726,41.44404645613936,47.363962656288734,29.015561730253083,61.02209761365973,male,0,1.1024114415633262
2023_0016,2023,51.980138468739135,66581.52722397684,75.30165508485393,48.24885195901482,40.43099233119997,48.68600212958993,female,0,11.807678025521156
2023_0017,2023,111.3555690356411,90721.36575158536,85.00503113617893,66.94452751305546,16.024050434333716,41.23476144654904,female,1,1.5353371521260333
2023_0018,2023,77.54217968987892,229536.97389641748,81.59215687166522,44.5641486202585,25.37626899356382,48.98479822140021,female,0,2.4320876408783647
2023_0019,2023,64.14622548326533,21394.0780753014,75.38348004249329,35.831967341696384,52.70222642449028,25.465954742706256,female,0,11.473040742794833
2023_0020,2023,64.54905344097712,42462.83443933254,77.0151967723478,42.557082968959655,44.494222291825665,47.82097716462424,female,0,6.795427775001477
2023_0021,2023,71.09487394713176,15853.820426141898,65.52934074053542,51.53780818734997,37.25830336672853,57.77492263147483,male,0,340.78439343663484
2023_0022,2023,56.20378604259668,6598.754954419338,44.23704376508337,26.134720416151545,31.70347933991091,43.788840529106196,male,0,1.2122765037074439
2023_0023,2023,70.72676436536969,152353.88505257192,65.27881041500014,26.19247804628039,29.946618284953196,27.280104737514318,male,0,297.37679358610814
2023_0024,2023,54.19267563139235,103908.0801660112,71.21572772419417,53.18276121392324,42.80355910843614,40.86059465223303,female,0,54.122500223014555
2023_0025,2023,66.79465783154834,575404.0219708562,63.6472994343375,59.20122816851328,37.360240580980616,57.7926199498312,female,0,137.17397353085474
2023_0026,2023,55.814285001431415,20302.731351732615,63.19163881260385,31.347999649805264,56.28193830500594,47.58629656897669,female,0,110.08469234971841
2023_0027,2023,81.31916017673285,13015.675392187532,60.35881960981678,57.00459270832895,37.3505151626964,30.816899052064336,female,1,31.936514169617574
2023_0028,2023,83.9572261361821,12945.54548852191,54.98261256727974,40.00454887082985,41.38779212736778,68.67629179183871,male,0,5.439841911176
2023_0029,2023,68.09225894284555,1141.2056803740747,83.3814851476607,41.391698877583764,26.901080284765733,32.46191483754867,female,0,1.8846648374038892
2023_0030,2023,69.57406485401168,92296.83463956356,83.74346369880142,47.05531008756416,37.18940075597683,42.570754183867855,male,0,1.7905091128510948
2023_0031,2023,72.38620138918677,90.58411790546899,69.97352868753896,43.07129770989251,40.971683964730545,34.62613999347796,female,1,98.24850162530007
2023_0032,2023,61.52998241478952,30976.60515628316,67.81523605092927,32.92782499507599,37.068415030756,34.63997985086399,male,0,262.434099240279
2023_0033,2023,97.11212118704347,41870.27306865701,60.19141942962981,52.98748827078775,34.33885837892194,40.47848884264844,male,1,29.814653474938073
2023_0034,2023,69.44136265947505,51038.88321058402,71.42574849939454,42.5462440210584,44.07236535240938,51.36150159846078,male,0,49.58805608525477
2023_0035,2023,70.95970178646294,1377618.9208343423,87.596491716142,44.740448943158285,54.36338104842551,57.905314452196016,male,1,1.279219338404066
2023_0036,2023,94.57137916657081,2.3498690223818652,54.70769220055307,63.896476747891846,40.65114339678136,41.1383182796754,male,1,5.059410628831783
2023_0037,2023,71.1655880354969,10787.882838217029,69.63883299702394,39.824390268889665,52.25330469756611,34.89856445815076,male,0,113.43727035064539
2023_0038,2023,80.33761998198699,135845.76786544084,70.3902224264504,39.781823939331545,47.02223979896301,49.78639316659808,female,0,80.84227223936993
2023_0039,2023,60.94768881061657,189177.7016635167,70.27606514889257,46.82658790229901,51.65437728042518,50.07963578929187,female,0,85.73404460613538
2023_0040,2023,45.07931279864329,294430.9373064067,81.42817667848469,42.710917239325006,34.696703567300155,47.4037633555345,male,0,2.528180818418829
2023_0041,2023,57.532292481948446,142893.85868247505,85.36018212171153,52.37476812905813,38.728655775206136,47.757398129067326,female,0,1.4862408313180633
2023_0042,2023,56.52934961131443,21034.047428977487,62.665163221273374,34.665774621993336,38.770236556645706,43.87433553656319,male,0,88.45553532061419
2023_0043,2023,99.86708877779974,121983.23545030456,76.73173672156358,42.02613402936526,44.6682351380054,45.98150854555881,female,1,7.352203027890797
2023_0044,2023,40.33263411604682,275176.3840895422,65.8423370572606,40.90212436201392,48.73205235034076,43.18348871376429,male,0,396.43020585729926
2023_0045,2023,63.01643539927378,190321.9160228785,58.67884707060304,44.60236172935013,42.051812473030026,55.70243727037122,female,0,17.201558668925443
2023_0046,2023,81.75795473577254,7065.666973220298,67.70814156881015,31.592440559024794,49.575832839532396,67.28459500705877,male,0,281.81476685777375
2023_0047,2023,67.57212462833635,14743.108871525268,71.71499528500247,30.122464382997407,35.16105191541646,46.79653151707193,female,0,44.701184493300815
2023_0048,2023,76.46316816176424,8969.122266102862,67.16928685416985,45.82297782337985,49.66262930452024,44.93427752028639,female,0,373.81087959930187
2023_0049,2023,51.082016664489124,285565.8434726103,56.188187905138825,36.42219432685038,50.96825251628053,47.55861365690068,male,0,7.435382318182733
2023_0050,2023,51.480104867936774,56594.729436480404,60.364393601443226,29.474882829930802,47.581738422705875,38.42078199016708,female,0,31.976459773130532
2023_0051,2023,106.87242457845234,23293.91864408935,65.44092579825343,65.65341292314062,40.543039532646944,52.6497837110482,female,1,324.56960098440595
2023_0052,2023,68.51215365757253,9853.261205724475,56.575560450692954,37.68205327072908,47.940366557373714,49.41176409081129,male,0,8.457046506861554
2023_0053,2023,93.53274362209144,4268.767635409746,73.13539581605669,67.49811603865358,30.25101530296272,40.795297919573095,male,1,24.74813171740449
2023_0054,2023,56.318471718930034,124728.3114627647,69.18112096293078,44.28470791109427,42.785606266245686,54.020668190424786,female,0,140.12011233014545
2023_0055,2023,68.50781728950231,4719.576366189171,74.79517600887196,46.947588620553034,43.808109873019475,45.18989768345387,male,0,13.856438524120192
2023_0056,2023,56.040624316599036,69010.98339052412,56.42377651839369,41.88500253903147,27.491548211853633,35.29943361525625,female,0,8.05465350850641
2023_0057,2023,79.3687044890565,17087.414055590143,59.22521313771207,17.448377554543033,45.5505883719246,48.5160444542296,female,0,20.44012743693957
2023_0058,2023,119.77830709868171,8014.699087423963,85.54569451931238,44.632135089462956,26.69932455592503,47.36992503399326,male,1,1.467778451197291
2023_0059,2023,72.33941053665329,210.48678219867588,63.3550413592708,42.74290540281275,36.51653783792659,54.60418146110625,female,0,119.40248343138127
2023_0060,2023,61.150536145384564,28351.913967822813,65.30131029251633,47.64729137292704,41.19800720235575,53.315469500748485,female,0,302.24864305321177
2023_0061,2023,67.16341669505341,35715.05765138543,68.2489627860435,38.10325977611879,31.88532878982561,43.90773669371238,female,1,217.29372288854861
2023_0062,2023,50.65535885457659,508933.5874796605,76.33030818721643,43.46398292139539,41.62636592658938,40.279130635864696,male,0,8.404354799302169
2023_0063,2023,108.04861831027137,28318.60495041403,81.71808680715029,44.77735912785968,39.86623547426657,45.01743750057799,male,1,2.36907598647514
2023_0064,2023,57.20808156728927,8794.963784411782,76.13208100588848,46.34620165089654,32.589981790018,48.633088796686565,female,0,9.002479145364761
2023_0065,2023,88.79165118313487,78694.31790938212,70.26567611357548,55.80599214300175,44.885424332831555,49.837543777650495,male,1,86.27156037196727
2023_0066,2023,74.05325974579178,2063.862438435326,56.27564022510998,51.435016024295734,33.150793401904615,48.01412208136118,male,0,7.681001943166163
2023_0067,2023,82.32289799361793,874771.0780254648,84.25213077759254,54.668229301875186,63.702623491094286,44.09238056528231,female,0,1.6778278325335003
2023_0068,2023,65.50413078836162,348149.5715659255,73.56308976955518,48.58989899274029,39.70411697846065,54.96817020023224,male,0,21.08896673150393
2023_0069,2023,63.45333130333965,136469.4544986171,60.4334101860761,52.603935889705745,29.075345608649773,38.256981059067236,female,0,32.82695576556217
2023_0070,2023,93.21621028510684,551327.1777271244,84.23818846944411,52.496575240761615,29.346738920200146,69.79403452154823,female,1,1.6820276496988864
2023_0071,2023,61.22362183360783,41723.31686113765,59.64391084740905,72.23117411267145,52.28728045162999,52.63070380153759,female,0,23.688744032831092
2023_0072,2023,61.761807967070446,244632.80043814168,79.10703403188656,31.81180903505119,36.70439198631827,33.7251459682999,female,0,4.06027213624867
2023_0073,2023,71.61880117533873,45527.29948854249,79.78284589384491,38.722442220906785,27.148724283622016,46.85229330936416,male,0,3.442679181208839
2023_0074,2023,94.35291517834486,9239215.621991431,60.78517228318944,65.01358582746893,47.745664598748945,52.726835180321316,male,1,37.94925983642784
2023_0075,2023,88.81605306558583,57009.26168421028,70.8175830302096,51.52721304860992,36.64010538334139,41.5063089448029,male,0,65.61143534226143
2023_0076,2023,96.88848816635429,67477.82075066671,77.8219070396133,60.87389019142349,45.74072930630471,30.04855952423293,female,1,5.647709134411446
2023_0077,2023,79.01145548093828,54834.19901566625,91.14909199586332,50.75318657993108,50.16501591681783,34.60936058401104,female,0,1.1120998667229867
2023_0078,2023,81.78714823276869,82449.54140267716,62.57698882366143,35.16442845393959,41.947380023473535,50.42092944345551,female,1,84.66903919957149
2023_0079,2023,72.75157290030272,1796638.6953918831,79.32543276993829,59.89298694537834,64.78303303081019,27.453835274316283,female,0,3.8095078211746607
2023_0080,2023,60.27018653398941,7596.528118238269,65.17346018033554,41.96109041133385,23.535327645738427,30.506554281539778,male,0,280.4092098442612
2023_0081,2023,71.45453263296558,10731.617213235111,52.58635816419431,56.45894182270852,32.612319746529195,50.36834746933926,male,0,3.1150649414511573
2023_0082,2023,74.38514598114841,53888.419475374816,63.800128301657125,23.66473421032044,38.23794045391438,42.77450783153171,male,0,145.65633832990744
2023_0083,2023,92.99868844001473,57880.412712351725,70.02464761099706,58.565685034811914,61.8343470213673,38.04219610395203,male,1,96.18274733923103
2023_0084,2023,116.57325721474793,28371.192492172926,59.41109806884711,50.364977208551515,57.198004725723145,40.05267852677467,female,1,21.78561740502922
2023_0085,2023,81.77979769108453,6896.89982252214,68.1217361885153,49.721201515813036,53.6997955826131,30.291861871556804,female,0,230.44218346064218
2023_0086,2023,104.27245332829096,178302.54292003976,79.57809255498582,59.17070452468846,31.25081935313344,49.844534304549455,female,1,3.5876593563941026
2023_0087,2023,75.14286192370014,16277.42223579555,67.38200654062013,47.660477974991785,34.018077454898,36.934564449825544,male,0,335.71077480481665
2023_0088,2023,85.13360817730045,196326.74985892346,59.58155910620123,33.410583117685086,32.50611404824405,39.64247815416129,female,0,23.103866858722185
2023_0089,2023,53.13030702530784,4077592.9667516025,63.51527931593034,43.43030879181389,32.95789685071196,48.46785136587178,female,0,129.18558320218352
2023_0090,2023,81.20283117990576,559565.7948747067,64.95456643206549,42.19832952070659,55.7419731188325,42.433724645457836,male,0,250.259905542657
2023_0091,2023,57.58755688000477,12770.403875463462,67.17321627481049,48.953100417074324,38.3598910948076,37.95346690365664,female,0,372.4117138761822
2023_0092,2023,61.856608809332705,16879.875991401696,76.09830762240031,53.89296995433467,39.683903371914134,25.105615752760713,male,0,9.081596471403746
2023_0093,2023,73.11392444061669,24023.647108473477,67.7193975338609,45.50475922008614,48.55161173710355,48.674258458678146,female,0,278.31400760009615
2023_0094,2023,79.83220165510724,142596.644686004,50.9730337137029,31.238277116114013,24.14808497991991,45.789929676084014,male,0,2.3048140482870125
2023_0095,2023,80.96423368318038,187245.2403546458,64.37678928011309,57.07578809566768,39.72698467090409,39.82612542316627,female,1,193.44630878742166
2023_0096,2023,62.37455122322269,2560.422422432584,66.66021050896637,70.11076228409263,29.82031399598406,34.626008945331535,male,0,474.02022994822056
2023_0097,2023,68.4753207250131,35627.47898004958,76.24124484954113,60.46005326987786,37.85290664521123,45.12762478653525,male,0,8.649486889055499
2023_0098,2023,65.63633995304286,378534.775624965,77.97846441536552,14.256004372423009,34.929928853468276,49.804717605257686,female,0,5.3188121587884964
2023_0099,2023,76.04032061235188,69710.01727339692,82.74685341587455,44.63343153694845,34.413812732227115,45.97758881324304,male,0,2.041633045261362
2023_0100,2023,101.85927615984521,71409.54917150787,66.30614397579305,53.321195252553444,43.05807388513071,61.38065520492153,male,0,489.6789635724113
2023_0101,2023,71.69320708525879,16369.77161117128,72.63309175502494,42.17672987432021,43.014346157949035,52.047745026050286,male,0,30.76107216963757
2023_0102,2023,60.14803561837684,34704.80885662869,50.455384655970306,39.39909079856116,38.599595901767806,43.92716910325959,male,0,2.1196479212290464
2023_0103,2023,54.53491669361004,114877.96877566371,69.29881573161482,41.33035784916512,44.51055027334147,52.38278756096564,male,0,133.6200066145467
2023_0104,2023,89.24746086414395,132837.73632110527,59.24735898539139,61.52189485434652,30.505168446055976,45.48662278391078,female,1,20.54258400208604
2023_0105,2023,83.0975011397121,323223.54663540074,69.37460804245251,44.51530025624991,46.02267454908467,45.45192754522654,female,1,128.38069121472014
2023_0106,2023,72.17549791975424,5362.619930740839,95.29838388872142,55.8868865160937,38.73594778820236,57.963637973110224,female,0,1.043416056373678
2023_0107,2023,97.02021635784226,90540.6471548225,73.03554236190429,55.44007008301931,34.358527742999655,36.019421218594815,male,1,25.854896429002626
2023_0108,2023,87.86831795475044,64939.85349870846,61.36186780819671,46.649757258884506,31.24446429485316,45.233096480549584,male,1,47.82267981080174
2023_0109,2023,87.34955013783782,7959.410365479527,69.07789005957905,55.24350161398696,38.38361142072851,56.89710002649605,male,0,146.2035750261572
2023_0110,2023,60.14552680760106,50325.04306178508,59.82924813410645,28.548690948883586,59.52509896102768,48.08990558174891,female,0,25.629652962513152
2023_0111,2023,66.30568932101826,50935.577722668924,55.39255886842449,38.447899029984164,40.16622916127307,41.309470146312215,male,0,6.087576164788459
2023_0112,2023,73.89162665889818,6971.360598426449,86.03139533390501,38.283249347148356,29.344520603204174,27.938402346258304,male,0,1.4137560106441442
2023_0113,2023,76.42054893769829,25175.065322592545,75.66812026266753,65.43941938236131,49.99737885851831,22.296530578062907,female,0,10.670682204911275
2023_0114,2023,105.27576521543199,604713.5253677508,73.45536624995745,49.149792313605566,34.47599635772455,65.76181189760749,male,1,22.00456649998153
2023_0115,2023,71.78496478993239,371072.32154717116,61.08176709752459,22.450347794998947,43.64042763356823,48.085118212508114,female,0,43.65203927586786
2023_0116,2023,78.00912700787997,169869.68240775843,61.89210517027801,38.181848847208585,34.73733789022995,39.15926860913738,male,0,60.11443525668131
2023_0117,2023,60.84891827972061,25074.91648973339,80.4248186684415,48.55550347404778,53.62054089459313,48.49456889129841,female,0,3.0230008591448208
2023_0118,2023,76.68081960350382,44196.98845608283,68.06577537664568,51.84084546583604,34.8864948359739,35.5232586169665,male,0,236.27585510886075
2023_0119,2023,76.54729150156399,1234098.8306940123,34.171948570511866,66.76539693442773,54.792558365561135,41.687987226037336,female,0,1.010050167084168
2023_0120,2023,107.62886674753535,521988.859672538,94.20938515658837,70.0689757098588,28.69690154886685,35.590596070070355,female,1,1.0552207639856865
2023_0121,2023,50.815640077714576,239298.76971471022,66.83062356972285,45.879225939151524,37.86800707898804,30.867264154354956,male,0,444.7445178024796
2023_0122,2023,58.428168843989326,26493.35540197832,68.43369005734817,35.085845324252226,54.81395781692688,23.95015054162078,male,0,199.58695379645803
2023_0123,2023,75.73140969367302,10561.34294840342,75.86694813434796,60.240274313473584,42.4834239900612,29.023426077711658,female,0,9.912038217506028
2023_0124,2023,40.98635520118603,8988.612618751573,69.65402827311587,40.31436449673769,63.53737407747438,55.2128776393746,female,0,113.01267719656434
2023_0125,2023,72.4200617378835,1541.2858381842168,72.4690861771681,37.41842763785395,38.10590410312744,35.13118038789968,male,0,32.58167455162732
2023_0126,2023,78.09804424931367,56518.62574617692,60.76276532635075,39.8292619784593,43.37299895813634,50.3489211180288,male,0,37.571658391959375
2023_0127,2023,61.7362475244956,71295.24249131055,52.70204676033613,31.477117611031904,59.87054421320866,54.56647389845214,female,0,3.1740234175276
2023_0128,2023,63.19809999888088,741733.3401283196,67.80232781473197,39.34979908829025,25.645628600409893,45.16579685207458,female,0,264.74047327992685
2023_0129,2023,81.75862652760097,77862.43087994153,84.3161465227459,53.668916700215846,22.80612216785281,42.014327876789295,female,1,1.6632108814190325
2023_0130,2023,62.28452880268597,13518.720714006324,58.521974416168824,51.306566058121184,32.83696314613382,46.33022920527664,male,0,16.240368088098837
2023_0131,2023,62.574314980382425,178597.0949937552,57.71976005180223,40.11911664898982,48.94186062162799,40.83379633475886,male,0,12.382076705526035
2023_0132,2023,60.67158725534478,14738.753523975018,77.21019260379937,31.325407581614847,24.685389654847288,57.0390926205663,male,0,6.512673188697638
2023_0133,2023,85.12321822215503,388252.14349811355,65.42754794858908,39.962278447433,45.17646105618582,63.76533874144493,female,1,324.16414244755515
2023_0134,2023,64.78995215111607,2834.6338354524078,60.89440086165598,46.09569747523116,46.07233401183382,59.49811830370955,male,0,40.19529705099359
2023_0135,2023,64.66895684343879,17165.414501726125,61.26855727053758,44.72625853469225,60.964046234351585,23.484367652264325,female,0,45.94752571418133
2023_0136,2023,86.24131899861057,2759405.8127371147,64.3501901900952,38.45687288786832,51.26530410437884,40.62973241139886,male,0,190.09044781111598
2023_0137,2023,63.5581485688299,26486.62627156665,49.26361904097961,39.32543539507929,44.44414287735273,45.041591387811565,female,0,1.8335427054089657
2023_0138,2023,70.94150216191858,140.72912948993252,59.60659887458373,47.8848693279917,54.404920680881126,49.63057960422543,female,0,23.248718215558277
2023_0139,2023,61.73117033523699,22243.313450374193,67.30368019139722,57.905462536893474,46.19442845055981,27.72685462297952,female,0,350.2860127289936
2023_0140,2023,61.604042241585425,29675.53467591456,67.23237936174829,36.19855415856012,36.194698753181704,27.565563396310345,female,0,363.2168358988997
2023_0141,2023,50.456294622673774,15620.909212368544,76.57993052579587,44.88902836215433,29.342496171740894,58.06789749625393,female,0,7.748505608015689
2023_0142,2023,51.78633752188907,124720.85123908483,83.39392222194805,53.58270404005324,35.10065030703226,39.4088068139022,male,0,1.8823104781382325
2023_0143,2023,55.43001720347,57682.36156591625,80.12483446664403,36.2388570980275,40.39886051578335,30.12593661546768,male,0,3.2260226475575626
2023_0144,2023,69.3369683476007,102292.90339058888,74.14652384073935,43.84367885436695,42.55193423754953,33.96359192277039,male,0,17.63701819983732
2023_0145,2023,78.26173655284585,95400.43777623979,63.51265409232793,43.62004396912334,19.426692063151542,48.90474643312215,male,0,128.8630226129149
2023_0146,2023,49.63335473104482,694.7413469210574,58.769309300431196,30.88704764956481,38.602201047410816,36.77452313536504,female,0,17.814273179612197
2023_0147,2023,62.00923198651183,12799.973492850064,65.17878432508402,45.684987947656225,41.08610351318994,47.4162564218405,male,0,282.520185180416
2023_0148,2023,53.831092906496515,323260.27671310696,70.85578769772899,44.31544678604431,46.2808498232472,35.21272637253496,female,0,63.991483231713666
2023_0149,2023,64.8572290586645,381907.94059152296,73.21937798245668,49.55084249596058,57.084276833888566,27.557998726159795,female,0,23.92681986837513
2023_0150,2023,78.2576949370715,47805.35277173976,71.2308573351585,32.13113525339288,42.65839188980715,59.24380163221324,female,0,53.785289477889734
2023_0151,2023,88.03117598392025,30513.300064913485,68.78824528623947,56.09970385261225,30.095275608760346,48.98189911288976,female,1,168.3844907697197
2023_0152,2023,92.02483027800304,35216.64712156278,77.86862239842262,69.81734063655809,21.001025370149268,41.662491387618836,male,1,5.4876493805561015
2023_0153,2023,82.05228396392314,35793.94532772643,77.60872505083502,64.77499831912287,47.67697969070494,39.7863827831839,female,0,5.952135126630582
2023_0154,2023,72.0790093050791,548883.9719972681,73.80160384067541,56.80129268971609,32.10043553163109,59.64900369075235,female,0,19.638658576339182
2023_0155,2023,59.89908144183198,1109.6945746819217,64.679869448366,32.229284943497575,49.47703814138508,50.91530045528725,male,0,222.79453967267415
2023_0156,2023,69.08915285835725,72288.79894232596,56.66151307493993,48.51052682043626,54.78817572314731,56.46813031635759,female,0,8.714601916851242
2023_0157,2023,59.22450988597709,25628.97620005832,56.42432570611893,39.168534250388866,25.343811592548466,39.163073225108,male,0,8.074815334058666
2023_0158,2023,96.70482012736,351801.7247884249,63.18782376407818,58.83900593129921,44.74446451317722,45.506665401795786,female,1,109.94717245212352
2023_0159,2023,97.6534015407276,117810.27605280316,72.5707519867493,48.277832942230766,52.139150327496836,49.021989159965315,male,1,31.461041417792657
2023_0160,2023,53.82840299501547,40258.90354060334,70.19803753555634,26.865265581476997,51.00058364605562,39.499308906861586,male,0,90.01713130052181
2023_0161,2023,69.25149417385774,125435.53010352237,50.8546768205597,40.55482761300167,19.815241836526337,44.0446789099636,female,0,2.2563534670050793
2023_0162,2023,66.3242674200408,2477641.7613362875,59.96004891636449,51.22602696610015,32.254943031615014,39.1638966011675,male,0,27.112638920657883
2023_0163,2023,72.94677397172111,22952.712250779474,67.43285465305394,46.87999755473811,27.985393137438262,48.99059197502217,female,0,328.2416254045431
2023_0164,2023,75.81347051019134,94687.065321634,56.00320089902397,48.02947859914354,46.03996227902198,31.786058361494195,female,0,7.099327065156633
2023_0165,2023,97.27449604124605,699429.7638144402,74.33904153059605,58.163503229793776,43.337399501089834,50.71970019247058,male,1,16.362628753157214
2023_0166,2023,89.46806646620247,198346.75822064705,66.92571709083434,60.04527474845711,15.0,48.10713201742911,male,1,419.8930348866748
2023_0167,2023,76.83330020864,5828.632147188473,57.765797283307435,49.29511759086702,37.7886754705083,42.96691471492678,female,0,12.648011384379227
2023_0168,2023,58.76937223689748,179374.32158942512,65.53205432448898,41.25318571045382,48.81520550171447,49.495171456520836,female,0,341.210640277205
2023_0169,2023,54.29478006630501,86282.28493345961,68.922803295791,44.82890561419617,42.28123967215346,41.35059536267023,female,0,158.77688853045424
2023_0170,2023,60.547133154392,323731.54833156284,61.51471085730072,73.4325837486969,40.664131864193614,38.298692586727135,male,1,50.97065117894069
2023_0171,2023,66.79859048262846,42829.28144043415,62.57387620185953,45.42031029001139,37.146413195945705,50.437261547886784,male,0,84.45763097196556
2023_0172,2023,59.28453560506565,48094.599247303304,69.67678377307108,44.42563496453918,30.200001179842467,50.87014005154372,female,0,111.19106190124229
2023_0173,2023,71.4775447607535,193175.4918523052,57.37909816683233,45.02884507226399,40.62927120285625,39.92729761190966,male,0,11.161830870569368
2023_0174,2023,47.78772605955632,22535.288635305005,48.42243159576098,41.8209148168378,41.321455446863595,39.06947707756942,female,0,1.6425501440292978
2023_0175,2023,61.028214491005,65558.43368255948,49.634261543102454,39.64644036279197,46.958697748532884,43.17026516239543,male,0,1.9299613947566971
2023_0176,2023,72.20269905864485,397304.3138657806,60.8194913594303,46.08678524365432,47.77196424219757,39.479943471859826,male,0,38.71588573814723
2023_0177,2023,57.201638536510195,3667.2611331058056,51.81581723694862,38.94284798040849,41.659472805824045,60.25119109882269,male,0,2.674466710734647
2023_0178,2023,96.59256748612862,94058.4953755835,66.52278104823755,54.544850705227844,50.16003272949416,48.16475714194207,female,1,504.59190819485036
2023_0179,2023,61.92977404931959,2078305.485220858,81.6494285117268,36.094852934737126,37.04700407196093,45.14600233547215,female,0,2.3898963576425185
2023_0180,2023,67.17191690220002,61284.21248587306,51.21401612311318,45.08011804534318,26.345314055503867,35.67275026310971,female,0,2.383929078954729
2023_0181,2023,73.45158006416855,164128.0260901848,62.17395148522299,49.84194944176028,45.575307230876234,52.38989447036641,male,0,68.7172321738465
2023_0182,2023,77.02797023115313,994826.5229696911,86.32304554271384,41.88085140089085,42.06505933943644,38.88395100055585,male,0,1.3909681284637803
2023_0183,2023,68.42492411320607,24276.513391649532,69.0813008297571,23.91621563110684,45.77428447195543,38.4725268891896,female,0,146.02093473134
2023_0184,2023,59.35989705121255,2123.5743140808813,61.322767125244006,49.90371544055472,28.14284200368789,52.72614663076586,female,0,46.93435860057801
2023_0185,2023,62.9196113762035,928.042225280968,63.431173654807615,45.2018384275976,58.725868846996555,48.87322720991897,female,0,123.50109223042787
2023_0186,2023,98.86955363086958,20351.209741541123,74.29362508393278,46.067685499865405,46.312129160773054,19.965523908644425,male,1,16.568445286006195
2023_0187,2023,57.28746416517394,3525961.4307611124,81.9577193062744,51.73270242323273,37.91715112109875,43.422292362356906,male,0,2.279030196349422
2023_0188,2023,65.71933403359795,24223.5051019357,59.69146392522757,30.015747992841526,31.436114008893895,46.2551962054762,female,0,24.22778221261098
2023_0189,2023,63.64115901638525,821457.6914041986,57.423897171117176,54.45407615324468,51.58230563842681,41.6040384421884,male,0,11.344692347831682
2023_0190,2023,66.46638216681035,23096.196324598983,51.21191267219773,43.42633380352787,29.771284481540796,46.60363665689805,female,0,2.380951029274853
2023_0191,2023,57.40717470750623,158042.31556870264,66.03096032509804,21.311349246226694,63.43626189616862,26.90311997090989,male,0,439.7691807224244
2023_0192,2023,73.98055647787888,1512.5009101171338,55.94312630182087,57.78329587263237,33.0618185516077,16.68979400659275,female,1,6.9240440553782765
2023_0193,2023,97.70742615959644,63910.54840684197,65.36217375178205,51.93807631909064,56.42225719820217,35.24531761629729,female,1,310.2877212206661
2023_0194,2023,102.14131423488648,42606.87884778951,60.913165588896476,50.431507081768636,37.353417411422114,47.8224712176715,male,1,40.49789510314456
2023_0195,2023,49.57825042501844,3229.289757387272,75.74123510234105,36.62274238543782,56.62327455529128,12.750437714791097,male,0,10.342379827535321
2023_0196,2023,71.18926160926216,245471.72390669124,59.91603612633194,42.72784209140127,33.44396624666657,36.564539327604926,female,0,26.44322548056279
2023_0197,2023,103.33182914845176,58434.01220938747,73.96930328005615,51.14811318832859,39.38855214925247,25.77239030800613,male,1,18.42576579437458
2023_0198,2023,73.45911046762323,12458.479941792675,48.95907998311437,25.433097568116146,48.855540795007364,42.573758274686526,male,0,1.7528622092044206
2023_0199,2023,63.33329821323934,88939.42936089214,66.31506954452846,56.72067886677205,47.42739213832518,64.5789925795585,female,0,492.7490410932563
2023_0200,2023,83.06503630249242,126451.68787209524,57.96839694139251,53.55642344038195,50.21862595491542,42.82824005335898,male,1,13.34644423592431
2023_0201,2023,68.3097807934999,14689.080171191717,60.74351500070141,36.68064984121737,35.92040413083633,43.92497154669132,male,0,37.38426896396403
2023_0202,2023,69.97785058846881,10573.721233304548,87.11202574256224,32.71576317454669,41.64893181222661,53.39230940788232,female,0,1.306693629836088
2023_0203,2023,93.45807511155898,86094.03743749321,79.32174377240884,63.707320674529214,51.696369645740695,45.213065578105734,male,1,3.819043505366336
2023_0204,2023,65.69865369882434,275579.53777382727,63.715874171686934,31.01568030903475,33.740392427793296,42.85008229810661,male,0,141.351542965289
2023_0205,2023,56.67348275877243,219098.2386927489,96.98941909783197,45.33987301857967,46.5311360217952,54.266459241450036,female,0,1.0240342773175541
2023_0206,2023,71.72688291308852,42787.231607071844,55.84825309626682,38.163509981264184,38.60620599982472,49.71887150511806,male,0,6.769992641527277
2023_0207,2023,97.20854494413524,49028.700036256836,81.65216382075361,50.74580339437668,41.26079980689188,47.886257615664526,female,1,2.3869108535242765
2023_0208,2023,69.50822125461671,69518.94039179153,49.67325543152886,32.964404690241004,41.64634766630863,43.612198474325346,male,0,1.9372123370065575
2023_0209,2023,68.60993645071257,1571.5272829854237,62.560772423520525,37.7968056747834,32.9092856606425,41.53935295272937,male,0,83.72185043523616
2023_0210,2023,84.29249487746105,123302.44791164043,51.52210249819439,44.08812391506858,38.1904611468543,54.17170885231662,female,0,2.5472134577390078
2023_0211,2023,61.25621215426604,112121.6708284009,67.57275915090875,46.35312226348993,42.25077184328782,41.635373801208274,male,0,302.62669008719985
2023_0212,2023,80.31435097456655,673195.5439849223,65.55970253578757,36.144075187170216,39.77173277289159,57.312528793560126,female,0,347.6686948442602
2023_0213,2023,60.15975530778162,8028689.90037459,61.92335200816418,43.09065597562586,56.54308685744033,34.52853633710718,male,0,60.56698847433135
2023_0214,2023,78.58950572956428,25167.019581991335,75.92057025126307,52.88454430970422,50.909655123731774,59.33783954505778,male,0,9.715766710565264
2023_0215,2023,79.83367550080544,20820.80920727072,59.329010269972095,27.373714430509274,43.7027047899199,49.72040083088418,female,0,21.14175510630725
2023_0216,2023,64.56948796598117,35515.30649893253,68.26851747807324,43.937310264081404,33.16090671097778,35.31465076947994,male,0,216.20996592434247
2023_0217,2023,84.10963054060834,12418.623088448998,73.20554940271339,34.492160545978265,32.551528850101484,50.089786345523066,female,0,24.016713888825354
2023_0218,2023,72.19035886746089,10517.203863178775,50.16778791103817,33.47315827883469,60.55784846315691,38.4969710168272,male,0,2.049303542374317
2023_0219,2023,83.72727558859432,46630.44397964444,62.515856583256166,58.610115129981004,29.09104678491734,45.334280543474755,male,1,82.06404672340504
2023_0220,2023,63.75843405610791,241798.53603742455,65.53860967315833,38.54748531332441,41.939734777686745,40.13372862854749,male,0,342.4925823172943
2023_0221,2023,78.82762306106652,223500.6120622666,71.30153419428319,31.831968737649,44.41309663063028,43.67087835866921,female,0,52.45732594909905
2023_0222,2023,76.73064701876649,24175.5966550705,79.21237765921533,57.24283192069988,37.68365024865211,54.414307938098666,male,0,3.964976784648757
2023_0223,2023,56.91959598620709,2728.2811356781267,62.8412020127208,53.20089514331829,30.76794031658063,50.18511652146687,male,0,95.22571301274394
2023_0224,2023,66.10742687809503,6034.096027700359,61.83528957350116,24.67694043640831,32.94318464354506,33.746346082309216,male,0,58.70353814146763
2023_0225,2023,69.53522982776512,10859.192839595727,56.27403969786336,29.25571871997932,35.32948492693667,34.31903558341561,male,0,7.6522521254786415
2023_0226,2023,62.42395410924391,99377.83997704306,68.29984092177034,49.934570713186815,33.69797638033123,47.707756102653335,male,0,212.72494644954682
2023_0227,2023,91.0779972337472,25982.798229840555,62.02882426301908,41.151261669625306,54.09048113574111,48.43187126895777,female,0,63.83170433047907
2023_0228,2023,94.83663743405326,377756.78941066784,67.25967737174281,71.00574644354957,39.10864880533899,38.25555020612902,female,1,356.91583582724815
2023_0229,2023,66.88187809096951,68991.41349510802,64.06111494111492,50.1633639854101,35.5567509775124,60.91315482982038,male,0,165.87757230123262
2023_0230,2023,79.4085104425809,7429.661231919532,70.51628062090339,46.994655238539984,41.87065001911073,53.13494937269596,female,0,75.09470122330606
2023_0231,2023,63.84786465161165,2132.750125715294,59.36269446820739,33.78137308174563,47.48623861200209,38.74423634615206,male,0,21.4076856483959
2023_0232,2023,77.57427610617323,78984.06912472613,57.27841911091095,48.914402948644714,37.35035674236362,37.777446841840074,male,0,10.831948914567898
2023_0233,2023,50.82267604417015,2223.214795606812,69.31724186134103,31.24236045249533,49.82883276471091,42.721867862867526,male,0,132.1252055615031
2023_0234,2023,62.96345953754434,32192.39657600112,34.742750981174154,57.05244533410069,28.075820788690844,41.6814558892584,male,0,1.015113064615719
2023_0235,2023,77.99070418377246,17892.89127686101,58.96321826338315,48.22138589018242,52.5247493574853,57.56157493731777,male,0,18.821503135184646
2023_0236,2023,83.20197720589671,39159.91984235341,53.48690500592636,35.75169423242407,40.71038707888007,54.84522972994887,male,0,3.720097955269254
2023_0237,2023,59.76704286994007,44671.26596481933,77.03258223016789,52.046774281323145,40.31939635896519,45.35069513501391,male,0,6.778460423590399
2023_0238,2023,58.60178363781352,134570.3291176888,60.590672374571035,66.41524889136335,33.86292661210682,51.77905560889215,female,0,35.25121511458854
2023_0239,2023,73.1744643037046,14656.093411633381,59.39283884732769,41.823829001905494,28.50922019356073,53.22975226344549,female,0,21.59582480626956
2023_0240,2023,86.26966105082288,2004857.146931073,69.51377514746726,61.504131896912924,22.516613922487938,45.58260728266534,female,1,120.00099087024535
2023_0241,2023,89.81422082244606,158422.10025659145,64.04627571535086,51.68170680308999,31.564605543812643,49.0261867936909,male,1,165.05025445791287
2023_0242,2023,76.26405024737157,28236.928021856995,60.97351841846465,44.85352217618345,46.68260893822954,50.941875540922815,female,0,41.575040532360696
2023_0243,2023,62.05897818385988,320.502879035465,65.97110410423163,28.927654399685526,31.177602992730332,49.87605723648884,male,0,423.58321995749856
2023_0244,2023,47.84574248464315,24221.4055563604,60.77959565493732,43.99470486494135,25.300033660899665,37.21196171524209,male,0,37.8545051795093
2023_0245,2023,79.48915564394119,120378.04815490909,65.70782547727963,56.43577329830612,30.10025623851376,38.22290242653938,female,1,371.48184740888144
2023_0246,2023,92.5995558572028,16316.640476171835,59.898423262886915,73.98997776844749,35.34781849178181,42.1140533831395,male,1,26.245643149366867
2023_0247,2023,73.86576851527116,11159.891089369201,58.46216259479469,38.0499688729665,35.74153276114985,37.93335720953111,female,1,15.799842948260395
2023_0248,2023,64.5283958270268,214046.99380202522,65.60636897590281,41.19116540892221,39.50978198848993,30.26899427364347,male,0,353.8064456841673
2023_0249,2023,53.57903483756008,172024.74525881218,68.06600509785822,56.88117217831035,51.1363895239793,51.75951960949041,female,0,235.98069480359786
2023_0250,2023,108.89939006865599,793764.4121578232,55.718433562160506,53.58228504201244,51.70503692529581,48.464081268690016,female,1,6.578126642408631
2023_0251,2023,89.15142594765672,12615.526992148158,72.59941415380848,42.28658467015002,60.87467967894711,31.606334237074538,female,0,31.14799882526132
2023_0252,2023,56.918028976579315,129440.46290443023,72.64047639824747,35.667409751178255,24.534677759847327,42.590832882724634,male,0,30.68426553750709
2023_0253,2023,70.06758680037917,14987.747716221638,74.74689138278623,34.67394619737242,32.23260195743329,43.15714182747373,female,0,14.10106039675568
2023_0254,2023,57.89596268003148,393664.204121411,67.99889084740597,25.741462341668477,47.79183642216814,46.819444285099394,male,0,241.95457453398927
2023_0255,2023,64.40684397945489,554658.1492580107,71.37082100288995,37.707847523558456,36.2551475325945,34.180775513523415,male,0,50.90697766920144
2023_0256,2023,85.53469327955806,105378.01763236882,86.85025844578323,34.10644944887876,49.41647256319081,31.460057640055872,female,0,1.3330905921632026
2023_0257,2023,87.83311452273514,2858.979695098422,66.98478399122706,57.180388336570736,41.27320543544942,50.1972449603391,female,1,409.52583891663227
2023_0258,2023,89.63962537762886,60867.534235522595,59.543084991104436,48.12331797576268,55.00783414246836,29.660379877313773,female,1,22.75989509352673
2023_0259,2023,83.07470732772303,5579.815032922853,54.65940116778538,51.20409014951493,49.63758830046619,42.67336506945337,male,1,5.01533390272456
2023_0260,2023,78.96189377664864,3862.59184204455,82.55673930232317,39.4779460694234,51.4207764318554,41.73922814241773,male,0,2.0828767686185476
2023_0261,2023,34.867332974759734,10784.826814524875,82.68787258698657,43.51834817709628,36.677165196976105,43.76715681773214,female,0,2.0518667734879767
2023_0262,2023,63.07202678468379,192545.17259231428,55.7540025806577,38.71477743595159,39.8244169318576,47.52717621177852,male,0,6.660869289608324
2023_0263,2023,92.04113905864541,38856.941383520025,62.72679187321443,45.38213910062868,36.14441288975077,60.985706178114064,female,1,91.49185939839433
2023_0264,2023,60.889226701490855,843525.627323038,61.76008962468828,44.857664439478384,25.72601964206443,29.005077994090996,male,0,56.68445438288377
2023_0265,2023,101.13545507731168,97764.30022523638,82.24256872145983,66.67483216264611,53.93241024751028,53.76581582732749,female,1,2.176025396257917
2023_0266,2023,79.52027283970475,17311.792964580418,52.1269780151969,45.284661957907744,48.26132696152055,19.878420938686226,female,0,2.82921701435156
2023_0267,2023,53.37960487120485,216129.09373220516,45.333804751111245,37.90179561761378,37.34627848794981,58.93711148817319,female,0,1.2856314520215655
2023_0268,2023,113.43486653770805,12242.458912638374,91.67514476562161,54.76853594906375,52.25897099967433,24.57130659462843,male,1,1.101034288161565
2023_0269,2023,53.267411756464845,9345.02801180517,68.12373286920075,23.49367229643461,34.49001985606097,69.36394638034791,male,0,229.86679753407884
2023_0270,2023,105.38630681675842,22223.774986299984,74.54413305918561,54.60597250461135,20.800273970762696,41.10232170522845,female,1,15.085741104866823
2023_0271,2023,68.99827698535694,405672.39607667836,62.94893994800007,39.99645630909527,50.88377122646508,57.90383060773035,female,0,99.36003793712888
2023_0272,2023,62.462989028861855,15266360.908851016,69.65784923718023,34.66539641993488,28.001612066508866,55.84156023410864,male,0,112.73049837406913
2023_0273,2023,63.406330703241636,863.083679567825,49.85794116659014,36.47901647668032,38.84028758910392,40.635109086955914,female,0,1.978818600072458
2023_0274,2023,92.16487209339687,73667.12000700599,61.5907943313977,51.897654984603534,41.26329163824544,41.402507818123986,male,1,52.588633329808424
2023_0275,2023,69.58417861863782,27745.83295252954,66.05157884522605,53.92458276006491,44.658508100835,36.62841036867724,female,0,443.634045177126
2023_0276,2023,58.29845648628475,289837.13372171816,42.29109107099758,54.920604167800924,49.2924945726,52.87370166444289,female,0,1.135984868241162
2023_0277,2023,90.1606004232161,156239.44604273027,66.97482386185771,46.71874838442189,45.014322776937796,40.76531895781532,male,1,411.06444389384967
2023_0278,2023,59.793271770724054,6442.3925730722285,61.35835629665593,38.819226267566066,46.30442419088588,36.81016471949266,female,0,47.76293880694442
2023_0279,2023,80.34950472926127,28377.29977212585,66.97309768049638,51.07410042711422,31.284574661614524,50.37276011956152,male,1,412.09339065112135
2023_0280,2023,84.32688297542103,1355.7845856716958,64.48918192179019,64.09545515550124,42.14537800824925,36.02823558594251,female,1,203.11046629978378
2023_0281,2023,56.000253673045606,9590.198445025915,55.04108074125503,45.45506552631617,25.729444799798436,41.71017708247997,female,0,5.584528464276054
2023_0282,2023,63.29845087249481,78417.85445074148,46.7796814972908,44.92789862641042,56.43699836151282,46.07105864872194,male,0,1.4067048731245861
2023_0283,2023,71.82474905468415,74217.96685275121,66.44747047167412,49.362626134211894,26.760326113579577,38.57570510738732,female,0,516.719410048599
2023_0284,2023,68.70710354177962,748932.2984793759,61.99876013203757,38.03586591589068,37.332137214048984,40.08451319080065,male,0,63.038774164470276
2023_0285,2023,87.24344776660651,47151.42610828422,51.24718453431322,57.63886574354057,27.598068867341894,60.349832011394575,male,0,2.407887964515031
2023_0286,2023,70.39546986280084,6637.999705247219,70.62533412833771,55.98255342579798,31.891035478484827,42.957647997148534,male,1,71.16491997339496
2023_0287,2023,72.19340966214189,68661.45848672588,62.05049804927294,35.44087553808087,40.93441843847483,41.40373040216387,female,0,64.8774431420946
2023_0288,2023,67.56420238524352,112040.56980586372,60.38976048337885,41.7035975620216,35.507131433854816,43.24874861931278,female,0,32.25748147310812
2023_0289,2023,75.65670342371966,16430.59107709207,43.43105113192549,56.31928324207872,52.25390504403767,49.54454988499067,female,0,1.1749786767680397
2023_0290,2023,74.66465204310408,13830.702633097535,71.82767512307893,39.74857864016228,43.07127916978759,34.661363173261364,male,0,43.38006483585162
2023_0291,2023,90.85008249864823,97477.61731855838,57.6694895989087,65.49557799044831,34.56627361042179,49.27215400458386,female,1,12.21298829764394
2023_0292,2023,94.22651284856755,2839.6112352888804,70.63270254841241,49.74654207228478,37.8628448809598,47.55820190059241,female,1,70.72152627221537
2023_0293,2023,60.059307870815154,651445.3661407212,56.91731556567307,36.34336303222694,53.009201575129914,27.113446159258825,male,0,9.487735836358526
2023_0294,2023,73.63679979354454,94677.80058551113,61.112734824520146,50.59597410594292,49.897797541677505,62.942556034087616,female,0,44.03567055874993
2023_0295,2023,73.711239478773,25895.756512404063,81.52292491749911,47.260274393542595,27.800903350905738,59.608135607632065,male,1,2.45960311115695
2023_0296,2023,75.26826438649317,30773.97213099432,70.31618200803373,52.225402501616955,33.986676341462555,36.994370672551625,female,0,84.14150795693043
2023_0297,2023,67.2682655576389,18517.95126743867,76.3003994628947,47.51625999023349,45.55264608503055,33.77573462302717,male,0,8.46762442481652
2023_0298,2023,87.62937962168911,1798.7299752631216,73.30385494621574,47.26406065532408,42.73719952613067,47.280514970252426,male,1,23.075005067526323
2023_0299,2023,90.17466800553274,200194.0520978256,73.9614358434078,55.28557256005666,28.68568077059839,30.74136712168712,female,1,18.6109478192618
2023_0300,2023,65.90803765411619,13424.824999380875,47.188609997738226,38.512257094404625,48.2987571589593,58.64282953702256,male,0,1.4513584791431533
2023_0301,2023,80.47303760480501,53121.81217511335,61.824750061334456,47.48976556669059,31.882349856734173,40.31546264247607,male,0,58.19212288739804
2023_0302,2023,124.83493663248512,13625.912640454915,67.75091068151391,74.8779824495542,52.25130600630198,61.21806928308816,female,1,273.14423800475686
2023_0303,2023,79.69870824150382,145179.74671190407,77.23664820351975,40.292953971125776,46.099786054058704,36.75596629613733,male,0,6.447871007732761
2023_0304,2023,61.84674214110244,25231.589272965095,59.93770672093072,49.33776273858507,29.469436249036328,43.8779791443328,male,0,26.74239142037143
2023_0305,2023,98.79781824285278,22463.459710438692,72.64859509056123,56.24440641667516,33.903942218351254,57.67212606577366,male,1,30.493086933361404
2023_0306,2023,74.23329166057484,51268.97034685525,67.25757343084753,44.240577030631805,35.32992924856847,41.7676052036117,male,0,357.80924170885254
2023_0307,2023,58.2483927755278,51916.46062640682,76.57675160280728,42.34794879268476,42.40036598023633,47.72091743175741,female,0,7.787345154005056
2023_0308,2023,54.892007027793184,941529.492357303,63.662559176938665,35.42582553648446,38.75819125089497,55.926587556380134,female,0,138.20664601349836
2023_0309,2023,66.86719071083212,54211.39971890279,73.27786948693146,47.35139949282455,29.333655977048345,39.43952549165834,female,0,23.27779728395913
2023_0310,2023,75.57707602701434,9267.155314165559,47.95134865862475,41.11258250080611,26.843465946312012,32.38260909452309,female,0,1.5488302986341331
2023_0311,2023,51.38191732398572,7963.8071594932235,48.85980567056058,34.951999162612736,46.29572357732259,30.412894036924218,female,0,1.720302246333327
2023_0312,2023,60.29102132345594,706058.9717541469,42.16655655375473,54.141732622482984,43.66523101428727,50.83432749437875,female,0,1.1289071038679037
2023_0313,2023,98.22651708990406,721526.8788306097,77.85984975133333,56.99009622702343,40.25643094762237,48.88778386997618,female,1,5.522054593478899
2023_0314,2023,67.9172361327058,34840.67232701668,71.73666937788735,41.71901042656761,43.51002590819421,55.61663173081091,male,0,44.31175536605194
2023_0315,2023,81.66273620598996,76050.94346104737,73.96827573899282,57.40056614746298,34.6046193332744,42.2595528101741,female,0,18.471887837392394
2023_0316,2023,53.386325459236566,13031.473778643609,58.22638164293807,25.63918464467002,42.64176350132919,30.692627423994573,male,0,14.4580304402218
2023_0317,2023,91.02164933449455,733.622313318686,59.364523424653335,56.728208037290884,66.21044070549252,21.472476937184236,male,0,21.434461987181628
2023_0318,2023,77.1200755643042,23719.60861139787,68.7895235733769,47.19812050863783,50.957416878678906,73.67962534351702,male,1,167.96405530610176
2023_0319,2023,47.20836281171739,192131.92629853083,79.43699302947657,46.1153253941552,37.91303140589203,50.26923018537503,female,0,3.6784813854018137
2023_0320,2023,66.91087220502693,50848.83022300298,81.93828127622051,38.11936245879289,35.561048811516585,46.36791756082294,male,0,2.2961871810915353
2023_0321,2023,81.15541071753991,19155.91177310532,77.93808489841362,46.769989595475764,15.0,47.78639760313816,male,1,5.37898664239373
2023_0322,2023,67.11244335955121,20476.635558383558,68.31019724803501,57.138865259684344,51.49762847137683,30.686610517675636,male,0,210.87172284531937
2023_0323,2023,66.76273121045334,353787.7146025236,78.35382697700126,62.56216567395285,48.67391959128587,37.05128009036953,female,0,4.854955811237434
2023_0324,2023,90.54225787892568,14169.64174051415,67.44157542850442,53.78774349348922,33.75628202754231,62.43330127991242,female,1,324.9755666613246
2023_0325,2023,59.07588967803221,6673.831726504169,61.09058469517705,47.35474702194295,26.468606094399952,51.583472858522185,male,0,43.81604173557396
2023_0326,2023,71.8265615257969,75476.85855958695,63.70977879386189,44.569912516625,29.23577289367084,37.36402342372064,female,0,140.4708508514462
2023_0327,2023,89.3266288523283,15078.714700155204,60.21285630580422,73.30506837352856,43.64842260341903,32.731846719167606,male,1,30.303099469301454
2023_0328,2023,103.53664870754764,1390854.223124753,68.24990635628387,34.86849552546465,38.30569925603823,39.84305891055433,male,1,217.02227542494745
2023_0329,2023,65.69627747471694,66012.6907374584,53.8259195621606,47.7712344127022,47.722836096248884,41.84569352777122,male,0,4.11648646597326
2023_0330,2023,82.8535257713341,9030136.884129966,80.25007818899579,48.728736858560666,40.06529581506552,65.49146035846704,male,1,3.142441356839167
2023_0331,2023,50.62289448156614,1435.232383701054,70.43687391033018,20.440359785288212,50.477255909486004,43.11732624034045,male,0,79.14249801776455
2023_0332,2023,65.77890568551629,153365.68743167445,79.29562397547825,40.39469902570759,44.499447155326386,33.104482158669875,male,0,3.8477940112859113
2023_0333,2023,79.80795428637377,5846149.065307582,53.707171970858106,74.48048790910553,47.49624175540842,44.41397636389915,male,1,3.9898354920933574
2023_0334,2023,54.00038145995222,21713.798226706862,84.01696946922073,37.439508095996,19.882269056671404,47.64338468378001,female,0,1.722453968687543
2023_0335,2023,97.77457309146988,131534.03379011524,54.275245862065596,63.90765506564611,26.84420083932043,32.194534224126286,male,1,4.57794405017584
2023_0336,2023,49.72329938836608,36639.07129867139,53.01691924916794,55.98672197063367,37.15283978442485,49.021655344526145,male,0,3.3956662967433724
2023_0337,2023,81.62193378332913,2076.1650786313276,58.791784531369096,43.87303197380478,51.60648353685142,57.0891595227157,male,0,17.948382509810642
2023_0338,2023,69.0971638439554,88948.36638298265,78.07720691969865,45.20455618411292,59.62410255793807,46.386712832507634,female,0,5.1874902186832355
2023_0339,2023,92.06157368975039,21884.10649499652,72.25573497228574,38.837020934588885,37.555999818307356,37.029348481503206,female,1,35.87354084706276
2023_0340,2023,57.15234059449414,3389.247286266959,62.56170749478428,36.83836136827353,34.678083560479315,39.7112956242985,male,0,83.82656818323757
2023_0341,2023,75.14372296342938,28142.662666486467,57.073725653548394,53.07007624329996,21.23076487197939,28.41164023338138,female,0,10.13758698578467
2023_0342,2023,67.47095066402605,27277.530507846215,51.240648493393,44.606790970370675,49.44427327837237,43.661647658974644,male,0,2.398875293967098
2023_0343,2023,60.639033572591984,4271.335784250666,76.3262732369301,47.67341441443682,35.29259234230329,48.10779956829913,male,0,8.425391971809198
2023_0344,2023,69.4982469665159,21447.482896066118,72.98639261048639,45.331575796830506,70.41293004027513,36.03367415134522,female,0,26.278470716258454
2023_0345,2023,50.6721454456062,143787.14488065793,78.5245037709235,65.92003944296431,33.39856676045452,64.39700151027628,female,0,4.618176822299781
2023_0346,2023,51.146728684508616,245178.07505265484,68.96818126981124,39.69480168811399,61.87380371957525,52.92279495451148,male,0,155.6328954893259
2023_0347,2023,56.298139146989215,174416.20265592274,38.57897541444465,60.0541004298631,48.291157509710544,27.072226610515578,female,0,1.0525860068943558
2023_0348,2023,70.99527267609714,79262.3669076559,52.55417067318548,45.335032222067326,30.50707336279312,27.277374414924424,male,0,3.08406952740158
2023_0349,2023,67.46741678193868,1673139.8979484474,69.64871305846708,60.94198974580798,43.1237593243223,35.15976197296182,male,0,113.15403137101356
2023_0350,2023,102.98979265555752,21488.33251866252,66.3028297476398,43.750219107418495,46.921519070770174,60.73185406759273,male,1,488.45629513583265
2023_0351,2023,83.30010147831423,26415.41307537697,64.41158033071873,57.84652207630861,36.94522555290901,53.909217105523624,female,1,198.09565101887586
2023_0352,2023,73.24667840481342,99780.66419267748,53.967732351104715,40.0631321607653,49.1882069326285,61.23712195558287,female,0,4.263114515168817
2023_0353,2023,66.36129447604719,47166.81867276697,74.4758956741454,45.39472335850039,48.96773116508008,45.10209286562755,male,0,15.429017659104053
2023_0354,2023,58.06954805259071,652198.607420559,69.56192637414308,56.22376262666128,46.76934839094725,42.90510672037722,female,0,117.47787288755953
2023_0355,2023,96.35307670712919,165324.22622531955,75.01191222908122,59.78809605357945,39.03510158584447,32.52490513939376,female,1,13.016919353630387
2023_0356,2023,66.83988141754767,157281.87143852244,58.66397751214943,56.20382690026938,29.03884970604567,48.496839249167955,male,0,17.03040030039619
2023_0357,2023,61.20880805854601,349355.7941529439,66.7628775889981,37.297789067260545,40.03137839149291,43.038318330829796,female,0,457.14471326890896
2023_0358,2023,92.91999087144092,102788.00514059339,56.62235073803519,47.77165542476284,40.96240728379559,42.65327809518138,female,1,8.574134028308368
2023_0359,2023,66.20469614062608,48476.47276896784,63.701720191538065,44.16105073137266,22.020730780911375,61.18050841052838,male,0,139.94507161297278
2023_0360,2023,65.96311931482498,59319.598173541875,39.72070421406891,43.61347821608915,42.494045513073345,43.73654397135439,female,0,1.0738496547270338
2023_0361,2023,63.37406850089201,544638.9076905766,49.31883860865445,42.141406311758075,39.83101933925046,58.30981444047685,female,0,1.8427333764664307
2023_0362,2023,54.450514611063625,742.3462654220612,61.77688155747989,34.413682743293144,27.820773031442602,29.119253388573867,female,0,57.039841651131255
2023_0363,2023,68.24765415894872,34145.34578756696,88.75118146274932,55.98651589851888,37.46660602917551,71.88112232862922,male,0,1.2092495976572515
2023_0364,2023,84.47285626278585,155366.55465860126,51.99256926575136,52.37162799366512,36.07841806818867,41.26729538244631,male,1,2.7628147582741676
2023_0365,2023,57.29671132355932,80300.7202367794,52.564194074601374,58.260781222126816,60.12024628026912,52.07184023274026,male,0,3.095656500124711
2023_0366,2023,65.09300155897392,4525.865175158977,67.1677479669281,44.12743365204058,43.00338464523544,53.66272911946512,male,0,374.74657593137323
2023_0367,2023,99.84026544172178,350173.63008380734,87.69422906014603,62.48428930814045,49.57081296565914,40.02643269624564,female,1,1.2728392053366526
2023_0368,2023,94.35613507690981,39296.79105573918,72.02172496988074,61.577096429636825,38.02066880204861,53.190300900590536,male,1,39.54740187919133
2023_0369,2023,62.18857791642411,96342.19721997001,72.02141852304156,35.757252596491476,22.042095666480808,53.71003176581239,female,0,39.59686704082555
2023_0370,2023,61.78653942132143,1335.9590498498776,61.623962493235226,47.67202921552489,47.53014190670445,37.86855498954232,male,0,53.183595843928664
2023_0371,2023,73.85813262188768,154478.9590898983,59.893784110606234,63.28332944467106,34.21155083682871,37.98699775818107,male,0,26.18011099082296
2023_0372,2023,43.532642305527595,199691.3727053284,65.82184352067756,46.51612253100357,37.44064269882101,45.45306823484743,female,0,392.4856594021677
2023_0373,2023,75.47364989199481,11840.677840918965,58.41710609373896,53.01276739559675,30.259757796354137,43.84506052314664,male,0,15.486985096339938
2023_0374,2023,48.75984225069661,22285.504516079094,72.24269338717745,50.93271844592185,41.528406317852806,58.93130095849535,male,0,36.18881162764893
2023_0375,2023,78.3459209167702,22968.961457728827,53.93728101054416,59.07049658364987,49.86243539984075,52.02668184945079,female,1,4.23126075721174
2023_0376,2023,62.35734168736774,15522953.335814927,73.89987032566833,45.864787177247464,50.136708465831006,44.29576430536909,male,0,18.93950590430972
2023_0377,2023,89.20124142930845,17766.734889783973,65.39313012302752,49.47315559121301,56.677756972929494,51.06077958707674,male,0,315.3710871788779
2023_0378,2023,84.27419360014267,2573505.7417318784,62.85279131399137,51.63282546475613,58.09687417412065,24.533469222033087,female,0,95.58347983006624
2023_0379,2023,99.56487755797136,21753.538320692063,53.570154398135784,42.478359429489274,18.720798955115185,38.84689026368258,female,1,3.8286030585923507
2023_0380,2023,71.0654237829545,35539.84844648558,55.2021132800213,46.47302889096455,28.85185818509939,47.878210083188876,male,0,5.863519379374574
2023_0381,2023,48.87723031987525,73997.13882651104,76.98651473133178,42.15922119252683,22.7000023009512,56.1536550189245,female,0,6.863722959548639
2023_0382,2023,69.06758162880699,317876.3993106551,62.91401001966634,40.08473156348292,47.1256234079998,46.99769334655794,female,0,98.49443016194631
2023_0383,2023,62.00778481440029,247831.8677934136,67.78398465872822,56.95964379028573,33.86225134417048,59.58238999977657,male,0,267.4011592703318
2023_0384,2023,59.33330666377278,67129.54783394594,56.20467986684653,36.668537519361465,35.90330487824226,53.67939858025264,male,0,7.472652327150246
2023_0385,2023,94.04803089974659,61012.10220526431,69.7094536377455,42.05230939689998,37.03185970640617,40.11670575928655,female,1,108.98933135916704
2023_0386,2023,62.788899905533015,2868.7649465932122,51.278479518800204,51.95716225385854,44.62953258778842,43.599693540462304,female,0,2.429049430604288
2023_0387,2023,76.1929954596885,53697.25519196621,65.99882254287887,29.79606143446111,25.93193630945537,49.084216862385716,male,0,429.4477152409339
2023_0388,2023,48.140452323873326,56120.6538551135,68.70640897270205,24.720569220414365,28.198776739032784,40.513644471436365,female,0,176.5757565734087
2023_0389,2023,68.25011422345982,328412.99701119546,68.20614727185017,53.08267689989965,40.812975027376375,60.312901779165934,male,0,222.51622048381586
2023_0390,2023,58.70902776485956,23874.500859482592,55.96415169509838,45.58722250562488,52.79944682090622,33.91273865707711,male,0,7.01113780799407
2023_0391,2023,63.40364171084306,33372.62286324779,61.579490158994986,48.72719627368776,40.54577199345664,48.16106450424386,female,0,52.39179525687797
2023_0392,2023,70.54626419479241,176126.50976266275,70.37194145981631,39.57572425220378,32.87548633911585,52.35446813605057,male,0,81.75688284043044
2023_0393,2023,56.32692137389933,16032.40540695706,62.88562404721902,30.155938683909806,19.296431109820258,41.86553010538898,male,0,97.39257736568264
2023_0394,2023,94.14232139312465,170021.54943653068,67.1269461765989,44.142127863823326,48.73628260645339,39.612006673507516,male,1,381.839361297667
2023_0395,2023,65.37661794790735,5784.539903306972,84.03467608625556,41.278111005687165,33.433324189601294,44.23918703550001,female,0,1.7160068621848585
2023_0396,2023,85.89413134823111,61387.30855556735,60.49010881133876,43.27597142081958,27.714156473325275,53.11998512785174,female,1,33.49010426102556
2023_0397,2023,62.7942751398908,2736.2723008118774,75.80418468088982,47.07052907045653,23.6295944831476,40.001520024721465,male,0,10.150266892807759
2023_0398,2023,65.95448108813073,1139796.3738249894,53.45319336495069,39.37542061965581,26.394600880468925,34.31078813090708,male,0,3.683082362144945
2023_0399,2023,59.82163487436788,321721.73566860706,71.54781085771414,45.850360473653055,31.17824565325693,56.50584776993026,male,0,47.287689625187014
2023_0400,2023,67.57094475325611,108208.90972834396,72.08152558123973,45.551481282264305,38.40912415069654,48.992964729355876,female,0,38.378599517109095
2023_0401,2023,89.71823378333924,48289.268378994784,64.89634844942954,59.86799554424527,27.100495535345825,55.07857430489517,male,1,243.47152616066984
2023_0402,2023,61.38717462933039,1126396.7128403098,52.825231471378935,48.99482527288998,42.65893745585185,52.59331731267441,female,0,3.2584447141828266
2023_0403,2023,83.39842233902984,21530.764542035748,45.295667961965826,40.56099409220755,38.3330581234198,66.79889308281965,male,0,1.2808193623837218
2023_0404,2023,96.65239922561621,43193.81703433875,63.84886491074664,57.8396926663383,61.44214281473712,56.14972035606546,male,1,149.34364608987593
2023_0405,2023,63.67287767377046,5154.776909735857,70.26218647952324,46.36008128420175,23.73852440490945,37.75920438125179,male,0,86.3794672501808
2023_0406,2023,68.95860430824709,44637.42700522306,54.223718429004215,19.71109690906635,42.416409097426936,49.70267967231583,female,0,4.526730794314252
2023_0407,2023,57.23179863226492,114964.60980138954,65.96948580923728,50.465257458594905,42.54178994029998,39.425112789564544,male,0,421.9977574827614
2023_0408,2023,88.13228393221416,93345.37998119438,55.235702020891544,57.49942196220251,28.884120386729286,40.45873836162166,female,1,5.907661099255318
2023_0409,2023,64.29922549561752,528820.7565634071,62.66111807896036,49.64048865243571,41.753476498449075,30.874995993847012,female,0,88.01436149768021
2023_0410,2023,55.03206090090117,1217556.200416774,53.529560958012695,31.131564045527373,48.50363960773122,42.138868181334615,male,0,3.776320036044043
2023_0411,2023,96.37354047994418,165786.86446400356,69.22019498105573,52.842268248376065,40.16587974040391,50.450342885347,male,1,138.3795123399606
2023_0412,2023,62.44387297387174,12799.842352228214,59.98920530392468,33.084705434344194,54.65847347704657,44.339782948662595,male,0,27.4536739354601
2023_0413,2023,88.94533332552597,76534.34449168436,58.096338637624,63.44601376212875,17.401346942865665,34.00631596751309,male,1,13.873769902129904
2023_0414,2023,86.81280140876645,3779049.5099885333,63.4112652211106,41.94883457931506,30.76924353784477,29.76980667531685,female,1,122.11949102118204
2023_0415,2023,97.09090590643099,3008874.409350755,55.65843137758007,34.71345218077679,55.56531103278175,66.11845935480567,female,0,6.480191095657748
2023_0416,2023,85.87384849825987,141180.83843587668,56.86075299762587,61.34314128271981,48.329383595971144,48.251607530414994,male,1,9.276645452163104
2023_0417,2023,46.81323046114172,33129.94097763085,75.82745825289417,37.70625467722752,46.21052222977554,36.75930830400114,male,0,10.03671630989384
2023_0418,2023,51.500680290411644,25164.964920855204,61.39825135549075,34.71609343210941,53.14448621925978,49.61783459702876,male,0,48.424215071345174
2023_0419,2023,75.09302622695435,12501.115653041436,42.97774550926335,53.067194295401826,21.61525563419528,66.89186077806087,female,0,1.1545954235849034
2023_0420,2023,80.8645269168313,4861.3088162850045,58.767191924053144,53.47711756591868,48.76406273385543,51.20462359645895,female,0,17.792019249741504
2023_0421,2023,60.682028086271465,114272.13208527709,74.14711713818265,51.22071192540999,51.454345325818416,17.129321309714673,male,0,17.61498570026857
2023_0422,2023,80.28949669635463,148807.56528062397,57.38641366742623,52.487096739402936,34.20641133658088,71.52291687986943,female,0,11.203766316151377
2023_0423,2023,74.91589999842545,66487.97309339175,79.97743878133629,41.684207210619434,67.11866355009117,26.507535197096225,male,0,3.336759078067415
2023_0424,2023,65.6051986901391,1270504.9986847395,56.43337945038411,41.954070253633844,42.76545313026119,42.93988054623168,female,0,8.105152738643342
2023_0425,2023,64.89553716229464,514097.4426561336,70.03408055816455,37.51918721466397,18.850381884489504,33.665956999671494,female,0,95.4640751237676
2023_0426,2023,94.30870226415654,341508.54285172134,80.36638584591012,57.67729167715977,43.016532699316876,37.599978900267864,female,1,3.0610255289588695
2023_0427,2023,76.27455822153641,218368.9552360352,69.50193972311433,38.72101672674152,33.594201099806114,47.84409684982637,female,0,120.60249834013135
2023_0428,2023,71.47294565595023,129148.01648908074,51.2550602535897,39.66933794073023,52.461602692034475,24.289764912013908,male,0,2.4199575531642634
2023_0429,2023,60.73191698201304,11819.957824434307,55.57531423078436,49.999004339829,46.28491977424689,44.09754414510411,female,0,6.351874714737974
2023_0430,2023,65.7579295297369,28359.513380907232,76.70070990386581,55.8453924551438,34.814800056515324,56.47342422741361,female,0,7.416817078606142
2023_0431,2023,87.31263454721925,150905.161147076,56.953885436680224,47.98260254270095,55.839543701811586,36.567596754124494,male,0,9.631124601110287
2023_0432,2023,70.01213797296192,103789.7961673043,74.75676513902205,61.94315865242568,50.20390757285289,31.097149400578445,female,0,14.030731064621612
2023_0433,2023,76.19325426882615,38985.40743416344,60.69715278185056,36.944844279672516,32.51252092330216,43.606948978442574,male,0,36.68984449463732
2023_0434,2023,97.89884987249232,2241.4853212614003,71.4143731921915,37.620253607907415,37.67802874358592,41.616585099486244,female,1,49.89895197340787
2023_0435,2023,70.23357743997703,28965.405356178475,51.13892722979048,51.14627889589554,45.97433707554844,39.04772329665531,female,0,2.3661164915617174
2023_0436,2023,68.5869890001507,340814.3530487832,58.91732425287502,36.281664473532686,37.15372473964605,33.11653923882386,female,0,18.494992134366374
2023_0437,2023,76.4739062532498,51047.790257822235,56.24693619560278,41.26307758224637,37.45266196748897,50.19184581186122,male,0,7.595074917086931
2023_0438,2023,74.68642235310683,28477.534720273194,67.25599650558173,26.30203489878876,41.16761753292748,50.952635114417305,female,0,359.15354535924985
2023_0439,2023,70.13893478011549,514853.8969186184,65.93197579715883,35.00789752654174,30.13135617378573,34.343532655435126,male,0,415.1957102373434
2023_0440,2023,60.56237474452112,254434.54106907276,69.62649896245634,28.97772583420764,18.45001896084455,35.7274635539624,male,0,114.14847348501894
2023_0441,2023,71.35558805548472,55583.92021358892,60.09477496907327,39.656967365796966,43.19373997194369,46.364919940057256,female,0,28.538384337863775
2023_0442,2023,66.82992063531917,7040.339043310971,55.69769928705422,40.054485061170496,20.891111507555188,35.35028341912333,male,0,6.528975240743788
2023_0443,2023,64.41744088654924,89214.19845153928,66.82729085544308,44.89960411548209,30.859682581521344,46.786619826967886,female,0,445.85777008251677
2023_0444,2023,94.28775974966068,348051.227051956,54.70411096992966,56.39722964355175,23.06646058692479,59.680465286160626,female,0,5.053090316563868
2023_0445,2023,77.10948692292172,41320.45109917301,80.78422526422588,62.769062648978185,22.69907107790936,44.401773187716856,male,1,2.8186273186370023
2023_0446,2023,77.08512859057483,13158.9741330102,63.854776134108874,27.778303637895192,45.06781529293411,32.863836325607586,female,0,150.27996683234085
2023_0447,2023,58.873290557461694,303148.21448911034,61.73864890295044,50.08015435612857,38.574695267748666,48.92103497321749,male,0,56.33128135834348
2023_0448,2023,68.81195489343396,101341.8559802824,69.62175622750212,45.117546974414594,38.213411440764084,43.22345270480384,male,0,114.72064508943137
2023_0449,2023,93.18587519090185,171518.5385193027,64.23635500568284,43.02173567963902,27.627823145923664,43.49842962508686,female,0,180.3681427970098
2023_0450,2023,57.87631005175937,76486.44313495354,48.41948283164803,43.773004700627745,34.234950620725996,49.75322872878789,female,0,1.640498239057044
2023_0451,2023,60.26127345172736,97204.17720160377,54.38570100610566,46.04552428086255,44.56831614369397,51.91037402778326,male,0,4.670424654556906
2023_0452,2023,67.324862628484,5782.677358635914,75.57708703864616,37.08113208986435,40.27860647428193,45.355021654733044,female,0,10.899860598228853
2023_0453,2023,59.02783042368638,434172.862454607,65.83884347844582,42.17649142475359,49.03496735103027,44.393196832907165,female,0,395.9349776820701
2023_0454,2023,76.34056350940301,50343.603395577804,48.18432197636559,55.83939123891834,50.460571041380405,65.6354149047339,female,0,1.5979954499506333
2023_0455,2023,62.15470563936705,26370.50432659142,68.52112066715166,36.96094215574467,38.27527921883531,57.00553998907298,female,0,191.76103740021955
2023_0456,2023,74.04009640149337,20760.119866682322,59.407411801302516,33.70112023824905,22.258984647935872,53.335461180651684,male,0,21.75840239619708
2023_0457,2023,54.208108681999306,183680.47059031937,56.25500047491218,43.38292652126149,33.22598456034717,46.31205945880196,female,0,7.614086358779973
2023_0458,2023,49.431684978457746,39809.119560816725,53.55127274366154,32.694335432436525,39.82213029846435,34.94256764105026,female,0,3.804748911336491
2023_0459,2023,65.21015021046951,88919.29802570862,74.99929471318687,26.772168785456614,33.02736460943881,56.27386385933994,male,0,13.131317158490017
2023_0460,2023,51.81492161962405,24768.815680446336,45.3450162799465,40.555328229251835,30.243211644549127,46.44294146718021,male,0,1.287239496154795
2023_0461,2023,82.6826891276545,43544.67793493909,56.624679255605095,58.486218845639236,41.498220365077096,39.228309861768665,male,0,8.595596179890414
2023_0462,2023,77.20196509505001,19116.894269832243,71.20126765911242,55.61395904123107,63.52733405836015,42.56859546412306,male,1,54.598150033144236
2023_0463,2023,57.12313312329302,180594.46168923948,80.78363068903496,45.78577094448213,35.913237499015885,35.33817433761852,female,0,2.822152805755701
2023_0464,2023,71.6361988547461,515175.7143410622,70.53858196350319,22.698516418488747,40.77191341655733,55.573290429858616,female,0,74.44048894034542
2023_0465,2023,61.63636049937994,6131.2053492458035,56.53975384467198,48.38125492440947,27.6665208689178,51.830370831217856,male,0,8.351991387920798
2023_0466,2023,52.31612030132396,71211.94730001633,80.29353454106814,44.93365861309792,53.24644456096555,46.81632461528351,female,0,3.1189612072867923
2023_0467,2023,87.89964160071959,58706.71788419305,51.44876600295027,37.35085171960645,49.556177863947745,44.5721442637473,male,0,2.5250225667143513
2023_0468,2023,57.48366196840426,45218.23667206184,67.65336165355154,45.80050471402374,48.86539873605383,38.193311227501574,female,0,290.39730424364603
2023_0469,2023,90.53742192503451,528806.2035027696,74.87784645752215,57.7012161715796,52.8115560711605,23.699273562414795,male,1,13.497439489354297
2023_0470,2023,65.4080747989397,258956.22665194122,56.18884416799559,33.40512071642065,36.52231303950498,30.87073103339933,male,0,7.444682357394025
2023_0471,2023,99.60309151966578,40666.834937397056,76.97593051888254,59.318537267799094,36.172797623345325,37.5735466048071,male,1,6.87230797776662
2023_0472,2023,72.12352460671059,53984.56705718245,59.861098710590404,55.97135422527155,57.91588410418536,36.07033617986147,female,0,25.952034310305404
2023_0473,2023,59.231989622689944,6519.275523536945,71.95142427517965,41.720585245264836,47.133608310475026,47.89360624616065,male,0,40.95606881790978
2023_0474,2023,64.24172782556693,1404.1806027379275,46.604045074137915,35.324057975628925,18.585589568344943,53.11493741973321,male,0,1.3961940514269484
2023_0475,2023,65.23077566458184,110289.81591836792,68.34976090228875,42.224199301982715,45.35275796612646,43.715607810989646,male,0,206.69618297089175
2023_0476,2023,74.98959498198562,17467.78536143597,60.87893327306395,52.54613195064429,34.97720241169634,59.089169351214345,male,0,39.74563405604589
2023_0477,2023,55.81678085141399,31697.249679235014,76.49703782967822,31.736811607027278,49.790699964813136,37.1710228041337,female,0,7.954596995671084
2023_0478,2023,87.68110556755782,360578.11755711376,64.5601927022905,49.78558258784181,44.88598659889593,43.64462873251722,female,0,208.77351414540894
2023_0479,2023,59.90816612540556,29796.437415132805,77.49229533720118,37.21985541479519,23.37716693213178,44.49012820722404,female,0,6.095190392895576
2023_0480,2023,67.41250603243407,566880.0151207373,70.07612765033052,46.42063081379737,43.49099000665973,55.921863288344184,male,0,94.27820133691306
2023_0481,2023,55.90010560306758,82199.34311361104,63.724915409518424,38.356687249544365,42.90838354978859,46.05887082082178,male,0,141.88260637295846
2023_0482,2023,54.51840988359383,105698.20495843711,72.87669309614294,38.32983044918439,44.43825948951251,46.335689145581284,female,0,27.694947615370605
2023_0483,2023,83.75571590922377,33078.96583932891,77.94058464527122,71.23094916235047,44.961043807652224,28.451568849920786,male,1,5.372267109673626
2023_0484,2023,57.794767823357446,344866.51014415326,69.71910004491214,29.909134094665085,55.77461925781553,36.00093290789245,female,0,108.44574480123757
2023_0485,2023,63.357429758451694,1516.9330163123666,42.07698625374817,48.85366177545544,44.94302878603912,55.95952273697583,male,0,1.1260883610049077
2023_0486,2023,57.71034971236259,290530.2051176354,55.17439509235602,61.31324410921287,41.02921358934939,24.246577364028163,female,0,5.826986666901473
2023_0487,2023,74.4555242129421,57587.67560523112,78.84105846505923,50.85521926472823,52.29115521742413,58.429926524306275,female,0,4.354675084245232
2023_0488,2023,59.67016104681625,106621.06607019319,52.44054144564734,30.68902980960818,63.24983464313357,49.9966448895423,female,0,2.9966649890869297
2023_0489,2023,58.561845065480846,1869635.3613602426,73.82461150065807,31.184194910845946,49.95985824922257,37.52478671636245,male,0,19.49191959603112
2023_0490,2023,63.57031135882731,104366.65794182497,72.06452656779669,36.48374623353599,42.86412332934898,36.679510235927125,male,0,38.76431085471242
2023_0491,2023,77.42838878696294,92496.21653285479,57.7424763841797,45.579079115198745,45.12963080318687,63.95955299848307,female,0,12.569207830853442
2023_0492,2023,69.64876173610399,28180.61800202615,45.04768372883275,46.25942694089052,43.36299803157656,59.11405806479421,male,0,1.2633286205703258
2023_0493,2023,91.5031047011253,9625.858731985238,64.31087402052073,43.28303445700307,39.38536933688601,43.80559228456502,male,1,186.09364225367162
2023_0494,2023,78.16955230031321,22757.804235034397,90.78015043633012,47.272425415530336,60.87336002337887,46.345917294523794,female,1,1.1274968515793757
2023_0495,2023,56.072915401362906,595281.0631942024,56.367227077906456,35.8851751301998,33.30197572309251,38.53818639089727,male,0,7.8852978976549
2023_0496,2023,54.71590059960376,3534301.996660794,57.05742655400729,42.192531918851074,52.360607340709414,46.347839778261054,female,0,10.024178252424953
2023_0497,2023,80.56851223672346,44711.31562032448,55.02417589690173,63.84695457291075,39.54017200356726,38.260963114307046,male,0,5.508266699044439
2023_0498,2023,72.80563123131648,17514.75625723242,77.1478447654952,34.66812934376552,25.98100410691137,44.2145697582582,male,0,6.62764806543158
2023_0499,2023,58.88379491075806,43756.45402913492,62.57084288374894,34.230421668642116,38.91493938669907,63.10329379764742,female,0,84.24675060482804
2023_0500,2023,61.856283561743446,961651.0539700135,58.74093771050861,32.66859704856156,35.326773904123314,44.04385953449574,male,0,17.659078257250595
2023_0501,2023,59.24709823762666,3630.650121532311,79.13474017195351,50.355445712422316,46.581548957360766,34.51978118726373,female,0,4.014850052994201
2023_0502,2023,58.64138783619291,4667.293765514745,70.79494087935537,43.58658403644898,41.71391522881229,31.33627952015026,male,0,66.27084123008324
2023_0503,2023,72.1030103121618,43528.9388938762,55.807097582897406,35.03773451830042,30.56951109488383,46.2711775736448,male,0,6.736227162362271
2023_0504,2023,89.62463779215688,278393.2267619345,57.7641608893822,52.37204416221668,53.92478921403205,37.391048455072095,female,1,12.632211247291739
2023_0505,2023,113.31167744297463,1337562.1456711646,81.58169964879973,48.08489699042299,50.112241384802005,47.46603141982536,male,1,2.4351296512898744
2023_0506,2023,80.00359824516998,187069.00046764474,65.16788163741715,46.95891281189245,56.67641587628498,28.804969068714538,female,0,279.35964447237666
2023_0507,2023,80.59480340466722,36348.78046592205,49.509359801438876,70.84376606796336,43.17201628732184,51.90250134575882,male,0,1.8917455986737697
2023_0508,2023,74.21356974948127,20653.527118955913,47.16884313106451,49.508644056922364,40.44231198651028,34.398351282069946,male,0,1.44411979852955
2023_0509,2023,63.27340929492811,82384.12208766372,53.83961284800242,43.070114848926366,47.84264043101239,45.46297259277339,male,0,4.126790556885119
2023_0510,2023,73.47790884529584,41261.45779112852,52.6051541189697,37.35024512512047,35.01947504058177,41.616967825600284,male,0,3.122862346499948
2023_0511,2023,89.01167305471343,35731.748703970734,49.539230290985635,42.565999181151504,40.501896142745565,62.1838896227887,male,1,1.8964808793049515
2023_0512,2023,83.80276050728362,826660.1613140753,54.00493013351504,51.33689731403035,39.04146422779313,46.71489173429527,female,0,4.311345343188637
2023_0513,2023,71.5427938304992,18926.033286077396,55.80919438356146,50.7935417836632,26.17504648492889,64.45471948114594,female,0,6.744652711186162
2023_0514,2023,95.12360358603016,438355.0346022888,65.3731871161543,51.33899003309194,40.47582960343912,50.6074240006242,male,1,311.8430448957007
2023_0515,2023,68.7707266242951,78810.28222165049,81.92910045127712,56.133339829426184,36.38592141364954,59.25405922312479,female,0,2.3019348306125984
2023_0516,2023,84.90266427360858,19768.805949761685,62.331567279017264,44.211069388850845,38.37205283817678,42.91201793577079,female,0,73.14911288123164
2023_0517,2023,53.16249666163215,56887.75290477649,63.32425162255785,51.74760735395135,44.441487305956045,48.45503049490323,female,0,117.6248120465106
2023_0518,2023,85.88287827668726,43698.851958332605,70.09255363798943,46.961970020330114,53.53805667120612,57.18643589018956,male,0,93.45686565909158
2023_0519,2023,65.63846192545863,9431.341706144645,62.6268192893344,42.22864120122362,32.30381139361474,54.04959948584049,male,0,86.7039983679049
2023_0520,2023,53.43851024184349,4403.126013704746,69.00152963886708,34.451153886925134,37.431052266555135,50.30993278184569,female,0,153.31582354153048
2023_0521,2023,59.97790268356944,32866.86352860127,67.80614876951734,42.544634076373285,33.14152220943829,41.72065167212272,female,0,263.749555636939
2023_0522,2023,50.991927372764174,456061.5925950757,66.22588565599243,52.42050668894847,32.48989231613209,43.4122350619328,male,0,474.61312571831206
2023_0523,2023,74.0365674558564,46172.10027406131,92.66466084418958,38.91864888100573,34.84836487406577,56.376619516033564,female,0,1.0832870676749586
2023_0524,2023,57.11707049653481,437.98168259482134,74.11125844044352,48.397413956031784,38.8335326690199,58.4591124873214,male,0,17.85886457858526
2023_0525,2023,94.186676662047,38573.837024075656,59.18278015293269,45.172641179759964,45.06457528534382,39.07137270720327,male,1,20.211464643161815
2023_0526,2023,78.84217030165847,5323.528636062029,68.70222186189164,51.80058336130358,44.00766210549622,37.5624102564503,male,0,177.01774822420168
2023_0527,2023,60.77983071433863,63864.20237692653,57.082631933402794,47.12941336489962,30.22086143917667,35.958662117297834,female,0,10.162962659624936
2023_0528,2023,89.81896306975608,2673.735477900593,74.46250764059853,43.97889241163499,52.15454484241071,53.29700615730155,male,1,15.54517031955895
2023_0529,2023,54.46633390083984,22473.48992229079,51.2481258289173,41.75985476478388,50.253567187835145,35.70524977937481,male,0,2.4108997064172097
2023_0530,2023,63.616428910488025,662746.9382728937,53.92220551916021,53.3144090931837,31.779131637396862,53.176034060217475,female,0,4.194398732132957
2023_0531,2023,118.24023625273372,235488.09523050164,73.43907562490126,43.409674593467756,51.453350028114805,50.45690343121013,male,1,22.11486484856476
2023_0532,2023,75.27933164110442,154403.46389768453,74.97669113598025,33.29049761375066,44.07265351008872,39.549081556342195,female,0,13.180652042928369
2023_0533,2023,64.85269581106395,826029.9657935447,70.02644348753013,43.30503045213507,39.23388241771828,60.63859313851266,male,0,96.06259401652866
2023_0534,2023,61.38311963818285,49699.112786268925,73.54117334535218,65.33330730432195,44.38438124523791,30.37741091898773,male,0,21.221185526912038
2023_0535,2023,67.07366604343567,4893.835161333273,68.73818558763845,37.27421915960502,40.54203433578852,61.595325997585604,female,0,173.5125619611118
2023_0536,2023,93.8005075219364,90260.30347288455,71.72496099032332,60.952739995854955,44.65623733135888,48.18885864245497,female,1,44.533868964140964
2023_0537,2023,63.30930292854242,1221698.0595141102,59.96306725741563,46.601354076013514,42.675028386542984,24.265336433413083,female,0,27.180505315606148
2023_0538,2023,72.80059195771129,32387.022696734126,73.13001808716797,38.10480099734456,37.422365216755246,60.918796358216134,female,0,24.779086224587694
2023_0539,2023,57.96552509939591,160972.41044621344,75.24879232826642,45.61133351784875,20.52147414079455,54.722125042199885,male,0,12.016131034932771
2023_0540,2023,57.91612325015732,24967.23757671514,64.36884308670224,39.52165337905045,46.07709723172558,40.71788316586962,female,0,192.4814912972456
2023_0541,2023,71.20195457050204,22150.830163105697,63.83073958221342,40.421952098834886,37.059710663348795,35.352794347586034,male,0,147.48846952317643
2023_0542,2023,55.813582464356024,303355.9367711106,80.91405811722237,27.387280972268666,48.58724556254891,29.30933256161615,female,0,2.73874558533701
2023_0543,2023,74.79017252862539,113742.91901831338,64.79578220183777,43.755637651336784,45.62156737337996,69.15446161810391,male,0,233.04929553315503
2023_0544,2023,67.35719387603066,10298446.20556113,65.75685870365969,52.990935066225504,37.31988124632834,35.76618125838156,male,0,381.36236028378784
2023_0545,2023,49.22090781282787,30758.970731755937,69.84225907752895,44.57425774779686,51.04011179268412,32.364114379990745,male,0,103.93336784382383
2023_0546,2023,68.59499125560947,5069.144902948119,64.02193744045846,54.905077608224296,42.850465034984076,47.6791912435015,male,0,163.2038446243875
2023_0547,2023,50.648533754110055,1095281.6109165563,56.796596772569046,49.80327445945017,42.43806490225465,28.62106533238885,male,0,9.104328866236012
2023_0548,2023,74.43362009655661,112404.52268337541,68.77965575523523,43.404586936697804,39.41751202550094,35.184516015554436,male,0,169.44018945891733
2023_0549,2023,65.01285670749404,374756.5084129341,64.61244989977679,37.720744469931816,57.652392679520375,54.949691941604684,male,0,215.6701161029802
2023_0550,2023,86.0108421650682,85518.28623890542,83.42249756474496,39.13736284638596,33.660200041752454,49.642105948193795,female,0,1.872922415462686
2023_0551,2023,78.21312844372606,398458.0087366788,72.88448550292377,29.29489526062879,37.57002788003486,41.136300402606174,female,0,27.591286048728787
2023_0552,2023,56.89307493768175,57358.788204993,59.045177135569986,41.32921109901674,28.414275197749234,45.18306672931379,female,0,19.32210930302143
2023_0553,2023,47.292601361585824,12023.710408224297,72.29060219190376,45.459987585641535,48.0745780840183,40.575294697999965,male,0,35.33945340427969
2023_0554,2023,84.94898743208626,52348.810954359295,73.0786583473098,73.15421097799234,33.37268844635969,44.3800219063096,male,1,25.46996716941107
2023_0555,2023,55.28741397169629,13417.667376022027,78.09426301945513,49.283203232788765,36.09494382691952,37.381886174403476,male,0,5.148729576142978
2023_0556,2023,85.75738086877094,56510.37747941359,59.75545787170961,35.35146019862023,35.625464312106615,39.19760680472572,male,0,24.81007944909818
2023_0557,2023,67.39685340719849,3857.8095341364865,66.88676148359524,29.60631724481194,41.4278463797845,38.89321862454567,female,0,427.84030209212125
2023_0558,2023,76.83418804183167,273474.84417608334,64.00906350907508,41.934479127954276,28.279896557561948,37.74139148144245,male,0,162.1870015401573
2023_0559,2023,64.64969087449414,69286.29311940081,65.584794230583,52.11764446827749,18.345114886316363,55.439109964164814,female,0,350.7241440199136
2023_0560,2023,65.70332511719354,82900.68553744062,56.14801050996051,41.793836633056124,45.381617414301644,52.70117392013053,female,0,7.333845476821129
2023_0561,2023,67.17372977491091,31339.733614065957,70.75911667913176,49.41984175005595,19.643287360900857,35.676367316090506,male,0,67.1883587744801
2023_0562,2023,103.56539318592446,46810.16087709883,74.17964275849496,54.18874550747812,47.74991921761357,33.05606207457429,female,1,17.46152693657999
2023_0563,2023,70.61624755674599,1073657.2054218668,77.85223616921795,51.170004347155995,56.40086277284682,43.42723356869384,male,0,5.563625699713994
2023_0564,2023,56.92666156523335,34741.345714727875,64.89974148013219,28.02741977294339,39.15611972261031,66.55287598289546,male,0,244.38625843483482
2023_0565,2023,83.72514138086417,90014.70914550837,60.88160491751865,60.041821201461005,53.8079243966721,34.72294796303452,male,0,39.79534716283462
2023_0566,2023,64.57184501013687,118708.92049826172,72.89294377944037,32.875165517762895,40.55719324037237,43.3877561029596,female,0,27.48801248500173
2023_0567,2023,87.94479876123351,399550.4803697498,62.05795618400316,63.93732329729777,55.208404002369484,45.887204137176624,female,1,65.28419694329392
2023_0568,2023,64.20494697750965,43343.122979464824,80.84984535083959,53.27816005331045,34.633259300346765,43.9135782595485,female,1,2.790581508217428
2023_0569,2023,73.84399591161338,63175.1602276309,75.82841997413703,42.84172099633099,17.12753308759447,40.41790125780511,female,0,9.999149106262607
2023_0570,2023,68.51012639661883,86393.61506724534,77.57278901134408,41.58898094029852,40.00008344149391,56.55079972198554,female,0,6.019474721807249
2023_0571,2023,68.49925656601901,13239.222164557554,68.76622984679493,46.556045850514934,57.89671156604149,49.54458622943454,female,0,170.07678303633804
2023_0572,2023,63.47175328889182,380580.7149801899,60.13503617402234,48.57524543280895,46.15503274246358,53.458053237450756,male,0,29.005921534871614
2023_0573,2023,61.747821598672175,29554.80345545378,66.09187726305363,54.58361511823068,35.64161448233618,50.893799496663306,male,0,450.33871516762093
2023_0574,2023,63.8041957316957,1850.5759388320037,68.80068895079206,58.07948882597378,44.092300704540165,53.93948321805987,male,0,167.3353696211041
2023_0575,2023,72.13160871127279,15987.597066580747,59.39858354812124,47.318215467767025,50.52095963291005,60.844058329740626,female,0,21.704074328586966
2023_0576,2023,73.89117773033351,56391.23186734735,78.33116288925216,61.13674239168304,39.94297944646615,58.310439667883344,male,0,4.885394306271069
2023_0577,2023,65.18968411625401,40541.33260839345,70.80084167568543,44.92972542822478,67.09016475427721,68.24803959595914,female,0,66.1053710509144
2023_0578,2023,76.98937494316759,91160.14162647579,56.07777044677995,54.77440362252924,35.62064625523993,57.173412814071916,female,0,7.188625606616819
2023_0579,2023,66.71025818982523,35044.56046684571,83.82873676465778,48.28719672906147,50.83513232766793,38.305532234724936,female,0,1.763851905037701
2023_0580,2023,87.45773581876344,76268.88834956104,70.97389275170177,50.507953685746344,46.826991737182816,53.473120418058286,male,1,60.34028759736195
2023_0581,2023,69.48415574907364,300117.04121586424,54.058969571500135,45.81234154379844,33.794727478772444,52.10435178984595,male,0,4.371035772929758
2023_0582,2023,53.9061358150614,11240.69052286076,56.69745877252726,49.03171877509125,36.55135292384979,64.20294905232188,female,0,8.802185122187606
2023_0583,2023,69.82718309079249,237525.55299060573,79.87783597165344,43.678018685973925,50.99116746126844,35.32841483323711,male,0,3.391424365631723
2023_0584,2023,52.07817894473629,39470.60722077379,83.24984916216822,48.12856517997556,42.24932675491845,50.57951081392937,male,0,1.9323753549109217
2023_0585,2023,57.222730400162355,1463185.9956542952,75.09485053480918,52.653629593268946,44.184097984539996,38.189296552330426,female,0,12.727309002457995
2023_0586,2023,47.31308593283376,64476.603520178396,78.19308648587136,43.76626858004107,24.42396678941938,50.12545104100135,male,0,5.034176713047719
2023_0587,2023,65.748830473285,8016.493654719286,77.16615458798611,14.56112331317519,47.366546538172635,42.85253335400281,female,0,6.586354442015068
2023_0588,2023,83.59633702309094,246423.22488437846,70.56916152764066,60.782701514933706,43.6758414092665,49.794688041908884,female,0,72.78428015869962
2023_0589,2023,91.32923338918565,81225.25224837888,73.29041787810925,53.024085697796714,38.56026067336206,30.896618139185758,male,1,23.219675473284354
2023_0590,2023,73.93585379433127,204660.19791361826,70.39863194476608,35.76719779167702,44.41252754922135,52.93226481555898,female,0,80.5396814308368
2023_0591,2023,91.02313897312389,5707.2424454928305,72.36015443143295,32.75889704347182,36.70373075168626,47.060595151861,male,0,34.08133930348103
2023_0592,2023,71.54055848120096,3781.9012380285544,57.58401993473602,40.63554097666355,34.87505593612642,46.52192881771904,female,0,11.822446851646363
2023_0593,2023,59.84787955411978,7523.148562980023,72.3195872931211,38.37252168683018,38.37872582829251,64.5022829984733,male,0,34.856861343701816
2023_0594,2023,86.22431397264162,18690.565497226737,84.58616847297017,48.62990536115309,34.553326185033846,41.175166017321764,male,1,1.6201196426420412
2023_0595,2023,92.50658208223007,78122.42656652245,67.93627571670969,49.17873730155427,61.027100906042435,48.42265424771982,male,1,249.6350371896937
2023_0596,2023,61.171053547390756,19765.48875456375,61.86752214678203,49.29742824059822,49.927825995724326,46.002706990392554,male,0,59.66526349186492
2023_0597,2023,61.91913000186568,157472.22654641446,69.76546309238665,64.30363441003101,31.10562607104327,46.98039160240732,male,0,106.56445357730007
2023_0598,2023,77.3525390925949,5017.091654753458,58.50342449591864,52.205715980149016,61.183322982631026,67.21803904642779,female,0,16.03862699565567
2023_0599,2023,77.76156280772213,6541.035112352979,51.83181383372494,55.225981847545704,36.46710531952251,45.63807092413749,female,0,2.691234472349262
2023_0600,2023,51.03107517951336,6474506.83761397,76.47719040105179,40.22589968553261,41.09484822831749,39.32720200511737,male,0,8.004468914296353
2023_0601,2023,59.3183048209978,320441.66878986807,60.49048739976567,45.04665365550578,49.78314612126251,63.70902795447221,female,0,33.531993066400936
2023_0602,2023,62.859956130866074,25345.91753212823,65.18448578720209,48.26482404230287,21.08041467558487,41.92311234561038,female,0,284.64705235148017
2023_0603,2023,73.49088946165251,8179.617553527184,58.89874958991935,37.4044210635723,38.4273712721209,28.948218527909447,male,0,18.356798567017925
2023_0604,2023,78.93075588505656,72878.91156121987,77.76754814913,39.74269929450883,35.06092815181865,37.59156293571149,female,0,5.733063327490593
2023_0605,2023,94.51967934273884,5744.506602168644,73.53176158284015,52.545519583330766,42.85285159623679,32.534125059571444,female,0,21.327557162026903
2023_0606,2023,62.84326703717338,2968.270204694794,62.592604588463,54.90292755100109,44.50419732948708,27.00034533685549,male,0,85.30644427476679
2023_0607,2023,63.34271285657971,42151.88365170251,53.20102635237248,44.67410269515258,40.02663375302316,41.36984995631865,male,0,3.529831019608083
2023_0608,2023,98.38570015637714,104324.94734739415,66.530701951418,44.04842819221274,37.962290545228335,44.29784034726568,male,1,502.07524555352444
2023_0609,2023,85.6778328104514,15434.898136966976,75.70152699949713,53.04408016782342,49.861965040080804,56.805279151289064,female,1,10.577721033852564
2023_0610,2023,66.09038138509483,25045.60982994513,66.88635704079765,29.586688654941284,43.81787416264372,51.294016120620654,female,0,428.37543685928676
2023_0611,2023,63.349618912164544,2011044.109916087,66.09098044451987,44.75202409834727,41.21466435061995,50.838343081286666,male,0,449.77614345423353
2023_0612,2023,41.28346078095821,119204.87438739458,67.11698759469812,46.554031112714185,42.28018462051599,36.067899948022806,female,0,384.7139226379316
2023_0613,2023,93.73233230151546,1328012.5726253502,77.5879623149816,53.292895789622236,57.57724886527749,53.84933261964115,male,1,6.0119550791607645
2023_0614,2023,65.6763904069721,131075.63911854336,64.58140795934956,46.41711222383205,42.5284665096109,58.91232836398735,female,0,212.19379829525536
2023_0615,2023,80.212310502569,60758.26859455712,69.50013450459502,48.16901239083839,35.650370465293285,48.9457089154616,female,0,120.7533457230292
2023_0616,2023,67.55490407536355,12339.912880487502,55.13080792254902,46.56862042907124,21.690919123003297,49.22517536297925,female,0,5.769007180824422
2023_0617,2023,54.95252521685828,1235.4167885253642,90.53850776975325,31.984697077030702,26.446286885910112,32.35307700300021,female,0,1.1388283833246218
2023_0618,2023,64.91901127020476,48215.23811883968,62.161406806837455,41.46735674487305,36.12507079025159,55.54435807605328,female,0,68.20378078206295
2023_0619,2023,71.58917156863372,680917.4788902118,72.03593007883977,60.09842978266268,38.11514779201899,62.80830548761419,male,1,39.20287163075726
2023_0620,2023,80.39082164800358,11077.045623251002,75.66465524786211,71.78711771306,33.63822918930151,48.22952399046837,male,1,10.697392284111054
2023_0621,2023,73.85505968152998,9636.270191005953,60.892094875994594,41.280742497613026,44.31495121022855,39.056427216325154,female,0,40.09493431405953
2023_0622,2023,65.02659560046337,165115.7073343194,65.07824794249463,49.5084020044811,35.10923447447183,43.38005144012157,male,0,263.4200746609041
2023_0623,2023,76.72508239498066,5394.035070687574,64.95675274656774,52.78151911923823,31.645962405944342,40.795792849874125,female,0,250.8863380208446
2023_0624,2023,72.83107749121952,12627.344341169144,60.85961907426623,54.0337230162744,45.33256479192771,41.39550346839705,female,1,39.399376842554844
2023_0625,2023,65.07538602676247,305272.420242022,69.38589425539638,55.4840774748734,54.507638913748906,51.47983063694059,male,0,127.7403898460288
2023_0626,2023,62.744875016122144,11870.727554753243,48.50778161741269,56.02173831430896,29.717252346557053,47.794641116703424,male,0,1.6549155825409978
2023_0627,2023,77.05848582613206,248860.26846721233,82.52708442416615,57.8038473406119,43.239595795715196,55.039366059713686,male,0,2.0907022200518557
2023_0628,2023,74.22762768166622,105767.56621771528,72.92970884978394,48.584321689855315,21.730903371880277,48.70902544778221,female,0,26.910054768934238
2023_0629,2023,73.92252150088298,846188.9720387312,71.39122357653376,67.60137249657537,26.039873311421132,36.35912026021817,female,0,50.52660352273381
2023_0630,2023,82.91410038084102,105124.0890863877,47.63357887566758,37.84716887235659,34.906454061948494,39.993079761506095,male,0,1.5049354395925099
2023_0631,2023,88.81912890713434,5810.600492903703,62.0747132670698,77.2407758617894,50.56045342809571,39.37158927212143,male,1,66.02279096040995
2023_0632,2023,105.8508083530072,2283768.3316871496,83.89345120805054,63.682994886584325,31.4051526426482,43.13529923381548,male,1,1.7550546569602985
2023_0633,2023,82.05793849120263,5992.85924336937,111.51241397039601,69.40387333026719,31.030834247596854,62.94713691414588,male,1,1.0
2023_0634,2023,56.69122250234306,37423.51608221811,76.94692465057031,40.79962245458289,41.16123369176344,64.54899591647629,female,0,6.915394407465256
2023_0635,2023,75.02746571498339,132720.6604199767,75.36943410250952,52.444747029637625,41.17120694761,53.36601200446586,male,0,11.53054959883885
2023_0636,2023,52.45259261591198,27773.21472121387,70.24974228114188,58.26974163664363,32.94083395772575,46.18763796833618,male,0,86.92102953975237
2023_0637,2023,73.22765628418958,15592.874710972248,56.5250280428983,33.12641356276128,60.68207788830501,31.38347780495605,female,0,8.258558032856762
2023_0638,2023,68.51313193721326,98957.92780261903,74.95174083200331,42.36673718184581,38.143712635115115,47.20008305730084,female,0,13.23017228050329
2023_0639,2023,78.21852728654872,8168.133670375853,53.98792662903071,22.587473117688123,41.93698567400498,37.09992703562946,male,0,4.295208074441438
2023_0640,2023,66.90556035045111,4074.812921347827,52.89414834860146,42.21667023150843,36.778186827518475,61.3052189656592,female,0,3.3201169227365472
2023_0641,2023,68.06048946295527,34357.96528325054,52.2647067456151,35.83991806539914,45.2041153371333,28.938943102095106,male,0,2.8791640741922344
2023_0642,2023,72.59264992924906,1666250.3740300003,74.75722646501593,41.82232312033265,53.161925172638206,48.84484333330117,male,0,14.013203607733615
2023_0643,2023,60.873504499402216,98004.15884766796,64.42585945072499,73.2364335760466,57.45327360651527,36.25760622349631,female,0,198.59150971152906
2023_0644,2023,60.43793692509779,11261.296924664974,66.0085809990438,61.17803506797198,33.169720590608556,44.904848145165275,male,0,431.60033087160116
2023_0645,2023,72.24429439843419,454879.15980225295,64.84596062949315,29.605524632993678,51.81895971477513,51.660681903110564,male,0,238.05458592494472
2023_0646,2023,92.20712190869362,4986.700238045418,58.74283458801775,61.55738301599405,44.702305003705696,55.21968688782097,female,1,17.725424121461643
2023_0647,2023,63.426860826957196,1058328.7615897837,58.29269093982596,51.989310870592384,50.55511146069537,44.39309799068419,male,0,14.805518753287723
2023_0648,2023,66.67215900302332,82013.56731449257,58.795737937465475,40.6210291329541,39.880288480345094,52.61216550181529,female,0,18.038349151533573
2023_0649,2023,108.44559507838329,4349.349203231194,55.947285527746395,57.783076031585495,37.327721859445376,38.37529901387897,male,1,6.95005796618366
2023_0650,2023,88.06981593260107,145852.34431712131,64.95789904699649,58.75982207414998,48.56650360359708,47.4553838477322,female,1,251.51433853946128
2023_0651,2023,87.77980386717985,65771.72441519173,59.186935436037615,42.5338862713814,48.756471985623435,55.02207414437865,female,1,20.262056518263662
2023_0652,2023,75.42555775337505,57715.74681384965,75.77675628866993,45.68670645913852,54.87286284425748,48.320994781399875,male,1,10.21390472194962
2023_0653,2023,92.07647061842886,61504.51085020057,76.60971063966824,57.7229671844099,41.1874610300594,39.70656303626694,female,1,7.67140668902043
2023_0654,2023,74.06883511240392,45543.06422798358,52.0636087736011,44.99402527981767,39.72978457737608,42.20957632436568,female,0,2.801065834699079
2023_0655,2023,100.86198115680868,35726.44663628521,67.03368235752,48.91437284582731,15.0,55.15656062547939,female,1,398.4173205334556
2023_0656,2023,93.58217601630533,666417.5704872129,88.56059881316703,48.05623860146155,23.071282014666707,34.08155383071843,male,1,1.2244600851219147
2023_0657,2023,77.05833573080884,26541.944231754424,55.19237102321707,43.10220750328794,36.853541432114234,35.55684865992547,male,0,5.856194559116769
2023_0658,2023,99.81230401880242,198956.2322846312,74.26637817795066,64.86150952983273,28.17840009822539,51.01588759811736,female,1,16.776850672139872
2023_0659,2023,103.62950229692262,397660.5055894307,71.05521934002884,55.2351422905313,47.3494469599868,40.608564054582025,female,1,58.48381211722395
2023_0660,2023,77.34302655477562,465092.5057144949,75.92887557840908,60.22730830635649,27.68669017459467,30.469418036503107,female,0,9.655232534974177
2023_0661,2023,108.19978196107252,75458.10038535079,72.95466841357407,49.04179452337439,34.181943673213624,58.50818667041911,male,1,26.609013186724894
2023_0662,2023,65.80306833433751,63499.44537333474,60.6870452207625,45.93109801454826,36.17511480368373,34.003997121200925,female,0,36.50685313180307
2023_0663,2023,54.22941957638491,34486.03360336779,65.66764121472885,40.45704570895994,52.859478264828454,43.00569986680362,male,0,365.0374678653289
2023_0664,2023,74.1371874368542,10202.266970608356,65.81369943953736,49.8796094641311,34.71153012231336,38.80479356312902,female,0,391.50567074988817
2023_0665,2023,75.30553189322777,142456.49694319261,64.08304817717176,36.18412117774804,45.32864530166036,42.02316514459779,male,0,167.12633108538114
2023_0666,2023,108.1999539338114,107016.13448082126,56.808885446759824,75.27397753993756,41.1590183365024,36.1538054234866,male,1,9.138534194390322
2023_0667,2023,105.31290356169706,26898.010933707174,82.43088607597892,39.09387596923994,48.24191773932727,52.14279237693462,female,1,2.117000016612675
2023_0668,2023,86.95472455864565,3371.7223917441465,75.66433587864324,61.15480239680246,49.310652671685965,46.10823524306912,male,0,10.710772385287225
2023_0669,2023,98.69853980326533,5168.577813281862,59.55810973130143,56.899884691088324,38.865264470175866,54.83653595210892,female,1,22.959917999623077
2023_0670,2023,69.78810591938628,42531.100156317254,61.99274367816247,49.52424581746913,23.820091928802125,38.90831788458278,male,0,62.80282144920165
2023_0671,2023,78.65016878674254,48751.31288753187,67.74914330645784,69.34524903091958,36.88027372467725,66.33021769949211,female,1,273.48588178514063
2023_0672,2023,70.5809653451408,77062.73151961835,53.434811995004175,52.576614951660694,40.60024399823315,25.953512144960555,female,0,3.6692966676192444
2023_0673,2023,61.97496643128682,16188.918519793402,46.33203732237733,36.69973112206939,43.6629524238593,29.148650920777058,female,0,1.3566250030062241
2023_0674,2023,69.6151001343247,258121.176832559,58.29407348087664,50.00089555262602,33.417072996339684,62.530848477164284,female,0,14.824037223361874
2023_0675,2023,68.04513186309656,41791.62325480647,61.43597659748808,62.67473972634617,52.220420195270215,49.740416674463845,male,0,49.09464668315089
2023_0676,2023,72.21733588850135,38012.82608927361,50.58766666635981,35.127082878391775,40.93633037733307,48.41386083056075,male,0,2.1624676496228004
2023_0677,2023,66.52669290461489,78773.38220870742,66.76977764085478,65.18428511193977,31.58582154840062,49.31275307318011,female,0,456.0032788732281
2023_0678,2023,76.85020190732585,86631.71729235408,76.6285630331634,47.85702485968564,36.21313933419578,50.71207270150449,male,0,7.623609917712736
2023_0679,2023,40.26845687124942,215691.31811747866,73.42116146165267,39.66772228079743,60.104711966207965,47.9976772043395,male,0,22.225716069921024
2023_0680,2023,69.39993575157844,4095.857573156407,63.73314346841281,35.06710615391746,47.45042270839444,35.340955083748945,female,0,142.06007052291102
2023_0681,2023,79.52489779152562,101762.83213022177,46.59588303478803,41.767129255917254,51.29505012119968,53.18190905072791,female,0,1.394449899184919
2023_0682,2023,86.20048508456215,65303.57663177723,72.15702340659048,24.447216689295047,30.373714433168722,51.60678211538232,male,0,37.197814144639906
2023_0683,2023,74.81961338385062,555657.9080636492,66.46392169064558,39.84755530941212,33.90481478124015,59.284311467398304,female,0,515.4292249268514
2023_0684,2023,84.3488302258254,34276.0449415543,69.2435110921802,41.370727561443886,33.978962718128734,62.642410769011654,male,0,136.48981548364716
2023_0685,2023,69.18935995758743,98424.56246408318,84.36102800302514,33.255863508875805,42.645781313262106,48.304760796432625,female,0,1.6590580474209164
2023_0686,2023,67.52862575927062,411868.91566964175,56.75188370469347,51.478451949043595,39.05824167083355,32.72450982367817,female,0,8.991233076690312
2023_0687,2023,72.79415643227752,441484.1024115435,36.25184066877957,41.81233712210613,35.90016094331722,62.72522931202136,male,0,1.026597565786388
2023_0688,2023,92.46805717108936,45725.6050342616,59.46545422190243,49.64205455385572,35.555663379040425,34.81850064997059,male,1,22.281349873374207
2023_0689,2023,59.67642531982639,4667.0540561909,69.8604506826782,40.74666064931456,32.85170778138255,48.37964193672381,male,0,103.28581002093077
2023_0690,2023,87.347597558681,58850.91860527638,70.26925901748041,59.55107473315847,37.39980873811689,42.43266073579145,female,1,86.05615084513838
2023_0691,2023,81.37847093923843,59890.57128925671,57.84363870401318,56.73221210466994,50.34328799417582,40.69374649815207,male,1,12.88739884198809
2023_0692,2023,72.78377094865245,510386.80955068395,50.8028261682357,36.99024911912422,25.65347509098696,52.64300121531518,male,0,2.225540928492468
2023_0693,2023,67.61391812500477,75148.17333899735,61.45390984182605,45.25653474040444,44.26825913068865,47.44459599267966,male,0,49.40244910553017
2023_0694,2023,63.897138832419024,46412.65350853357,52.539053301181944,43.49324042433743,54.614727875745025,50.13241491268131,male,0,3.080216848918031
2023_0695,2023,61.833162431627095,271820.42703087605,70.20633418254525,32.60535776851187,38.96629714335867,36.8431370983663,male,0,89.45627871989883
2023_0696,2023,72.55056346199626,207865.2797782781,60.88573111373731,41.11495306492739,35.50595094824958,43.259250346253395,male,0,39.894959994900105
2023_0697,2023,75.3044818061007,168144.54284511675,58.72882115668288,49.79338270420888,50.05155717436539,37.304650201593,male,0,17.527130592567875
2023_0698,2023,81.19486003494818,1292.4762387340647,62.41723597076994,61.721382598965086,29.34793901254288,43.00928412022535,male,1,77.38167535144046
2023_0699,2023,79.62315330224382,10983.543239105256,72.63122726580595,53.70035667596606,38.97285778531331,43.81237775132591,female,1,30.799547551953754
2023_0700,2023,77.04509955621015,29274.090243583738,65.42609223760036,50.76772794785977,30.39116055513887,63.44304173204796,male,0,322.9508033460734
2023_0701,2023,53.748667615114044,27627.038464989957,67.01957269862594,34.20044503015379,22.080289290056957,42.406114855312595,male,0,401.9187685834023
2023_0702,2023,72.97486833822484,1613784.5808374512,66.80129443805812,34.51012161806674,39.2786375094041,23.74401675469354,female,0,448.0926414553818
2023_0703,2023,83.66909198754013,583475.7784117848,64.27804463403294,41.4874503670632,28.15341541669749,58.95091537320786,female,0,183.7819499027762
2023_0704,2023,108.69234803393134,24414.27822480018,59.6686941654191,70.97566136087136,39.08317816157503,49.49259374026023,female,1,23.956747093829737
2023_0705,2023,74.87872590632092,3852.974155419533,57.69619873268738,45.63251626538206,51.961446540050865,43.689895654466106,male,0,12.289558507157125
2023_0706,2023,74.5880951532212,597142.4065292092,61.05325094861063,41.24634190334228,59.36109662086302,40.62784633138905,female,0,43.325873631365745
2023_0707,2023,90.01907450196455,5312.102614428164,85.65195238088322,59.44138001206647,41.73622813227151,35.53074343943114,female,0,1.4549914146182013
2023_0708,2023,44.156043371062296,20790.59914333003,51.51163679583188,41.13061564796462,51.00235047807575,64.38048097086492,male,0,2.5440314300984355
2023_0709,2023,62.85664323919365,35972.26673095533,60.810234966831096,66.34733237285994,44.7936161275674,45.51844888660037,female,0,38.47466604903212
2023_0710,2023,75.98491849076602,5122.622058652126,65.98267060110489,38.887168763792545,36.96503272511066,27.622488565185254,male,0,424.1130300447642
2023_0711,2023,64.12712992158043,55405.85633271174,61.966672467275075,33.88271270748699,21.532988697151744,48.277400332852416,female,0,62.02267227161257
2023_0712,2023,79.89778308607035,133384.99127571445,75.73969541437738,42.336380251481245,57.08118819409201,57.06171702034841,female,0,10.368268123991243
2023_0713,2023,92.10645939689807,51719.70545909328,66.91502069497133,53.50915739162983,28.698487085295966,46.56434668353497,female,1,423.0540717191003
2023_0714,2023,68.81743860337598,69217.81177746375,62.65458600849391,35.92280023650717,54.641536823291865,35.98406527804686,male,0,87.57538803836776
2023_0715,2023,64.75325335754063,202711.91724747015,73.14628513616317,70.01974078158437,46.17344436891513,35.08925713975343,male,0,24.62469989552169
2023_0716,2023,62.274890411919394,272952.11121411884,83.10711662918376,47.1862656780525,31.030112019673933,35.82681072280765,female,0,1.951796050097105
2023_0717,2023,62.02890036852348,66.14495739283511,79.07498373948329,48.64249573671584,43.92310360180772,60.21657997046951,female,0,4.10107854962516
2023_0718,2023,95.21166296836776,153950.4256130042,68.63346115890856,51.381207328630786,60.550439723466155,44.28335944763175,male,1,181.4989738554604
2023_0719,2023,59.75435034177133,37897.947765139455,64.50485788267596,38.2233061525487,56.171882334446344,28.212755853213697,male,0,204.89548093016413
2023_0720,2023,77.03204883491287,546407.2510519288,65.46719244784204,54.255583557177005,35.66774230809416,48.84133925844464,male,0,331.1263418562405
2023_0721,2023,74.03225924602823,46600.46031889317,66.46999408462585,27.24158227410239,33.67307261057133,46.41036785573552,female,0,514.7853409070443
2023_0722,2023,78.4941644096984,13937.458594782454,56.526518856521854,32.57135527209631,41.803082453533875,40.51104533116669,male,0,8.268887685085467
2023_0723,2023,81.21075644007001,51244.38435663864,79.36593798855439,53.52691494392445,37.54320757301194,34.79593243911189,male,1,3.7621853549999105
2023_0724,2023,50.50523453213556,2351477.5923983846,67.06609127722787,57.510473056343116,52.80937123028372,34.361051002271246,female,0,391.99535882961413
2023_0725,2023,67.45814244368236,100239.9556646588,64.55143811184686,40.25483027030526,48.20328725558226,55.86633815466338,male,0,207.73225189959192
2023_0726,2023,96.48800613559521,363769.2628723319,52.288546234409274,48.16151557274196,23.86066156870049,47.475128558050976,male,0,2.915379499976997
2023_0727,2023,80.16208778094571,18773.564682009743,65.62286208490613,44.27728679388092,45.39133930679335,49.786436646617844,male,0,355.57990787334967
2023_0728,2023,61.95553691493287,31471.997747760444,46.067876967791946,56.96258412936808,39.007299481717645,47.4475880958012,male,0,1.336427488025472
2023_0729,2023,71.7451213443134,68029.27429861337,59.18350655967768,28.152769817870787,41.171452441640945,48.276887049118216,female,0,20.236744770753823
2023_0730,2023,74.77586907443684,358046.9639655383,59.369022935208015,51.35963203722777,43.291919572749194,40.31605336571759,male,0,21.461271817318583
2023_0731,2023,53.81611759267139,25288.462674440478,67.86995193087618,42.011010702574026,52.79927734281878,42.94170645519223,female,0,256.9162098440231
2023_0732,2023,106.19625869034604,45295.426718462164,88.79850024945296,65.24884193919408,48.98770756509567,56.64911805425043,male,1,1.2062302494209807
2023_0733,2023,65.82575873179059,396.8044580967165,70.71907465665437,35.80717893899685,33.29507516572017,59.14590167819112,female,0,68.3745035485581
2023_0734,2023,66.5931915539214,18473.259639858818,79.48402072635614,44.24393069862838,40.21329420342641,32.7790801224025,female,0,3.646435080326096
2023_0735,2023,67.73784659433856,1275847.6191400394,71.45212173103577,42.97493289087316,36.31030085749931,42.91741166892217,male,0,48.972063359443126
2023_0736,2023,78.94540139307895,101656.11896314776,76.25053489687616,33.975645286795874,23.964721851244953,53.39285358993665,female,0,8.617112053976564
2023_0737,2023,59.94817841798592,1352763.0427871498,83.57127352943107,31.195869870530363,39.70520121891308,63.820797322157304,male,0,1.8404313987816374
2023_0738,2023,50.43029995215548,240467.68720365711,57.68163167697745,38.195886381368574,59.26599181986655,62.8195958133075,female,0,12.274206156241501
2023_0739,2023,70.72955292900045,470630.404583338,57.028955658684964,45.29931128995,23.66244562856503,37.04242185053501,female,0,9.936849313997962
2023_0740,2023,47.06341913826871,16247.819306424024,71.68810900477321,36.43087775695507,40.55914144546272,57.75046118205826,female,0,44.81307726221775
2023_0741,2023,64.4889640486446,15794465.465654694,64.96321545937754,40.699264369721824,40.238057164449145,45.58636302107016,female,0,251.8289280401113
2023_0742,2023,79.36874289858818,42615.33854616106,67.20353832806961,25.14202645516429,43.68023207236084,55.44416638875738,female,0,367.3260965541814
2023_0743,2023,98.29093903508738,104624.8892328101,67.5133310789264,52.2935007951627,29.56312317648676,52.88278680821286,female,1,311.4534846154803
2023_0744,2023,102.92356065725276,262858.04494290164,64.03741282975282,66.23586646625007,24.934642986092467,32.360359574352366,male,1,164.0219072999017
2023_0745,2023,73.70351365202829,134515.03239865004,81.20764668775026,51.05180325970083,27.00023745548579,50.49973956627176,female,0,2.6084338923693124
2023_0746,2023,116.60334488783408,5800.0666297193075,59.001388861800855,55.13078062972856,52.522646920898104,55.05696591169289,female,1,19.082086206380264
2023_0747,2023,61.61760372343185,62368.49868163091,71.86392259241545,46.43652725014163,30.96331339663781,44.79844744972168,female,0,42.52108200006278
2023_0748,2023,71.48131677008324,1042165.853679142,70.2422828573045,35.717396044058425,35.79938246155174,42.53683572693379,female,0,87.35672301344098
2023_0749,2023,88.1187952878735,988626.2240473124,54.20986702429756,72.244386832914,60.267372312115874,29.283360882269115,female,1,4.492907309970618
2023_0750,2023,77.06801269914871,118407.79136598301,56.69219670006406,64.67762506513905,33.45010087566767,51.83617516550934,female,0,8.780207143302606
2023_0751,2023,66.88425123949504,45974.329284965956,58.37309439050132,45.64823630705974,44.227419975488765,47.08748367813911,male,0,15.237355323559234
2023_0752,2023,84.68844879444045,70462.71359242956,70.64584113316592,69.90685836061493,51.44875488302132,35.77816085289914,male,0,70.63317959255339
2023_0753,2023,62.19184044598023,19747.390442233576,61.32964894069449,37.19817628464658,50.967359071662216,41.741600031236,male,0,46.993063231579285
2023_0754,2023,81.57126525716984,14694.516788835928,64.14410193389195,31.48920759931047,27.470920665992754,46.54503249127773,male,0,173.29580675888516
2023_0755,2023,73.43139530543971,236494.09613882436,50.42352643015272,36.90376245905882,33.659341998508,39.413642109473294,male,0,2.103810028158896
2023_0756,2023,67.1753893091302,17350.167375827263,88.25911716715314,41.80509734925009,43.82666340228237,45.02677127509891,female,0,1.2460767305873808
2023_0757,2023,72.92442337859924,84032.60804687464,65.71195618739497,67.12066551202963,60.10946474840675,27.50067352796551,female,0,372.87751958644446
2023_0758,2023,70.11264387529192,1802272.9875268023,69.99000897296943,41.188408725940405,33.17727830700163,58.49421696851955,male,0,97.63636341468617
2023_0759,2023,71.0595468025181,97905.61262283915,59.593745114347776,35.403441871959785,35.858934029048115,45.15909284966285,female,0,23.19066901175808
2023_0760,2023,90.4312892690561,119962.61261253098,63.47372672932149,47.01541140422563,43.39993995822406,34.00646493509689,female,1,126.46935173011477
2023_0761,2023,60.48411492445009,88782.0443263362,84.12684654953532,55.4002211204328,47.00277885575725,20.402911516123172,male,0,1.7053152653396966
2023_0762,2023,64.14928880037469,797385.6301596025,45.83278392993371,53.97301748309036,47.609342583070394,55.29134941033392,female,0,1.313243458912488
2023_0763,2023,50.66855022051777,93300.5474820429,67.78647068430777,39.145218136463896,32.32797779300365,50.58091552723642,female,0,267.06711664138214
2023_0764,2023,75.91948332532625,11919.631325885579,52.88496108892107,25.242158839228445,35.4741981492866,47.106857134690514,male,0,3.30768979969502
2023_0765,2023,55.14836027824521,65290.638558829174,60.94998845602995,32.71406455290715,42.957167010017706,53.63648001264604,female,0,41.31600685249107
2023_0766,2023,65.323529447643,18583.03225770145,58.61905532325979,61.21243837499543,53.435736239409096,53.608983962967116,female,0,16.79783484785756
2023_0767,2023,73.98045041481033,63235.37672038706,55.14022316580752,50.888078845494704,38.41277433799454,46.944380700535326,female,0,5.805176386734821
2023_0768,2023,75.89396717099912,13826.69208835273,65.35441729706328,44.65461375558305,40.57675798016096,42.45785782742183,female,0,309.51297075920724
2023_0769,2023,74.75348063162761,87785.94648995581,44.319708526939344,74.68833173151059,28.930456344234514,40.82858401384742,male,1,1.2229304662264913
2023_0770,2023,66.58151924774923,28367.615487980413,61.845115180813025,63.583262728115166,59.45090058724134,49.209420239051994,male,0,59.2935185082212
2023_0771,2023,72.09744699448822,144980.55440788952,64.09710024650025,43.64060398038701,42.344172100888514,58.970313748793494,female,0,169.01711804488718
2023_0772,2023,68.02016109262327,51586.538019560525,51.40723453593987,43.82428239468333,51.58832534336298,43.97096828684029,female,0,2.490541109699831
2023_0773,2023,80.94074957673544,14966.050549334905,80.13218721449384,38.17953317887923,41.09927105275668,59.76477405916722,female,0,3.21394771727381
2023_0774,2023,59.28193100085398,36440.950656293084,59.05541625202685,41.15396712514865,41.65352332308655,48.73152473452412,male,0,19.394703241471348
2023_0775,2023,72.00958869809803,94222.69340629688,67.62515757535164,41.13675024199879,24.181908002570875,48.806909685166616,female,1,294.78609746691103
2023_0776,2023,100.6032601676852,19012.627735270304,64.07780836085297,41.0961362381594,17.67087368437741,69.05109467323973,female,1,166.91755368458436
2023_0777,2023,87.12913880381512,5506.877471743805,69.18433879569415,38.773411310940986,51.731571170477956,61.526782162184325,male,1,139.770249560003
2023_0778,2023,49.91459402414002,295927.50122831884,78.0814409350605,54.84337006919445,41.58136272476682,61.78609244388215,male,0,5.168073559353309
2023_0779,2023,65.91487609433526,20289.27514995181,89.73015803923475,28.38597777087437,42.86634551109604,37.02386341633142,male,0,1.1603828572297918
2023_0780,2023,79.80557975931701,72348.56383553975,72.45639203700658,63.49962298706155,28.296971940473888,66.92182502156291,male,0,32.704085207726145
2023_0781,2023,79.86747382187302,30694.034753588854,80.8799376697177,48.69622108800595,30.16032758028583,44.17783205880043,male,1,2.7697304361653012
2023_0782,2023,90.85995953947267,17629.276710562564,82.16427481477082,61.373499067825364,51.43364303136119,42.72508820246494,male,0,2.195149162940952
2023_0783,2023,59.12118405463338,360956.45242363407,67.48871076766457,40.34945657134526,58.218839146122775,23.40751586586761,male,0,316.1605012532648
2023_0784,2023,68.3701085412575,4633060.492864403,80.7025087361187,28.33813229079523,34.58104712213675,48.26290824553823,female,0,2.8433985236517687
2023_0785,2023,55.30867582152391,15362.03320382059,72.92401132390403,56.83778898065469,47.521547716514185,34.1664604189736,female,0,27.146550909886354
2023_0786,2023,92.91610348696014,116148.13048533647,71.43987359311572,70.01865627633225,41.10214957614287,49.08253828546991,female,1,49.217536848560265
2023_0787,2023,66.16252178241324,51655.77193240287,68.50341034451468,34.93948999732989,39.593505309821964,33.38434866762308,male,0,194.17309431654002
2023_0788,2023,52.60506097668913,587634.0652732818,46.785830366321754,40.6834773340255,59.33810979198498,62.976998377948036,male,0,1.4084643536622288
2023_0789,2023,95.75826968950909,72986.80500359322,67.9211926044615,34.94204063439021,36.26345152331225,50.515739628767285,male,0,252.1439110235128
2023_0790,2023,62.54662830981305,8604.808210517902,49.56252479553704,42.79473305542281,53.219533496545026,67.79871575749577,female,0,1.9083710027315117
2023_0791,2023,62.555374426939714,561331.3297027224,48.74730848388892,45.078291474408545,44.61804740359091,34.769759685074874,male,0,1.7031849529806309
2023_0792,2023,77.19035879353655,3278308.828971248,66.92878689025225,40.48616940884571,40.63093788312816,60.49179244707975,female,0,419.3684964978588
2023_0793,2023,85.64254883348468,97103.19054999194,53.85921404799946,25.81108604609147,54.533891902061114,26.972875829671732,female,0,4.152663767425956
2023_0794,2023,78.76436868004303,9690.179333892696,64.92886248696622,38.19120684909978,43.704246329214506,47.08075476474294,male,0,248.0796837497542
2023_0795,2023,80.48819876973414,512301.2461583758,71.38434519349865,63.03518763554042,38.234760425578074,38.68376880058049,male,1,50.653078058838624
2023_0796,2023,69.63909009494662,35672.212355501346,66.83049600817135,41.91100457404084,54.608216151550145,40.52043464749643,male,0,445.30079605120596
2023_0797,2023,48.686275176150055,18238.09207389186,55.95878592957899,40.72559372438294,53.30511516025663,39.83503582091171,female,0,6.984895276713203
2023_0798,2023,76.51705081322356,113490.85594228179,73.98682382481199,34.69223454969235,52.831652844750295,35.85283814648671,female,0,18.333866904084378
2023_0799,2023,51.14811861469538,1342377.3474777944,64.1076476353392,37.89948630802383,15.0,32.403116933493074,female,0,169.6521221260625
2023_0800,2023,59.46798676390763,220180.74713709025,69.41075680171161,58.089481065819605,45.20616802364149,40.5757319306853,female,0,126.6275372651397
2023_0801,2023,67.46798495968689,198755.14254454256,53.03560386053003,32.602227431978925,42.923293102630396,46.16028397286871,male,0,3.408423951007533
2023_0802,2023,71.95006561141012,8124.964147803912,63.21672443204013,51.2082309668523,40.45101882660428,56.636943566260186,female,0,111.74840941840121
2023_0803,2023,64.89065376604681,246465.968856216,75.9729448327012,44.47055220903525,46.903894136066505,47.95350396621054,female,0,9.475883575769208
2023_0804,2023,82.69083676732882,148247.24608679308,74.70177631808701,46.44810663121402,43.40817429377032,56.665402012943865,female,0,14.26059301462768
2023_0805,2023,74.7323958219228,69303.47231365611,57.02707317075606,36.67643718985382,47.584852247445085,30.218231280429,male,0,9.924436012285348
2023_0806,2023,73.94724754064208,64400.21143419509,59.54441809425155,40.48222633952083,38.11770230437252,40.67030594291258,male,0,22.816866015240333
2023_0807,2023,55.205990980153366,2143.224218766006,55.11313269936181,43.94279819828043,55.796788108066686,52.11004919136425,female,0,5.725901475421306
2023_0808,2023,84.49367897545403,4940.097308450312,58.435870817391184,38.79333035390804,48.59723135964599,48.43190755791358,female,0,15.603574146991766
2023_0809,2023,59.469348557214886,107781.59031989018,51.00932459293471,47.31432104036549,46.23069117105355,36.38824885340822,male,0,2.3221651389058247
2023_0810,2023,109.87542432987094,698764.9357397164,68.61824127591527,60.57439016123071,44.14198938940571,54.34068892165902,male,1,182.8653336036267
2023_0811,2023,87.72195056925571,128363.15376111055,71.33138398182844,65.7270662361992,52.38438588801057,39.687268180475186,female,0,51.676338112107025
2023_0812,2023,97.62656532363775,80668.28171674226,62.149471361989214,58.781900293623714,49.42709474722425,37.22636438606279,female,1,67.77883648638034
2023_0813,2023,77.8201309767942,13938.012518073372,64.09393717338823,24.877573444811624,39.671151744001655,49.86947760496808,male,0,167.54466961837613
2023_0814,2023,61.670802369431314,123011.5554390476,67.79501592368644,67.6301908083868,49.1130069120412,45.06169365334236,male,1,265.7351138401827
2023_0815,2023,65.54997584509623,522.6628904492951,75.55118731598219,41.961293583638074,42.54226292282086,39.7708766497139,female,0,10.995652858427931
2023_0816,2023,78.5216563991954,475885.51613026223,58.88408163195579,64.11925362936854,59.98843718291828,39.43131474752895,female,0,18.28808948244362
2023_0817,2023,76.74510268314084,65464.19192800723,59.247838923491486,58.70924452505308,51.78825538858012,34.30203200193302,female,0,20.568278287671536
2023_0818,2023,55.302766619001225,36353.48845883861,56.539788717076384,38.94732616288434,34.537650721197444,41.04251753941135,female,0,8.362437904868566
2023_0819,2023,89.56277960132127,221637.37045609145,58.62490479921512,63.21902783871175,62.53041400139716,56.000094354874356,female,1,16.818845270195606
2023_0820,2023,42.13634494798853,31999.099906663934,70.2918499144697,38.06044852252112,19.758581241741805,47.44550462988164,female,0,85.41314400354753
2023_0821,2023,71.62992840172754,234300.51861715838,63.648892036695216,44.02690826414694,47.179920954097106,54.585940807773454,female,0,137.34554820960216
2023_0822,2023,48.66671598773176,45951.86474845649,65.54809859823303,50.75984814353954,33.830564232252684,50.16068537674701,female,0,346.36737873128544
2023_0823,2023,78.80477842787572,843062.4262091509,77.74641156195396,55.1300020604651,59.640624739666926,38.877537930281804,female,0,5.79792444965634
2023_0824,2023,79.32724860717408,55624.93162932021,78.32080725927871,52.9520582888624,43.33058871360582,28.508587252157568,female,0,4.903748928326623
2023_0825,2023,87.75633185593502,23041.84208561974,53.537656921651966,56.749896319128275,31.25410739447792,35.73145635296205,male,1,3.7905078216509134
2023_0826,2023,72.71275930454088,84200.0132256792,71.47834673095568,68.83423900081216,38.132387930681965,38.287641889024805,female,0,48.6061467866277
2023_0827,2023,65.32901275939491,85393.49440778831,67.25646925711189,40.34979593472911,33.653546098757424,37.5141712970834,male,0,358.7048838993827
2023_0828,2023,69.91908395014866,543531.9714353157,60.38409000854063,27.927993683007024,37.73917244451351,54.8101992685972,male,0,32.17693849010357
2023_0829,2023,81.0274057675685,22504.036646233737,73.27683687027942,41.85300704790675,35.91023736494606,54.70588466849702,male,1,23.30691272392299
2023_0830,2023,73.7249262323991,303112.2960901535,47.73616764779214,58.74007730122343,33.28092975430244,67.11879640276645,female,0,1.5181614038984828
2023_0831,2023,51.088147697755836,47042.31026617891,79.626423427764,43.23347080153196,43.50333875394206,37.362788288076146,female,0,3.5653064111340234
2023_0832,2023,74.20069837670619,118896.97040335315,75.14944097071907,57.59057498054092,43.11615387570139,60.97448306064415,male,1,12.50651864526556
2023_0833,2023,66.28071683333008,234075.06179100982,56.34802255167341,38.57476120075663,30.826973023327565,60.9126720566413,female,0,7.845969810318449
2023_0834,2023,65.3875672038872,10373.688625459361,59.14589778180476,39.4729752070081,24.20072968192958,42.67736241961136,female,0,19.960393797053595
2023_0835,2023,70.2230173055175,30721.917751987334,47.9685352445256,36.129041390507055,43.91267408601721,49.735553969402346,female,0,1.552707218511336
2023_0836,2023,61.00492509763671,37850.976330744255,61.86042750163746,48.71150813330089,46.12452471670653,57.407332491412106,male,0,59.44193775124387
2023_0837,2023,111.35691665785589,7611.831241187646,65.17268022759417,55.026200824628994,46.50946978723195,44.410753773377394,male,1,280.0589173104004
2023_0838,2023,94.10604989379442,22649.7805395203,56.74889612876241,60.35005377803401,44.71725555975722,43.63608222785357,female,1,8.935213114698747
2023_0839,2023,69.82881778516226,9929.191527729705,72.76702233709779,47.39438385317483,56.542894925127264,38.72662578882548,male,0,28.825199868771517
2023_0840,2023,94.47233877407045,318103.99810588843,82.76797189694476,51.741212663671035,49.18064954818195,21.399614813369702,male,1,2.0339912586467506
2023_0841,2023,77.52909868948078,76845.59999525457,64.72639509955522,29.412693746972124,67.62508024611991,45.70471616488479,female,0,227.0113463152779
2023_0842,2023,98.26017414484464,30795.421866222052,66.94353117153632,40.542004040006425,70.23747844029778,37.90130672546574,female,1,416.7556171481758
2023_0843,2023,71.92017899708279,893675.6432363614,69.34984602131794,74.26651591695067,23.201393097676416,34.24651376383172,female,0,130.8105378002408
2023_0844,2023,74.85984104865591,13670.211440474981,64.80361037504957,58.7817344442331,18.806642301329184,49.22191650144315,male,0,233.92487106947016
2023_0845,2023,49.25385362952809,26963.25356063362,54.178207837688134,57.40182566891214,40.72601310855438,30.486877591789018,male,0,4.459336552847826
2023_0846,2023,49.63152349414223,356575.0423032277,58.47322013412739,37.253931930131046,45.84736662310202,53.06079891280618,male,0,15.898901201272645
2023_0847,2023,66.73941254698556,5726.296668680562,62.03563993251969,44.0950973376312,40.040391059852716,49.83599315260521,male,0,64.23190179690184
2023_0848,2023,65.52326117318098,320891.8513420329,67.48186594476697,35.846372076168294,47.84284026503818,40.99806788302748,female,0,317.7452623607157
2023_0849,2023,73.29809844048208,21933.516603380915,65.09336717876468,30.879179048341094,38.09487682526226,44.36689747155541,male,0,266.06749042457017
2023_0850,2023,67.70016902183505,20070.26773386994,67.10369379987115,38.11226479624299,33.853552858224624,33.09778905845758,male,0,385.6769106780205
2023_0851,2023,73.31864934454211,23560.961868344697,49.751720167160784,57.261849634295785,35.36566249289104,52.50338603365376,male,0,1.944490521336831
2023_0852,2023,55.04404730438714,16648.753872273785,71.65217744084929,52.4074536692397,38.796314625667314,46.87364241051265,female,0,45.37675638294725
2023_0853,2023,67.39255429591306,30028.708899114492,65.03415884008513,34.29951998377978,49.2435585640421,47.618499545895446,female,0,258.8503252845979
2023_0854,2023,79.08943262042216,71987.85779800972,95.52709054150154,52.85183949842525,34.32772562637504,50.0189037967313,female,1,1.0395105735193653
2023_0855,2023,71.368579343714,25687.042815083405,61.12365629823587,51.49123171936581,37.90742328380378,38.57584586108276,female,0,44.14589746136523
2023_0856,2023,73.7171495763668,286034.3737395033,73.23458495109372,50.290286048126625,44.90787060888398,29.80941725079066,male,1,23.748039981966286
2023_0857,2023,95.9831009854088,17522.43981321255,98.29219162208501,56.795862448327306,37.21004806057265,54.57318374912631,male,1,1.0125784515406344
2023_0858,2023,52.810006191028876,37743.55630673107,66.94091629503178,48.018474470648115,51.97827261196035,51.88718413612408,male,0,417.27688739564223
2023_0859,2023,63.664722067782044,3156.4699692737427,64.32369460723983,47.90930551844131,31.595742615327033,39.64641196729065,female,0,187.26036974322327
2023_0860,2023,76.44927691449249,115656.89709684755,55.13078105249349,46.54145427690286,29.424998797780475,49.0911019913004,female,0,5.761800427007906
2023_0861,2023,94.77379988598418,58167.02596607929,85.28266367208985,49.4630282621749,42.249336630523615,57.5797343871795,female,1,1.499302500056767
2023_0862,2023,51.04339776275699,157727.7661705228,53.4089841382343,38.49025412481185,44.84692750727061,56.3870080308394,male,0,3.6509959741412716
2023_0863,2023,85.77606155305976,8469.078514079294,74.27120916848122,44.66350148479375,30.54175546422504,39.354411635680044,male,1,16.73496092945545
2023_0864,2023,77.48621474523198,5718.46898012878,65.26444678691618,40.38663406497728,52.64938996728753,30.112389545657486,female,1,295.5239846852849
2023_0865,2023,50.55241500394806,194352.92608554728,63.10663737421978,42.85251258309771,60.06861746579996,31.827848604032464,male,0,106.03296114776286
2023_0866,2023,68.67663176133975,29791.854933474177,50.76067731389942,52.162596145871916,34.51517932946443,41.88273987044889,male,0,2.20615239390969
2023_0867,2023,73.10298343560103,706825.8329288999,78.43127221733894,30.19717605846053,55.687879734039214,59.623171332871586,female,0,4.758821245137854
2023_0868,2023,71.9060592071569,146381.13374744932,62.22202694081724,46.729732441242575,16.954856958272767,37.71554587858632,female,0,70.1930989048025
2023_0869,2023,98.52626814879751,8704.299030217771,57.84910341106966,63.84631213383395,49.97188378984743,39.036721469906446,female,1,12.919657645796361
2023_0870,2023,67.38089149114181,6994.685847756002,77.52690597040092,25.632662311786543,32.21379466100454,38.83088901881682,female,0,6.0572142520004455
2023_0871,2023,64.76609781250032,139431.88236245784,59.95863186962696,41.294188998637814,50.570487546541116,39.68269203711333,male,0,27.01115692237639
2023_0872,2023,56.76930672937686,168383.145999633,68.34607291730721,60.462102004583734,31.177627380573774,44.88773155913373,female,0,206.95471474830322
2023_0873,2023,88.09920328249501,127186.3368800435,78.41416382134366,61.51941017757373,38.514439778385785,32.19949825448244,male,1,4.764773491072954
2023_0874,2023,54.28651614673829,117848.17130489078,69.7403433057432,25.295428509377118,32.690742878616184,55.843599563269514,male,0,107.90486939257634
2023_0875,2023,84.04834472873081,524300.5937803449,48.033644495009646,62.58339462411611,37.05905421520137,43.55178921990353,male,1,1.5643963019204281
2023_0876,2023,68.38926870438041,375410.29648125113,71.95356700977787,36.52263205771671,59.11753952959375,69.79134574725335,male,0,40.90490571548828
2023_0877,2023,66.32193912459077,43697.5104986079,63.99386237334872,50.913069300927596,39.7195426561,33.26429001449985,female,0,160.7740559286073
2023_0878,2023,123.14728037894776,161571.3497915223,66.70971303196667,49.09918233399226,60.32411925549762,60.89866171824908,male,1,468.1318560818675
2023_0879,2023,54.042044024949924,60941.10542762948,63.90925051024778,43.46967555588035,36.9380162634607,58.91345397986487,female,0,154.47001502589086
2023_0880,2023,66.24901279168218,7527.2642983249825,48.89967206058918,38.6245723143705,55.732564685106084,40.88315991154351,male,0,1.7310878051349474
2023_0881,2023,53.26267888796276,552891.8292043823,66.92170914661803,44.03157722738506,24.52681700880684,41.049393864881324,male,0,420.41822935844317
2023_0882,2023,63.62214124030049,7887.332520447708,51.3560862629069,38.32719826088988,37.9320443556643,35.78702183870104,female,0,2.4534617832375645
2023_0883,2023,64.02906817884815,212747.94841518748,62.14160290443369,41.76461758445522,35.433539046893166,35.90178574760445,female,0,67.52514182434615
2023_0884,2023,75.94880026233139,6864.123469790172,66.5626443153821,32.24394991689323,56.19243306397939,44.99394050225142,male,0,495.2189559401861
2023_0885,2023,63.00333460782079,15017.747994685804,75.74037087987614,48.90659595413992,42.6543403482211,45.20695984246361,male,0,10.35531588567169
2023_0886,2023,65.58680399943842,210485.78764838201,56.80386840140285,45.75285208643925,19.89828747182857,28.976447330588353,male,0,9.127118163153323
2023_0887,2023,63.1968203752778,22416.690010918977,79.51587371845989,27.834678258958487,27.68560215621714,67.93505323325863,female,0,3.623715932366942
2023_0888,2023,53.48948255942791,39630.56294571007,74.46853253515147,53.92916660201927,30.663250883712198,42.40483142836938,male,0,15.467638459136856
2023_0889,2023,60.97897628206893,68463.56487536585,60.70590257509464,42.23712040345504,50.1498434440628,45.656122772171884,male,0,36.91987411650328
2023_0890,2023,88.68063284916182,2387528.6716144225,58.91250733597397,57.6176239623591,47.25812491139932,38.73762566586558,female,1,18.402747976265047
2023_0891,2023,68.23825883406384,9242.723241724843,50.56183817769579,51.645616720291855,37.79300167605919,42.32990460908166,male,0,2.159766253784915
2023_0892,2023,73.08947287224825,13206.941141358733,67.7175385153314,47.28242242359984,35.30941696588809,41.42121888755791,male,0,279.01066307559927
2023_0893,2023,65.1540349028897,55586.96138599253,57.62715850459186,55.65203158460899,47.97104629090902,44.9706957417474,male,0,11.941264417849103
2023_0894,2023,89.97823736018653,14049.761136559973,81.99356805281715,53.06704477794589,27.893473844756077,44.85410089571886,female,1,2.2704998375324057
2023_0895,2023,75.29186841512947,25325.342937820762,63.204761701717295,66.34429386227039,43.78126646928303,53.0486634854107,female,1,110.9134314291785
2023_0896,2023,97.8973451725635,4263.3930146346775,60.99329019948028,57.22924617807321,42.928905148671035,47.272199370987764,male,1,42.04540055264598
2023_0897,2023,85.5410211284996,10015.776782257344,72.33626351244314,61.07633424506692,36.45135817340169,52.04283020399503,male,1,34.295014714228856
2023_0898,2023,74.97123238229776,99791.18635531653,58.13953142840577,48.03629172797904,44.78075643010761,44.90189178194566,female,0,14.136357150305782
2023_0899,2023,105.66439947854195,145076.09743386845,70.08549993368803,68.40730325309526,40.22196447427759,47.31252555105891,male,1,94.04280020758722
2023_0900,2023,65.62084973306995,28954.08460180448,74.85989330058521,51.214123735592935,45.77916914251296,42.586943173167285,female,0,13.565095686343188
2023_0901,2023,82.26688719234107,33363.35618053845,71.17229331668725,51.570545196901534,25.845635892114263,55.031117343376486,male,1,55.56202698321999
2023_0902,2023,92.33301386913702,2376.7319673105985,71.20964460702724,49.58732956000152,45.351164825092305,48.22622429515925,female,1,54.257975747417426
2023_0903,2023,95.98701998018639,256463.67154739346,72.05146708908418,55.502458524051676,49.47627930831775,43.419251454870995,female,1,38.90994992299988
2023_0904,2023,64.3447999875328,180277.5655628042,48.06901009714607,36.39898558920753,44.012723719850094,43.120898654486794,male,0,1.5722378710161742
2023_0905,2023,86.85961590620676,594347.1331912839,73.9183774993049,45.47807798673653,45.21817066842492,43.90760658753003,female,1,18.845044724531654
2023_0906,2023,73.13532210697414,154329.04757227347,66.59931576725896,22.719475307019586,39.69970763272828,45.30443923677032,male,0,484.2009468521093
2023_0907,2023,72.47578274694195,8782.859047832173,73.9289732698342,28.507372421712898,49.72223898829306,44.436388987810794,female,0,18.79799095444011
2023_0908,2023,64.03710359672843,458794.61515390803,71.05810801137119,63.854063611115244,41.453123751078344,39.4115834478864,female,0,58.337785196637334
2023_0909,2023,50.9593383473931,78615.09179141141,62.98051368394486,37.43499750370223,29.309107762629345,52.64900555268261,male,0,101.24061395392987
2023_0910,2023,72.06378185379452,714367.1384687058,75.3239289151069,63.03460299821145,49.010363710381434,53.2807599254817,male,0,11.7194517026012
2023_0911,2023,59.82672806558624,42848.59895522708,62.07369302387279,48.0315460115558,24.442196062447195,62.83856837900747,male,0,65.8579401324037
2023_0912,2023,69.6434107537031,7474.554044610801,67.47157104077705,43.50241978363895,43.630625240326715,38.96370289355239,male,0,320.1373107973417
2023_0913,2023,69.01157231679036,43193.625027187336,61.88850569520644,28.993948831787662,36.953929271029736,51.664387251521056,female,0,60.03933915745058
2023_0914,2023,48.61052572957335,89526.21408145632,69.61757804923212,44.04668895576049,36.31426124545583,25.908626837173177,female,0,115.0078055031094
2023_0915,2023,68.31081684411573,42454.17086842097,61.23510217362238,62.9218376696823,42.52160738676131,53.29043065021887,female,0,45.433512793792566
2023_0916,2023,72.64532525374456,39850.63368283625,81.47551608941568,59.57636744016739,33.70002520991188,30.434178849928152,male,0,2.496775251904888
2023_0917,2023,73.87152415310487,189881.2422516713,85.17362737225639,46.74238652697579,45.9271822014196,35.156688964277144,female,0,1.512478959875519
2023_0918,2023,93.67365751096312,1426418.2712230561,78.73938254186005,44.51331634094984,39.76853429254624,48.32225329015819,female,1,4.448202135286832
2023_0919,2023,47.7281395605041,45809.3167001654,80.41296649414028,34.428346547508475,34.620887546363896,38.78500964577688,male,0,3.034358394435676
2023_0920,2023,80.27081062186637,733803.8669436069,49.60785519140953,35.4740815660754,54.195177496163645,37.4164648999709,female,0,1.9179367521901796
2023_0921,2023,71.6102266754258,92221.67619387619,50.78622256725006,56.78154927362701,42.849873929097974,40.15183977501654,male,0,2.219984025194579
2023_0922,2023,55.46680670629522,102193.6028705956,61.78439433368787,60.31720436108759,47.11431734357905,52.29625991918525,female,0,57.39745704544619
2023_0923,2023,59.622369598417265,13694.647709629033,65.41230965258877,45.95892834967586,54.98005318223916,35.671096035822565,female,0,319.3379671162746
2023_0924,2023,69.81224209294521,48240.33579938805,63.017925819003345,40.96919564476846,54.81578714330166,44.45845135777464,female,0,102.89921355476893
2023_0925,2023,74.29784193298255,21407.048577280948,48.57864750367047,59.487104966609834,46.60365239310044,41.21343715460664,female,0,1.667374110490571
2023_0926,2023,62.62037143652298,33231.52941947778,76.51591706323647,34.21426459135045,37.77039140789186,53.19890771329014,male,0,7.895160682983584
2023_0927,2023,75.75525407379075,3026.889205091421,86.54198233356936,44.518233276003656,26.488665086752512,53.47921754082843,female,0,1.3600208085019607
2023_0928,2023,49.57233170899822,47966.67882271767,77.80987679172623,48.6296599954613,42.86897391180226,26.647182025638873,male,0,5.668927803804981
2023_0929,2023,82.07540988906213,30608.75266200198,80.85523268786471,47.37199392823601,50.15678900133204,55.45109418764315,male,1,2.7870954605658507
2023_0930,2023,46.856359901579175,39707.33575792958,67.26119605145603,37.640857786086926,44.34669134212678,38.892440935411884,female,0,356.0246606707791
2023_0931,2023,58.52594857130307,12846.588503167448,56.57002629272863,36.86262420812397,15.0,47.362921985966736,male,0,8.446481803043477
2023_0932,2023,82.58077184544095,2239.647258952113,65.72528052635968,58.16726855988086,49.50932216981293,35.61091259616703,male,0,375.6846144307644
2023_0933,2023,88.07802234585402,74236.72638921285,86.05588036841503,63.14367277057088,50.124306539305174,48.71134602709783,female,0,1.411989919667659
2023_0934,2023,69.84590468230442,4768.463999620381,61.48011887492944,45.14792530236561,37.7847658407996,70.51348953621103,male,0,50.08642433429067
2023_0935,2023,61.11570792731445,7815.187670071789,60.45042752176058,41.31781412957213,50.693500369287754,46.27165561285033,female,0,33.03276672839867
2023_0936,2023,65.28360099149056,30468.42365148602,76.07303659103914,38.001589250067035,47.0859337980777,40.40152282353643,male,0,9.149964504588866
2023_0937,2023,72.23339890833022,60559.589985481456,76.73686050745596,44.01746313450329,33.93807700925689,42.67838765324459,female,0,7.343018515622
2023_0938,2023,51.870191483609176,13135.600972907916,56.520981942251964,38.4977824856321,53.52572417333902,30.309700427619802,male,0,8.24824128462666
2023_0939,2023,61.77500824018795,4710.15709477249,62.385153867625775,43.029697576447795,28.112555999707798,59.48963286164458,male,0,76.03927628360185
2023_0940,2023,81.8489307445025,42298.13821561205,59.98094504098565,48.132328230039235,40.226980842900254,48.128831075966104,male,0,27.28262356258295
2023_0941,2023,82.04289930671638,582461.9920349662,70.6968937906109,51.946870572096316,37.62840684915143,34.511020937021534,male,1,69.14805980885963
2023_0942,2023,60.00975100738457,66134.50596228876,76.03686670951492,42.10411937385903,32.5373640965903,34.83681709871247,female,0,9.241923176674188
2023_0943,2023,67.6319365598144,44834.62861093053,56.959724788719086,42.145455149276955,43.840976615166134,45.15282379148826,male,0,9.703629589458101
2023_0944,2023,70.33142259504709,12147.704436230253,75.89664812236937,40.824365652738614,53.9167926847263,54.31995393338487,female,0,9.801152688155035
2023_0945,2023,61.24995953800528,84372.13303766637,66.01651248921308,39.58552122983789,53.28989613733249,33.49010091263029,female,0,434.84950251632824
2023_0946,2023,68.26964383251955,3766.875224919049,88.26192136314278,51.62196602936806,48.04387878956657,56.13409341867171,female,0,1.2445201077660952
2023_0947,2023,73.5793953373944,237971.48703800116,68.18830884370874,26.292639710235576,23.82381570612824,44.08366448043097,male,0,225.03366202182477
2023_0948,2023,87.11451823763647,1571096.2116913544,64.03081430370734,59.74279859001263,27.427117468220032,35.69756614992903,male,0,163.61236467323877
2023_0949,2023,66.2375562056522,255926.65851572706,70.74714727115992,45.355294632029974,42.463352888785266,40.32309573427022,female,0,67.44078812910874
2023_0950,2023,92.08702684659437,455.23035986943836,66.6285376211279,62.100175759865145,38.857307238753755,62.4855387712971,male,1,481.78598455476157
2023_0951,2023,82.7745234597951,60400.84248671954,47.04726876648174,51.250777831488755,35.81422092674186,31.117866634546626,male,0,1.431538872114312
2023_0952,2023,87.00834141701905,282917.654848429,67.59478825728903,48.91940839969429,58.272285206522874,37.681070440538534,female,1,300.36548004860265
2023_0953,2023,54.25646967237819,249642.1451533123,62.43706390930775,34.85641443820759,41.85966013324312,54.5258358463492,female,0,78.55114961109935
2023_0954,2023,70.00248975658963,377.92346769427576,49.07682539450188,33.677307153461726,46.22955153932009,47.16457043453635,male,0,1.770478767282449
2023_0955,2023,78.26175025087915,72305.07343242805,64.26964810205507,41.529319701714115,50.68881774829394,37.08759181741948,male,0,183.09405819371815
2023_0956,2023,71.11047135199685,484918.17959503044,44.32889775390603,50.99204691551029,41.35013408122132,54.64793236364823,female,0,1.2275250649631777
2023_0957,2023,91.52984342452754,100723.90511567098,66.5231316484452,50.16237974779176,65.13653230080281,55.12295733169181,male,1,503.9615623578313
2023_0958,2023,53.01606626865161,829046.041259548,67.43595992044672,50.079316401783046,31.386873252618607,48.31390668518081,female,0,327.8315797047412
2023_0959,2023,66.91630754731626,128600.39361836736,65.96996177138233,20.320787811388012,34.73322338515983,38.87603412416486,male,0,422.5255845027748
2023_0960,2023,79.83154926316337,178192.55624044733,60.88930527113182,40.1443279802475,31.362314559992104,40.41695380165642,female,0,40.044846957286715
2023_0961,2023,80.15882918460778,34910.12751178071,69.14469598051929,67.67137367611562,54.842209447137314,47.84676065298399,female,1,142.5937958969891
2023_0962,2023,65.05252826196728,1196758.5869295518,57.15935562522169,42.29028710967064,48.82887960092865,31.880709387866204,female,0,10.472470951010806
2023_0963,2023,88.6251526784164,91436.80650789174,70.10816519422535,47.70856363833833,33.75303935368689,58.277848811331125,male,1,92.6426853181995
2023_0964,2023,85.52295429362255,310948.58871719294,70.58086406591771,49.43156777862403,30.55259748670265,62.00209088675838,female,1,72.33079701870139
2023_0965,2023,69.97923004519006,1433.5677796632235,55.997500220984904,13.71977436931786,54.66275391103206,42.64045150159729,female,0,7.090458450364199
2023_0966,2023,96.93305241256007,517274.01752485393,72.67699200509098,45.881980295880794,42.82049403054199,48.56104492430807,female,1,30.189675648873393
2023_0967,2023,96.82826904793437,25082.753820438404,72.61452655080454,66.57241372512583,53.318283865849544,56.85802042849326,male,1,30.915262685545414
2023_0968,2023,57.731902363848754,6251.765622959498,63.33790086418929,38.17397233103768,40.19790499867661,64.55560838567689,female,0,118.36226927506513
2023_0969,2023,51.040163056663175,30118.955960456933,89.21047036286818,39.35455637998774,45.92046857756033,60.569813354906984,female,0,1.191246216612358
2023_0970,2023,70.12388436530729,40454.70267550503,63.59297613315692,20.68187812963592,43.80527882899246,27.644624866412073,female,0,133.78713605695484
2023_0971,2023,62.44080958517348,44715.31122808745,62.20765754626982,27.691622068874377,34.55264554291557,41.84446311672481,male,0,69.49466590103864
2023_0972,2023,85.88312379686786,11659.64142007993,60.77606890792267,55.900491785997524,39.35711697032181,50.00688251483219,female,0,37.8072166095485
2023_0973,2023,86.34509696014946,7914.758917952028,55.290607769236004,50.17294080661561,28.945123523573567,40.05782703098068,female,0,5.981970328110791
2023_0974,2023,87.4068979439604,57084.624598042144,71.85897359843403,31.025609685605687,45.7460093055097,62.827667450403645,male,0,42.78767098534005
2023_0975,2023,58.098890989652865,6103.457646553513,58.1375303198055,37.6942760842678,48.42009995093206,61.29375172802633,male,0,14.065851774878952
2023_0976,2023,73.19369086742094,237375.53094686946,59.32051853002247,43.70827657001217,50.711513613054244,36.8406985874127,male,0,21.062621991982052
2023_0977,2023,76.20952517251484,170513.22227428877,59.61758440461402,32.03872267843244,47.47211438064176,43.375999800942765,female,0,23.453037091431014
2023_0978,2023,75.08354233544402,97517.51057434683,55.150564841514885,23.95856116486399,39.51661653360472,37.50445863810363,male,0,5.819707484004967
2023_0979,2023,63.95602055806141,34202.266627398334,47.48916667455277,42.407896125605646,56.33522615722062,43.048715558938305,male,0,1.4806778652810393
2023_0980,2023,80.29164902965326,2219.446266648947,60.370601328408064,49.72608562173241,49.732007962172744,42.745676506666165,male,0,32.05650093232425
2023_0981,2023,67.50474986366523,14050.18017635706,73.73335312712291,49.91857319729954,54.69934847958762,54.54257914746859,male,0,19.985359889857122
2023_0982,2023,68.7810612493544,3173.7481131418012,66.96979805465244,52.75237385542146,55.3273799117482,36.11535336266165,male,0,413.12491299342565
2023_0983,2023,77.12166548222856,20397.07015002615,85.60575270188126,40.46442738220176,37.94274745037802,18.832503950442362,male,1,1.4604578756314117
2023_0984,2023,73.9476496957299,279738.77687224693,72.50956304989184,44.57901909826939,44.6826733635013,28.954569177651802,female,0,32.09659661306934
2023_0985,2023,64.89588286427589,8035.025434348561,70.23964810274045,41.315486357708785,48.55339748680975,34.7169838729327,male,0,87.46598719309301
2023_0986,2023,72.14778862100525,539020.9182273827,83.82649022652716,43.12779314502807,29.297090706780402,38.44308411002928,male,0,1.768267051433735
2023_0987,2023,69.85113699804619,31734.020776788,64.02854404996789,41.88218366365863,29.518998544488213,46.871744006152134,male,0,163.40797698631457
2023_0988,2023,69.30936576663771,4744.052246817845,65.63075673504952,37.39551819392484,27.793890423589275,34.202060944711405,female,0,359.6027679966046
2023_0989,2023,67.04286427533316,4972.402520074495,64.88535578339862,13.82209545784395,39.7179181139159,32.88899409740068,female,0,241.65232026409655
2023_0990,2023,75.36599734660454,67638.3649021449,80.4378673118355,55.618290205706735,37.4634962372919,35.7055258234789,male,0,3.007923579459297
2023_0991,2023,65.51107463114934,65385.935948852566,65.0251531645909,47.29990165475089,26.42893701076466,33.84345998840219,male,0,258.2040077049845
2023_0992,2023,52.94802580547017,31073.212618326063,58.517226259228956,29.157102124634925,42.29507585926376,39.45506255704355,female,0,16.159368914340945
2023_0993,2023,73.18955606373935,3726.2769106537594,70.87675537962852,48.731316529927554,39.84285464366691,39.02712604104934,male,0,63.27561336353943
2023_0994,2023,59.40994475088361,95524.08514028891,56.83740188942972,39.5269519299853,52.6342241024707,51.89056816973811,female,0,9.207330865882252
2023_0995,2023,79.2573815731786,36653.895892346394,75.33471512613926,51.8102768358227,59.34992058211591,35.10470614930377,female,1,11.646433548879468
2023_0996,2023,57.27756665857402,9085.049051320537,69.13840934141835,36.31585398510967,45.369067907546466,41.42403371670229,male,0,143.3085502733439
2023_0997,2023,95.3333237935692,8340.412471495263,68.10597332193504,61.36930472652265,32.226728481123985,39.54977320083231,male,1,231.59727971212456
2023_0998,2023,66.5348119690515,25300.051002311426,70.65811572086827,36.00176428483801,47.27371101724415,53.08884976037567,female,0,70.36880118840745
2023_0999,2023,46.173169703271526,10085.940466811559,50.12210069691648,33.031653139094,40.893122262437934,43.45720723982296,female,0,2.0365353374380435
2023_1000,2023,63.6634405694733,170076.98420549472,66.62962121324986,55.317448106059956,38.3963462096472,55.50696723399194,female,0,481.18412831258587
